sigma0re,sigma0im,beta0re,beta0im,mu0re,mu0im,beta1re,beta1im,sigma1re,sigma1im,mu1re,mu1im,alpha0,alpha1,b_star,corresponding_negative_eigenvalues
0.2,0.3,1,1.1,1.0,0.5000000000000031,1,1.1,0.2,0.3,-0.5,0.7000000000000024,0.0,0.0,"[0.27 0.28 0.29 0.3  0.31 0.32 0.33 0.34 0.35 0.36 0.37 0.38 0.39 0.4
 0.41 0.42 0.43 0.44 0.45 0.46 0.47 0.48 0.49 0.5  0.51 0.52]","[-0.00170333 -0.03175458 -0.04490823 -0.04344708 -0.0418956  -0.04026788
 -0.03857557 -0.03682834 -0.03503423 -0.03319998 -0.03133124 -0.02943279
 -0.02750865 -0.02556225 -0.02359653 -0.02161399 -0.01961677 -0.01760672
 -0.01558545 -0.01355432 -0.01151453 -0.00946712 -0.00741301 -0.00535296
 -0.00328768 -0.00121777]"
