sigma0re,sigma0im,beta0re,beta0im,mu0re,mu0im,beta1re,beta1im,sigma1re,sigma1im,mu1re,mu1im,alpha0,alpha1,b_star,corresponding_negative_eigenvalues
0.2,0.3,1,1.1,1.0,0.7000000000000033,1,1.1,0.2,0.3,-0.5,1.2000000000000028,0.0,0.0,[0.31 0.32 0.33 0.34 0.35 0.36 0.37 0.38 0.39 0.4  0.41 0.42 0.43],"[-0.04108038 -0.03765398 -0.03423493 -0.03082336 -0.02741929 -0.02402263
 -0.02063322 -0.01725087 -0.01387532 -0.01050632 -0.00714357 -0.00378678
 -0.00043566]"
