sigma0re,sigma0im,beta0re,beta0im,mu0re,mu0im,beta1re,beta1im,sigma1re,sigma1im,mu1re,mu1im,alpha0,alpha1,b_star,corresponding_negative_eigenvalues
0.2,0.3,1,1.1,1.0,0.5000000000000031,1,1.1,0.2,0.3,-0.5,0.6000000000000023,0.0,0.0,"[0.23 0.24 0.25 0.26 0.27 0.28 0.29 0.3  0.31 0.32 0.33 0.34 0.35 0.36
 0.37 0.38 0.39 0.4  0.41 0.42 0.43 0.44 0.45 0.46 0.47 0.48 0.49 0.5
 0.51 0.52 0.53 0.54 0.55 0.56 0.57 0.58 0.59 0.6  0.61 0.62]","[-0.0020339  -0.01596522 -0.05059328 -0.0505354  -0.05025819 -0.04979243
 -0.04916501 -0.04839907 -0.04751436 -0.04652768 -0.04545325 -0.04430315
 -0.04308762 -0.04181537 -0.04049382 -0.0391293  -0.03772724 -0.03629231
 -0.03482851 -0.03333933 -0.03182777 -0.03029645 -0.02874763 -0.02718331
 -0.02560524 -0.02401493 -0.02241372 -0.02080281 -0.01918324 -0.01755593
 -0.01592169 -0.01428126 -0.01263528 -0.01098431 -0.00932888 -0.00766943
 -0.00600638 -0.00434008 -0.00267086 -0.00099901]"
