sigma0re,sigma0im,beta0re,beta0im,mu0re,mu0im,beta1re,beta1im,sigma1re,sigma1im,mu1re,mu1im,alpha0,alpha1,b_star,corresponding_negative_eigenvalues
0.2,0.3,1,1.1,1.0,-0.699999999999998,1,1.1,0.2,0.3,-0.5,-1.7999999999999998,0.1,0.1,"[0.01 0.02 0.03 0.04 0.05 0.06 0.07 0.08 0.09 0.1  0.11 0.12 0.13 0.14
 0.15 0.16 0.17 0.18 0.19 0.2  0.21 0.22 0.23 0.24 0.25 0.26 0.27 0.28
 0.29 0.3  0.31 0.32 0.33 0.34]","[-0.00055401 -0.00223296 -0.00509035 -0.00922568 -0.01480438 -0.02209845
 -0.03157291 -0.04408164 -0.0611989  -0.08182571 -0.09129173 -0.09208191
 -0.09004515 -0.08686817 -0.08313598 -0.07910275 -0.07489629 -0.07058742
 -0.06621816 -0.06181465 -0.05739371 -0.05296648 -0.04854041 -0.04412053
 -0.03971026 -0.03531189 -0.03092693 -0.02655631 -0.02220059 -0.01786003
 -0.0135347  -0.00922451 -0.00492926 -0.00064869]"
