sigma0re,sigma0im,beta0re,beta0im,mu0re,mu0im,beta1re,beta1im,sigma1re,sigma1im,mu1re,mu1im,alpha0,alpha1,b_star,corresponding_negative_eigenvalues
0.2,0.3,1,1.1,1.0,-1.2999999999999985,1,1.1,0.2,0.3,-0.5,-1.7999999999999998,0.1,0.1,"[0.15 0.16 0.17 0.18 0.19 0.2  0.21 0.22 0.23 0.24 0.25 0.26 0.27 0.28
 0.29 0.3  0.31 0.32 0.33 0.34 0.35 0.36 0.37 0.38 0.39 0.4  0.41 0.42
 0.43 0.44 0.45 0.46 0.47 0.48 0.49 0.5  0.51 0.52 0.53 0.54 0.55 0.56
 0.57 0.58 0.59]","[-0.00244458 -0.01050034 -0.01960295 -0.02982579 -0.04126666 -0.05405655
 -0.06837364 -0.08446709 -0.10270008 -0.11096426 -0.10751206 -0.10408218
 -0.10067446 -0.0972887  -0.0939247  -0.09058223 -0.08726107 -0.08396096
 -0.08068164 -0.07742287 -0.07418437 -0.07096588 -0.06776713 -0.06458787
 -0.06142782 -0.05828673 -0.05516434 -0.0520604  -0.04897465 -0.04590686
 -0.04285679 -0.03982421 -0.03680887 -0.03381057 -0.03082909 -0.02786421
 -0.02491572 -0.02198343 -0.01906713 -0.01616664 -0.01328177 -0.01041233
 -0.00755815 -0.00471904 -0.00189485]"
