sigma0re,sigma0im,beta0re,beta0im,mu0re,mu0im,beta1re,beta1im,sigma1re,sigma1im,mu1re,mu1im,alpha0,alpha1,b_star,corresponding_negative_eigenvalues
0.2,0.3,1,1.1,1.0,-0.09999999999999742,1,1.1,0.2,0.3,-0.5,-1.4999999999999996,0.0,0.0,[0.01 0.02 0.03 0.04 0.05 0.06 0.07 0.08 0.09 0.1 ],"[-8.20994960e-05 -3.19061981e-04 -6.82689099e-04 -1.12556654e-03
 -1.58121016e-03 -1.96579199e-03 -2.18270852e-03 -2.13081604e-03
 -1.71580365e-03 -8.62254077e-04]"
