sigma0re,sigma0im,beta0re,beta0im,mu0re,mu0im,beta1re,beta1im,sigma1re,sigma1im,mu1re,mu1im,alpha0,alpha1,b_star,corresponding_negative_eigenvalues
0.2,0.3,1,1.1,1.0,-1.2999999999999985,1,1.1,0.2,0.3,-0.5,-2.0,0.1,0.1,"[0.14 0.15 0.16 0.17 0.18 0.19 0.2  0.21 0.22 0.23 0.24 0.25 0.26 0.27
 0.28 0.29 0.3  0.31 0.32 0.33 0.34 0.35 0.36 0.37 0.38 0.39 0.4  0.41
 0.42 0.43 0.44 0.45 0.46 0.47 0.48 0.49 0.5  0.51 0.52 0.53]","[-0.00078853 -0.00886387 -0.01804011 -0.02838951 -0.04000974 -0.05303263
 -0.06763836 -0.08407941 -0.1027239  -0.10585212 -0.10205479 -0.09828323
 -0.0945371  -0.09081603 -0.08711964 -0.08344752 -0.07979926 -0.07617444
 -0.07257264 -0.06899343 -0.0654364  -0.06190112 -0.05838719 -0.05489419
 -0.05142173 -0.04796942 -0.04453687 -0.04112372 -0.03772961 -0.03435417
 -0.03099708 -0.02765798 -0.02433657 -0.02103253 -0.01774555 -0.01447535
 -0.01122162 -0.0079841  -0.00476251 -0.00155659]"
