sigma0re,sigma0im,beta0re,beta0im,mu0re,mu0im,beta1re,beta1im,sigma1re,sigma1im,mu1re,mu1im,alpha0,alpha1,b_star,corresponding_negative_eigenvalues
0.2,0.3,1,1.1,1.0,-1.1999999999999984,1,1.1,0.2,0.3,-0.5,-1.4999999999999996,0.0,0.0,"[0.14 0.15 0.16 0.17 0.18 0.19 0.2  0.21 0.22 0.23 0.24 0.25 0.26 0.27
 0.28 0.29 0.3  0.31 0.32 0.33 0.34 0.35 0.36 0.37 0.38 0.39 0.4  0.41
 0.42 0.43 0.44 0.45 0.46 0.47 0.48 0.49 0.5  0.51 0.52 0.53 0.54 0.55
 0.56 0.57 0.58 0.59]","[-0.00366624 -0.01082769 -0.01890219 -0.02794099 -0.03801333 -0.04921175
 -0.06166028 -0.07552769 -0.09104991 -0.10857061 -0.10994917 -0.10656952
 -0.10321583 -0.09988714 -0.09658245 -0.0933008  -0.09004126 -0.0868029
 -0.08358482 -0.08038616 -0.07720606 -0.07404371 -0.07089832 -0.06776915
 -0.06465545 -0.06155654 -0.05847173 -0.05540039 -0.05234189 -0.04929565
 -0.0462611  -0.0432377  -0.04022492 -0.03722228 -0.0342293  -0.03124553
 -0.02827053 -0.02530389 -0.02234522 -0.01939413 -0.01645027 -0.01351328
 -0.01058285 -0.00765865 -0.00474038 -0.00182776]"
