sigma0re,sigma0im,beta0re,beta0im,mu0re,mu0im,beta1re,beta1im,sigma1re,sigma1im,mu1re,mu1im,alpha0,alpha1,b_star,corresponding_negative_eigenvalues
0.2,0.3,1,1.1,1.0,2.2000000000000046,1,1.1,0.2,0.3,-0.5,0.30000000000000204,0.0,0.0,"[0.01 0.02 0.03 0.04 0.05 0.06 0.07 0.08 0.09 0.1  0.11 0.12 0.13 0.14
 0.15 0.16 0.17 0.18 0.19 0.2  0.21 0.22 0.23 0.24 0.25 0.26 0.27 0.28
 0.29 0.3  0.31 0.32 0.33 0.34 0.35 0.36 0.37 0.38 0.39 0.4 ]","[-0.00036503 -0.00146477 -0.00331327 -0.00593448 -0.00936282 -0.01364335
 -0.01883008 -0.02497847 -0.03212091 -0.04019738 -0.04888659 -0.05733933
 -0.06422904 -0.0686517  -0.07074218 -0.07113018 -0.07038512 -0.06889436
 -0.06690388 -0.06457    -0.06199431 -0.05924468 -0.05636771 -0.05339612
 -0.05035346 -0.04725691 -0.04411926 -0.04095012 -0.03775681 -0.03454497
 -0.03131894 -0.02808211 -0.02483715 -0.02158613 -0.0183307  -0.01507212
 -0.01181143 -0.0085494  -0.00528665 -0.00202365]"
