sigma0re,sigma0im,beta0re,beta0im,mu0re,mu0im,beta1re,beta1im,sigma1re,sigma1im,mu1re,mu1im,alpha0,alpha1,b_star,corresponding_negative_eigenvalues
0.2,0.3,1,1.1,1.0,-2.2999999999999994,1,1.1,0.2,0.3,-0.5,-1.7999999999999998,0.0,0.0,"[0.17 0.18 0.19 0.2  0.21 0.22 0.23 0.24 0.25 0.26 0.27 0.28 0.29 0.3
 0.31 0.32 0.33 0.34 0.35 0.36 0.37 0.38 0.39 0.4  0.41 0.42 0.43 0.44
 0.45 0.46 0.47 0.48 0.49 0.5  0.51 0.52 0.53 0.54 0.55 0.56 0.57 0.58
 0.59 0.6  0.61 0.62 0.63 0.64 0.65 0.66 0.67 0.68 0.69 0.7  0.71 0.72
 0.73 0.74 0.75 0.76 0.77 0.78 0.79 0.8  0.81 0.82 0.83 0.84 0.85 0.86
 0.87 0.88 0.89 0.9  0.91 0.92 0.93 0.94 0.95 0.96 0.97 0.98 0.99 1.
 1.01 1.02 1.03 1.04 1.05 1.06 1.07 1.08 1.09 1.1  1.11 1.12 1.13 1.14
 1.15 1.16 1.17 1.18 1.19 1.2  1.21 1.22 1.23 1.24 1.25]","[-0.00652055 -0.02654429 -0.05093294 -0.08162962 -0.12343845 -0.16297844
 -0.16130805 -0.15963921 -0.15797197 -0.15630638 -0.15464247 -0.1529803
 -0.15131989 -0.14966128 -0.14800451 -0.14634961 -0.1446966  -0.14304552
 -0.14139639 -0.13974923 -0.13810406 -0.13646091 -0.13481978 -0.1331807
 -0.13154367 -0.12990871 -0.12827582 -0.12664502 -0.12501631 -0.12338969
 -0.12176516 -0.12014274 -0.1185224  -0.11690416 -0.11528801 -0.11367394
 -0.11206194 -0.11045202 -0.10884416 -0.10723836 -0.10563459 -0.10403285
 -0.10243313 -0.10083541 -0.09923968 -0.09764592 -0.09605412 -0.09446426
 -0.09287633 -0.0912903  -0.08970615 -0.08812387 -0.08654344 -0.08496484
 -0.08338804 -0.08181304 -0.08023979 -0.07866829 -0.07709852 -0.07553044
 -0.07396405 -0.0723993  -0.0708362  -0.0692747  -0.0677148  -0.06615646
 -0.06459966 -0.06304439 -0.06149061 -0.05993831 -0.05838746 -0.05683804
 -0.05529003 -0.0537434  -0.05219813 -0.05065421 -0.0491116  -0.04757029
 -0.04603025 -0.04449147 -0.04295391 -0.04141757 -0.03988241 -0.03834842
 -0.03681557 -0.03528385 -0.03375323 -0.0322237  -0.03069524 -0.02916781
 -0.02764142 -0.02611602 -0.02459162 -0.02306818 -0.02154569 -0.02002414
 -0.01850349 -0.01698374 -0.01546486 -0.01394685 -0.01242968 -0.01091333
 -0.00939779 -0.00788304 -0.00636907 -0.00485586 -0.00334339 -0.00183165
 -0.00032062]"
