sigma0re,sigma0im,beta0re,beta0im,mu0re,mu0im,beta1re,beta1im,sigma1re,sigma1im,mu1re,mu1im,alpha0,alpha1,b_star,corresponding_negative_eigenvalues
0.2,0.3,1,1.1,1.0,0.8000000000000034,1,1.1,0.2,0.3,-0.5,1.8000000000000034,0.0,0.0,[0.28 0.29 0.3  0.31 0.32 0.33 0.34],"[-0.01530272 -0.02457537 -0.01989422 -0.0152293  -0.01057928 -0.00594289
 -0.00131898]"
