sigma0re,sigma0im,beta0re,beta0im,mu0re,mu0im,beta1re,beta1im,sigma1re,sigma1im,mu1re,mu1im,alpha0,alpha1,b_star,corresponding_negative_eigenvalues
0.2,0.3,1,1.1,1.0,-2.099999999999999,1,1.1,0.2,0.3,-0.5,-1.9,0.1,0.1,"[0.18 0.19 0.2  0.21 0.22 0.23 0.24 0.25 0.26 0.27 0.28 0.29 0.3  0.31
 0.32 0.33 0.34 0.35 0.36 0.37 0.38 0.39 0.4  0.41 0.42 0.43 0.44 0.45
 0.46 0.47 0.48 0.49 0.5  0.51 0.52 0.53 0.54 0.55 0.56 0.57 0.58 0.59
 0.6  0.61 0.62 0.63 0.64 0.65 0.66 0.67 0.68 0.69 0.7  0.71 0.72 0.73
 0.74 0.75 0.76 0.77 0.78 0.79 0.8  0.81 0.82 0.83 0.84 0.85 0.86 0.87
 0.88 0.89 0.9  0.91 0.92 0.93 0.94 0.95 0.96 0.97 0.98 0.99 1.   1.01
 1.02 1.03 1.04 1.05 1.06 1.07 1.08 1.09 1.1  1.11 1.12 1.13 1.14 1.15
 1.16 1.17]","[-0.00714512 -0.02420084 -0.04440775 -0.06874666 -0.09908452 -0.14001116
 -0.15221696 -0.15025375 -0.14829134 -0.14632961 -0.1443684  -0.1424076
 -0.14044707 -0.13848669 -0.13652637 -0.13456601 -0.13260551 -0.13064481
 -0.12868385 -0.12672259 -0.124761   -0.12279908 -0.12083683 -0.1188743
 -0.11691154 -0.11494863 -0.11298569 -0.11102284 -0.10906026 -0.10709814
 -0.10513671 -0.10317623 -0.101217   -0.09925934 -0.09730363 -0.09535026
 -0.09339967 -0.09145234 -0.08950877 -0.08756951 -0.08563514 -0.08370626
 -0.08178351 -0.07986756 -0.07795911 -0.07605888 -0.07416759 -0.07228601
 -0.07041492 -0.06855508 -0.06670729 -0.06487235 -0.06305105 -0.06124418
 -0.05945252 -0.05767684 -0.05591791 -0.05417646 -0.05245321 -0.05074886
 -0.04906407 -0.04739947 -0.04575568 -0.04413324 -0.0425327  -0.04095453
 -0.03939918 -0.03786705 -0.03635848 -0.03487378 -0.03341319 -0.03197693
 -0.03056513 -0.0291779  -0.02781527 -0.02647724 -0.02516373 -0.02387463
 -0.02260976 -0.02136889 -0.02015174 -0.01895796 -0.01778718 -0.01663896
 -0.0155128  -0.01440817 -0.0133245  -0.01226117 -0.01121751 -0.01019282
 -0.00918639 -0.00819745 -0.00722522 -0.00626888 -0.00532761 -0.00440059
 -0.00348695 -0.00258584 -0.00169641 -0.00081782]"
