sigma0re,sigma0im,beta0re,beta0im,mu0re,mu0im,beta1re,beta1im,sigma1re,sigma1im,mu1re,mu1im,alpha0,alpha1,b_star,corresponding_negative_eigenvalues
0.2,0.3,1,1.1,1.0,1.600000000000004,1,1.1,0.2,0.3,-0.5,1.9000000000000035,0.1,0.1,"[0.26 0.27 0.28 0.29 0.3  0.31 0.32 0.33 0.34 0.35 0.36 0.37 0.38 0.39
 0.4  0.41 0.42 0.43 0.44 0.45 0.46 0.47 0.48 0.49 0.5  0.51 0.52 0.53
 0.54 0.55 0.56 0.57 0.58 0.59 0.6  0.61 0.62 0.63 0.64 0.65 0.66 0.67
 0.68 0.69 0.7  0.71 0.72 0.73 0.74 0.75 0.76 0.77 0.78 0.79]","[-0.0029271  -0.03940149 -0.11876803 -0.11614655 -0.11354304 -0.11095705
 -0.10838813 -0.10583584 -0.10329974 -0.10077936 -0.09827427 -0.09578404
 -0.09330823 -0.09084643 -0.08839822 -0.08596321 -0.08354101 -0.08113124
 -0.07873353 -0.07634753 -0.07397291 -0.07160933 -0.06925647 -0.06691404
 -0.06458174 -0.06225929 -0.05994642 -0.05764289 -0.05534843 -0.05306282
 -0.05078583 -0.04851725 -0.04625688 -0.04400451 -0.04175997 -0.03952307
 -0.03729365 -0.03507155 -0.03285662 -0.03064871 -0.02844768 -0.02625341
 -0.02406577 -0.02188464 -0.01970991 -0.01754148 -0.01537924 -0.0132231
 -0.01107298 -0.00892878 -0.00679043 -0.00465785 -0.00253097 -0.00040971]"
