sigma0re,sigma0im,beta0re,beta0im,mu0re,mu0im,beta1re,beta1im,sigma1re,sigma1im,mu1re,mu1im,alpha0,alpha1,b_star,corresponding_negative_eigenvalues
0.2,0.3,1,1.1,1.0,1.600000000000004,1,1.1,0.2,0.3,-0.5,1.500000000000003,0.0,0.0,"[0.24 0.25 0.26 0.27 0.28 0.29 0.3  0.31 0.32 0.33 0.34 0.35 0.36 0.37
 0.38 0.39 0.4  0.41 0.42 0.43 0.44 0.45 0.46 0.47 0.48 0.49 0.5  0.51
 0.52 0.53 0.54 0.55 0.56 0.57 0.58 0.59 0.6  0.61 0.62 0.63 0.64 0.65
 0.66 0.67 0.68 0.69 0.7  0.71 0.72 0.73 0.74 0.75 0.76 0.77 0.78 0.79
 0.8  0.81 0.82 0.83 0.84 0.85 0.86 0.87 0.88]","[-0.00285782 -0.03370873 -0.08782987 -0.13354816 -0.13118489 -0.12883
 -0.12648346 -0.12414525 -0.12181533 -0.11949364 -0.11718012 -0.1148747
 -0.11257728 -0.11028778 -0.10800609 -0.10573211 -0.10346571 -0.10120679
 -0.09895521 -0.09671085 -0.09447358 -0.09224327 -0.09001978 -0.08780297
 -0.0855927  -0.08338884 -0.08119124 -0.07899977 -0.07681429 -0.07463465
 -0.07246073 -0.07029238 -0.06812947 -0.06597186 -0.06381942 -0.06167202
 -0.05952953 -0.05739182 -0.05525877 -0.05313026 -0.05100615 -0.04888634
 -0.04677071 -0.04465914 -0.04255152 -0.04044773 -0.03834768 -0.03625126
 -0.03415835 -0.03206887 -0.02998271 -0.02789978 -0.02581999 -0.02374323
 -0.02166942 -0.01959848 -0.01753032 -0.01546485 -0.01340199 -0.01134167
 -0.0092838  -0.00722832 -0.00517515 -0.00312421 -0.00107544]"
