sigma0re,sigma0im,beta0re,beta0im,mu0re,mu0im,beta1re,beta1im,sigma1re,sigma1im,mu1re,mu1im,alpha0,alpha1,b_star,corresponding_negative_eigenvalues
0.2,0.3,1,1.1,1.0,0.9000000000000035,1,1.1,0.2,0.3,-0.5,1.0000000000000027,0.1,0.1,"[0.34 0.35 0.36 0.37 0.38 0.39 0.4  0.41 0.42 0.43 0.44 0.45 0.46 0.47
 0.48 0.49 0.5  0.51 0.52 0.53 0.54 0.55 0.56 0.57 0.58 0.59 0.6  0.61
 0.62 0.63 0.64 0.65 0.66 0.67 0.68 0.69 0.7  0.71 0.72 0.73 0.74 0.75
 0.76 0.77 0.78 0.79 0.8  0.81 0.82 0.83 0.84 0.85 0.86 0.87 0.88 0.89
 0.9  0.91 0.92 0.93 0.94 0.95]","[-0.00610164 -0.02792483 -0.06734235 -0.09380818 -0.0918527  -0.08991779
 -0.08800261 -0.08610639 -0.08422839 -0.08236791 -0.08052429 -0.07869691
 -0.07688518 -0.07508854 -0.07330644 -0.0715384  -0.06978391 -0.06804254
 -0.06631384 -0.0645974  -0.06289283 -0.06119975 -0.0595178  -0.05784666
 -0.05618599 -0.05453548 -0.05289485 -0.0512638  -0.04964209 -0.04802944
 -0.04642562 -0.04483039 -0.04324353 -0.04166484 -0.0400941  -0.03853113
 -0.03697575 -0.03542777 -0.03388703 -0.03235336 -0.03082662 -0.02930667
 -0.02779334 -0.02628653 -0.02478609 -0.02329191 -0.02180386 -0.02032184
 -0.01884575 -0.01737547 -0.01591092 -0.01445199 -0.01299861 -0.01155068
 -0.01010813 -0.00867088 -0.00723886 -0.00581198 -0.0043902  -0.00297344
 -0.00156164 -0.00015475]"
