sigma0re,sigma0im,beta0re,beta0im,mu0re,mu0im,beta1re,beta1im,sigma1re,sigma1im,mu1re,mu1im,alpha0,alpha1,b_star,corresponding_negative_eigenvalues
0.2,0.3,1,1.1,1.0,1.8000000000000043,1,1.1,0.2,0.3,-0.5,1.7000000000000033,0.0,0.0,"[0.23 0.24 0.25 0.26 0.27 0.28 0.29 0.3  0.31 0.32 0.33 0.34 0.35 0.36
 0.37 0.38 0.39 0.4  0.41 0.42 0.43 0.44 0.45 0.46 0.47 0.48 0.49 0.5
 0.51 0.52 0.53 0.54 0.55 0.56 0.57 0.58 0.59 0.6  0.61 0.62 0.63 0.64
 0.65 0.66 0.67 0.68 0.69 0.7  0.71 0.72 0.73 0.74 0.75 0.76 0.77 0.78
 0.79 0.8  0.81 0.82 0.83 0.84 0.85 0.86 0.87]","[-0.02718031 -0.07884122 -0.13880899 -0.13642636 -0.13405006 -0.13168015
 -0.12931664 -0.12695955 -0.12460888 -0.12226463 -0.11992678 -0.1175953
 -0.11527016 -0.11295131 -0.11063869 -0.10833225 -0.10603192 -0.10373764
 -0.10144932 -0.09916689 -0.09689025 -0.09461933 -0.09235402 -0.09009424
 -0.08783989 -0.08559087 -0.08334707 -0.08110841 -0.07887476 -0.07664604
 -0.07442213 -0.07220294 -0.06998835 -0.06777827 -0.06557259 -0.06337121
 -0.06117402 -0.05898093 -0.05679184 -0.05460664 -0.05242524 -0.05024753
 -0.04807344 -0.04590285 -0.04373569 -0.04157185 -0.03941125 -0.03725379
 -0.03509941 -0.032948   -0.03079948 -0.02865378 -0.02651082 -0.02437051
 -0.02223278 -0.02009755 -0.01796475 -0.01583432 -0.01370618 -0.01158025
 -0.00945648 -0.00733481 -0.00521515 -0.00309747 -0.00098168]"
