sigma0re,sigma0im,beta0re,beta0im,mu0re,mu0im,beta1re,beta1im,sigma1re,sigma1im,mu1re,mu1im,alpha0,alpha1,b_star,corresponding_negative_eigenvalues
0.2,0.3,1,1.1,1.0,-0.9999999999999982,1,1.1,0.2,0.3,-0.5,-1.9,0.1,0.1,"[0.08 0.09 0.1  0.11 0.12 0.13 0.14 0.15 0.16 0.17 0.18 0.19 0.2  0.21
 0.22 0.23 0.24 0.25 0.26 0.27 0.28 0.29 0.3  0.31 0.32 0.33 0.34 0.35
 0.36 0.37 0.38 0.39 0.4  0.41 0.42 0.43]","[-7.15207744e-07 -3.68323311e-03 -8.02878790e-03 -1.30326436e-02
 -1.86994606e-02 -2.50424626e-02 -3.20831754e-02 -3.98517153e-02
 -4.83876607e-02 -5.77416122e-02 -6.79776515e-02 -7.91770774e-02
 -9.14440874e-02 -9.14176090e-02 -8.70279783e-02 -8.26853657e-02
 -7.83872221e-02 -7.41311829e-02 -6.99150545e-02 -6.57368015e-02
 -6.15945343e-02 -5.74864980e-02 -5.34110609e-02 -4.93667054e-02
 -4.53520181e-02 -4.13656819e-02 -3.74064680e-02 -3.34732292e-02
 -2.95648931e-02 -2.56804564e-02 -2.18189796e-02 -1.79795819e-02
 -1.41614372e-02 -1.03637693e-02 -6.58584870e-03 -2.82698914e-03]"
