sigma0re,sigma0im,beta0re,beta0im,mu0re,mu0im,beta1re,beta1im,sigma1re,sigma1im,mu1re,mu1im,alpha0,alpha1,b_star,corresponding_negative_eigenvalues
0.2,0.3,1,1.1,1.0,-1.899999999999999,1,1.1,0.2,0.3,-0.5,-0.2999999999999985,0.0,0.0,"[0.31 0.32 0.33 0.34 0.35 0.36 0.37 0.38 0.39 0.4  0.41 0.42 0.43 0.44
 0.45 0.46]","[-0.04290829 -0.04018166 -0.03743935 -0.03468473 -0.03192051 -0.02914888
 -0.02637157 -0.02359    -0.02080533 -0.01801846 -0.01523014 -0.01244097
 -0.00965143 -0.0068619  -0.00407268 -0.00128401]"
