sigma0re,sigma0im,beta0re,beta0im,mu0re,mu0im,beta1re,beta1im,sigma1re,sigma1im,mu1re,mu1im,alpha0,alpha1,b_star,corresponding_negative_eigenvalues
0.2,0.3,1,1.1,1.0,-0.8999999999999981,1,1.1,0.2,0.3,-0.5,-1.6999999999999997,0.0,0.0,"[0.01 0.02 0.03 0.04 0.05 0.06 0.07 0.08 0.09 0.1  0.11 0.12 0.13 0.14
 0.15 0.16 0.17 0.18 0.19 0.2  0.21 0.22 0.23 0.24 0.25 0.26 0.27 0.28
 0.29 0.3  0.31 0.32 0.33 0.34 0.35 0.36 0.37 0.38 0.39]","[-0.00084947 -0.00344979 -0.00472743 -0.00611889 -0.0082392  -0.01092271
 -0.01414577 -0.01790911 -0.02222223 -0.02709978 -0.03256064 -0.03862798
 -0.04532972 -0.05269938 -0.06077727 -0.06961214 -0.07926353 -0.08980506
 -0.08908904 -0.08444696 -0.07985457 -0.07530781 -0.07080301 -0.06633682
 -0.06190621 -0.0575084  -0.05314085 -0.04880125 -0.04448746 -0.04019752
 -0.03592963 -0.03168213 -0.02745347 -0.02324224 -0.01904712 -0.01486691
 -0.01070047 -0.00654676 -0.0024048 ]"
