sigma0re,sigma0im,beta0re,beta0im,mu0re,mu0im,beta1re,beta1im,sigma1re,sigma1im,mu1re,mu1im,alpha0,alpha1,b_star,corresponding_negative_eigenvalues
0.2,0.3,1,1.1,1.0,2.0000000000000044,1,1.1,0.2,0.3,-0.5,0.20000000000000195,0.1,0.1,"[0.01 0.02 0.03 0.04 0.05 0.06 0.07 0.08 0.09 0.1  0.11 0.12 0.13 0.14
 0.15 0.16 0.17 0.18 0.19 0.2  0.21 0.22 0.23 0.24 0.25 0.26 0.27 0.28
 0.29 0.3  0.31 0.32 0.33 0.34 0.35 0.36 0.37 0.38 0.39]","[-0.00019357 -0.00077382 -0.00173916 -0.0030864  -0.00480978 -0.00689948
 -0.00933934 -0.01210368 -0.01515288 -0.01842798 -0.02184501 -0.02529112
 -0.0286264  -0.03169541 -0.0343496  -0.03647425 -0.03800758 -0.03894342
 -0.03931886 -0.03919587 -0.03864511 -0.03773536 -0.03652822 -0.03507624
 -0.03342313 -0.03160467 -0.02964994 -0.02758259 -0.02542177 -0.02318312
 -0.02087939 -0.01852106 -0.01611677 -0.01367367 -0.01119773 -0.00869392
 -0.00616644 -0.0036188  -0.00105401]"
