sigma0re,sigma0im,beta0re,beta0im,mu0re,mu0im,beta1re,beta1im,sigma1re,sigma1im,mu1re,mu1im,alpha0,alpha1,b_star,corresponding_negative_eigenvalues
0.2,0.3,1,1.1,1.0,1.3000000000000043,1,1.1,0.2,0.3,-0.5,1.0000000000000027,0.0,0.0,"[0.27 0.28 0.29 0.3  0.31 0.32 0.33 0.34 0.35 0.36 0.37 0.38 0.39 0.4
 0.41 0.42 0.43 0.44 0.45 0.46 0.47 0.48 0.49 0.5  0.51 0.52 0.53 0.54
 0.55 0.56 0.57 0.58 0.59 0.6  0.61 0.62 0.63 0.64 0.65 0.66 0.67 0.68
 0.69 0.7  0.71 0.72 0.73 0.74 0.75 0.76 0.77 0.78 0.79 0.8  0.81 0.82
 0.83 0.84 0.85 0.86 0.87 0.88 0.89 0.9  0.91 0.92 0.93 0.94 0.95 0.96
 0.97 0.98 0.99 1.   1.01 1.02 1.03 1.04 1.05 1.06 1.07 1.08 1.09 1.1
 1.11 1.12 1.13 1.14 1.15 1.16 1.17 1.18 1.19 1.2  1.21 1.22 1.23 1.24
 1.25 1.26 1.27 1.28 1.29 1.3 ]","[-0.01108037 -0.03146614 -0.05910993 -0.10857979 -0.14343015 -0.14171799
 -0.14001407 -0.13831837 -0.13663085 -0.13495147 -0.13328018 -0.1316169
 -0.12996158 -0.12831414 -0.12667449 -0.12504256 -0.12341825 -0.12180147
 -0.12019211 -0.11859009 -0.11699528 -0.1154076  -0.11382693 -0.11225316
 -0.11068618 -0.10912588 -0.10757215 -0.10602488 -0.10448395 -0.10294925
 -0.10142068 -0.09989812 -0.09838145 -0.09687058 -0.09536538 -0.09386576
 -0.0923716  -0.0908828  -0.08939926 -0.08792087 -0.08644753 -0.08497914
 -0.08351559 -0.08205681 -0.08060267 -0.0791531  -0.077708   -0.07626728
 -0.07483084 -0.07339861 -0.07197048 -0.07054638 -0.06912623 -0.06770993
 -0.06629742 -0.06488861 -0.06348342 -0.06208178 -0.06068361 -0.05928884
 -0.05789739 -0.05650921 -0.05512421 -0.05374233 -0.05236351 -0.05098768
 -0.04961477 -0.04824473 -0.04687749 -0.04551299 -0.04415118 -0.042792
 -0.04143538 -0.04008128 -0.03872964 -0.03738042 -0.03603355 -0.03468898
 -0.03334668 -0.03200658 -0.03066865 -0.02933283 -0.02799908 -0.02666735
 -0.02533761 -0.02400981 -0.0226839  -0.02135984 -0.02003761 -0.01871715
 -0.01739842 -0.0160814  -0.01476604 -0.01345231 -0.01214017 -0.01082958
 -0.00952052 -0.00821295 -0.00690683 -0.00560214 -0.00429885 -0.00299691
 -0.00169632 -0.00039702]"
