sigma0re,sigma0im,beta0re,beta0im,mu0re,mu0im,beta1re,beta1im,sigma1re,sigma1im,mu1re,mu1im,alpha0,alpha1,b_star,corresponding_negative_eigenvalues
0.2,0.3,1,1.1,1.0,1.0000000000000036,1,1.1,0.2,0.3,-0.5,1.6000000000000032,0.0,0.0,"[0.28 0.29 0.3  0.31 0.32 0.33 0.34 0.35 0.36 0.37 0.38 0.39 0.4  0.41
 0.42 0.43 0.44 0.45]","[-0.03359882 -0.06370121 -0.05980787 -0.05593917 -0.0520935  -0.04826934
 -0.04446532 -0.04068012 -0.03691253 -0.03316141 -0.02942571 -0.02570443
 -0.02199664 -0.01830147 -0.01461812 -0.01094581 -0.00728383 -0.00363152]"
