sigma0re,sigma0im,beta0re,beta0im,mu0re,mu0im,beta1re,beta1im,sigma1re,sigma1im,mu1re,mu1im,alpha0,alpha1,b_star,corresponding_negative_eigenvalues
0.2,0.3,1,1.1,1.0,2.5000000000000053,1,1.1,0.2,0.3,-0.5,0.40000000000000213,0.1,0.1,"[0.01 0.02 0.03 0.04 0.05 0.06 0.07 0.08 0.09 0.1  0.11 0.12 0.13 0.14
 0.15 0.16 0.17 0.18 0.19 0.2  0.21 0.22 0.23 0.24 0.25 0.26 0.27 0.28
 0.29 0.3  0.31 0.32 0.33 0.34 0.35 0.36 0.37 0.38 0.39 0.4  0.41 0.42
 0.43 0.44 0.45 0.46 0.47 0.48 0.49 0.5  0.51 0.52 0.53 0.54 0.55 0.56
 0.57 0.58 0.59 4.53 4.54 4.55 4.56 4.57 4.58 4.59 4.6  4.61 4.62 4.63
 4.64 4.65 4.66 4.67 4.68 4.69 4.7  4.71 4.72 4.73 4.74 4.75 4.76 4.77
 4.78 4.79 4.8  4.81 4.82 4.83 4.84 4.85 4.86 4.87 4.88 4.89 4.9  4.91
 4.92 4.93 4.94 4.95 4.96 4.97 4.98 4.99 5.  ]","[-0.00046707 -0.00188169 -0.00428622 -0.00775928 -0.01243141 -0.01851762
 -0.02639092 -0.03678032 -0.05151365 -0.0649858  -0.05408808 -0.0536145
 -0.05524992 -0.0579658  -0.06142155 -0.06547011 -0.07004072 -0.07509935
 -0.08063247 -0.08663965 -0.09313009 -0.09885058 -0.0958403  -0.09285896
 -0.08990618 -0.08698134 -0.08408361 -0.08121211 -0.07836588 -0.07554394
 -0.07274533 -0.06996909 -0.06721428 -0.06448003 -0.06176546 -0.05906975
 -0.05639213 -0.05373186 -0.05108822 -0.04846056 -0.04584826 -0.04325071
 -0.04066737 -0.03809771 -0.03554124 -0.03299749 -0.03046604 -0.02794648
 -0.02543843 -0.02294153 -0.02045545 -0.01797988 -0.01551453 -0.01305912
 -0.01061341 -0.00817716 -0.00575015 -0.00333218 -0.00092306 -0.00037803
 -0.00394886 -0.00754317 -0.01116099 -0.01480236 -0.01846731 -0.02215588
 -0.02586809 -0.02960399 -0.03336361 -0.03714698 -0.04095413 -0.0447851
 -0.04863992 -0.05251863 -0.05642125 -0.06034783 -0.0642984  -0.06827298
 -0.07227161 -0.07629432 -0.08034116 -0.08441214 -0.0885073  -0.09262668
 -0.0967703  -0.10093821 -0.10513042 -0.10934698 -0.11358791 -0.11785325
 -0.12214303 -0.12645727 -0.13079602 -0.13515931 -0.13954716 -0.1439596
 -0.14839667 -0.1528584  -0.15734482 -0.16185595 -0.16639184 -0.17095251
 -0.17553799 -0.18014832 -0.18478351 -0.18944361 -0.19412864]"
