sigma0re,sigma0im,beta0re,beta0im,mu0re,mu0im,beta1re,beta1im,sigma1re,sigma1im,mu1re,mu1im,alpha0,alpha1,b_star,corresponding_negative_eigenvalues
0.2,0.3,1,1.1,1.0,1.7000000000000046,1,1.1,0.2,0.3,-0.5,0.20000000000000195,0.1,0.1,"[0.01 0.02 0.03 0.04 0.05 0.06 0.07 0.08 0.09 0.1  0.11 0.12 0.13 0.14
 0.15 0.16 0.17 0.18 0.19 0.2  0.21 0.22 0.23 0.24 0.25 0.26 0.27 0.28
 0.29 0.3  0.31 0.32 0.33 0.34 0.35 0.36 0.37 0.38 0.39 0.4  0.41 0.42
 0.43 0.44 0.45 0.46 4.78 4.79 4.8  4.81 4.82 4.83 4.84 4.85 4.86 4.87
 4.88 4.89 4.9  4.91 4.92 4.93 4.94 4.95 4.96 4.97 4.98 4.99 5.  ]","[-0.00016507 -0.00065977 -0.00148249 -0.0026302  -0.00409788 -0.00587761
 -0.0079574  -0.01031937 -0.01293755 -0.01577513 -0.01878141 -0.02188918
 -0.0250137  -0.02805496 -0.03090484 -0.03345919 -0.03563204 -0.03736708
 -0.03864203 -0.03946525 -0.03986721 -0.03989089 -0.03958377 -0.03899246
 -0.03815968 -0.03712308 -0.03591496 -0.03456261 -0.03308894 -0.03151306
 -0.02985088 -0.02811569 -0.02631858 -0.02446883 -0.02257424 -0.0206414
 -0.01867585 -0.01668232 -0.01466483 -0.01262682 -0.01057121 -0.00850056
 -0.00641705 -0.00432258 -0.00221878 -0.0001071  -0.00259143 -0.00636472
 -0.0101626  -0.01398513 -0.01783236 -0.02170434 -0.02560111 -0.02952274
 -0.03346928 -0.03744077 -0.04143727 -0.04545883 -0.04950549 -0.05357732
 -0.05767437 -0.06179668 -0.0659443  -0.07011729 -0.07431571 -0.07853959
 -0.08278899 -0.08706397 -0.09136458]"
