sigma0re,sigma0im,beta0re,beta0im,mu0re,mu0im,beta1re,beta1im,sigma1re,sigma1im,mu1re,mu1im,alpha0,alpha1,b_star,corresponding_negative_eigenvalues
0.2,0.3,1,1.1,1.0,-0.3999999999999977,1,1.1,0.2,0.3,-0.5,-2.0,0.1,0.1,"[0.01 0.02 0.03 0.04 0.05 0.06 0.07 0.08 0.09 0.1  0.11 0.12 0.13 0.14
 0.15 0.16 0.17 0.18 0.19 0.2  0.21]","[-0.00034717 -0.00138674 -0.0031115  -0.00550432 -0.00852894 -0.01211329
 -0.01612305 -0.02032617 -0.02436544 -0.02778313 -0.03014118 -0.03118607
 -0.03091579 -0.02950421 -0.02718337 -0.02416876 -0.02063353 -0.01670833
 -0.01248934 -0.00804695 -0.00343291]"
