sigma0re,sigma0im,beta0re,beta0im,mu0re,mu0im,beta1re,beta1im,sigma1re,sigma1im,mu1re,mu1im,alpha0,alpha1,b_star,corresponding_negative_eigenvalues
0.2,0.3,1,1.1,1.0,-0.8999999999999981,1,1.1,0.2,0.3,-0.5,-1.2999999999999994,0.1,0.1,"[0.01 0.02 0.03 0.04 0.05 0.06 0.07 0.08 0.09 0.1  0.11 0.12 0.13 0.14
 0.15 0.16 0.17 0.18 0.19 0.2  0.21 0.22 0.23 0.24 0.25 0.26 0.27 0.28
 0.29 0.3  0.31 0.32 0.33 0.34 0.35 0.36 0.37 0.38 0.39 0.4  0.41 0.42
 0.43 0.44 0.45 0.46 0.47 0.48 0.49 0.5  0.51 0.52 0.53 0.54 0.55 0.56]","[-0.00051541 -0.00207894 -0.0047458  -0.00602911 -0.0071331  -0.00893624
 -0.01119105 -0.01385567 -0.01692142 -0.02039036 -0.02426978 -0.02857041
 -0.03330585 -0.03849256 -0.04415005 -0.05030136 -0.05697364 -0.06419901
 -0.07201572 -0.08046975 -0.08961697 -0.09952625 -0.09948922 -0.09607903
 -0.09270833 -0.08937521 -0.0860779  -0.08281477 -0.07958432 -0.07638516
 -0.07321599 -0.07007561 -0.06696292 -0.06387688 -0.06081651 -0.05778091
 -0.05476925 -0.05178072 -0.04881459 -0.04587017 -0.04294681 -0.04004388
 -0.03716081 -0.03429706 -0.03145211 -0.02862548 -0.02581672 -0.02302538
 -0.02025107 -0.01749338 -0.01475196 -0.01202645 -0.00931652 -0.00662186
 -0.00394216 -0.00127714]"
