sigma0re,sigma0im,beta0re,beta0im,mu0re,mu0im,beta1re,beta1im,sigma1re,sigma1im,mu1re,mu1im,alpha0,alpha1,b_star,corresponding_negative_eigenvalues
0.2,0.3,1,1.1,1.0,-1.3999999999999986,1,1.1,0.2,0.3,-0.5,-1.9,0.1,0.1,"[0.16 0.17 0.18 0.19 0.2  0.21 0.22 0.23 0.24 0.25 0.26 0.27 0.28 0.29
 0.3  0.31 0.32 0.33 0.34 0.35 0.36 0.37 0.38 0.39 0.4  0.41 0.42 0.43
 0.44 0.45 0.46 0.47 0.48 0.49 0.5  0.51 0.52 0.53 0.54 0.55 0.56 0.57
 0.58 0.59 0.6  0.61]","[-0.00674296 -0.0166131  -0.02778029 -0.04037584 -0.05457922 -0.07064173
 -0.08892937 -0.11000739 -0.11397665 -0.11059223 -0.10722607 -0.10387821
 -0.10054864 -0.09723735 -0.09394429 -0.09066942 -0.08741265 -0.08417393
 -0.08095314 -0.0777502  -0.074565   -0.07139743 -0.06824736 -0.06511469
 -0.06199927 -0.05890099 -0.05581971 -0.0527553  -0.04970763 -0.04667657
 -0.04366199 -0.04066375 -0.03768172 -0.03471577 -0.03176577 -0.02883159
 -0.0259131  -0.02301018 -0.02012269 -0.01725051 -0.01439351 -0.01155158
 -0.00872459 -0.00591241 -0.00311493 -0.00033202]"
