sigma0re,sigma0im,beta0re,beta0im,mu0re,mu0im,beta1re,beta1im,sigma1re,sigma1im,mu1re,mu1im,alpha0,alpha1,b_star,corresponding_negative_eigenvalues
0.2,0.3,1,1.1,1.0,-0.5999999999999979,1,1.1,0.2,0.3,-0.5,-0.6999999999999988,0.1,0.1,"[0.01 0.02 0.03 0.04 0.05 0.06 0.07 0.08 0.09 0.1  0.11 0.12 0.13 0.14
 0.15 0.16 0.17 0.18 0.19 0.2  0.21 0.22 0.23 0.24 0.25 0.26 0.27 0.28
 0.29 0.3  0.31 0.32 0.33 0.34 0.35 0.36 0.37 0.38 0.39 0.4  0.41 0.42
 0.43 0.44 0.45 0.46 0.47 0.48 0.49 0.5  0.51 0.52 0.53 0.54 0.55 0.56
 0.57 0.58 0.59 0.6  0.61 0.62 0.63 0.64 0.65 0.66 0.67 0.68 0.69 0.7 ]","[-0.00018335 -0.0007338  -0.00165259 -0.00294162 -0.00460331 -0.00664022
 -0.00905454 -0.01184716 -0.01501639 -0.0185558  -0.02245107 -0.02667527
 -0.03118228 -0.03589857 -0.04071483 -0.04548194 -0.05001847 -0.05413581
 -0.05767676 -0.06054931 -0.06273677 -0.06428252 -0.06526344 -0.06576672
 -0.06587554 -0.06566258 -0.06518848 -0.0645026  -0.06364467 -0.06264653
 -0.06153371 -0.06032678 -0.05904237 -0.05769399 -0.05629272 -0.05484765
 -0.05336633 -0.05185504 -0.05031905 -0.04876278 -0.04718998 -0.04560385
 -0.04400709 -0.04240205 -0.04079073 -0.03917486 -0.03755595 -0.03593531
 -0.03431408 -0.03269326 -0.03107372 -0.02945622 -0.02784146 -0.02623002
 -0.02462244 -0.02301919 -0.02142069 -0.0198273  -0.01823937 -0.01665718
 -0.015081   -0.01351106 -0.01194759 -0.01039077 -0.00884077 -0.00729774
 -0.00576184 -0.00423317 -0.00271186 -0.001198  ]"
