sigma0re,sigma0im,beta0re,beta0im,mu0re,mu0im,beta1re,beta1im,sigma1re,sigma1im,mu1re,mu1im,alpha0,alpha1,b_star,corresponding_negative_eigenvalues
0.2,0.3,1,1.1,1.0,-0.5999999999999979,1,1.1,0.2,0.3,-0.5,-2.0,0.0,0.0,"[0.01 0.02 0.03 0.04 0.05 0.06 0.07 0.08 0.09 0.1  0.11 0.12 0.13 0.14
 0.15 0.16 0.17 0.18 0.19 0.2  0.21 0.22 0.23 0.24 0.25]","[-0.00066469 -0.00267933 -0.00610835 -0.01106832 -0.01774167 -0.02638743
 -0.03728778 -0.05027016 -0.06274889 -0.0697572  -0.0711094  -0.0693656
 -0.06606924 -0.06194016 -0.05733007 -0.05242546 -0.04733257 -0.04211541
 -0.03681426 -0.03145536 -0.02605623 -0.02062879 -0.01518127 -0.0097194
 -0.00424721]"
