sigma0re,sigma0im,beta0re,beta0im,mu0re,mu0im,beta1re,beta1im,sigma1re,sigma1im,mu1re,mu1im,alpha0,alpha1,b_star,corresponding_negative_eigenvalues
0.2,0.3,1,1.1,1.0,-0.799999999999998,1,1.1,0.2,0.3,-0.5,-1.9,0.0,0.0,"[0.01 0.02 0.03 0.04 0.05 0.06 0.07 0.08 0.09 0.1  0.11 0.12 0.13 0.14
 0.15 0.16 0.17 0.18 0.19 0.2  0.21 0.22 0.23 0.24 0.25 0.26 0.27 0.28
 0.29 0.3  0.31 0.32]","[-0.00084363 -0.0034224  -0.00789547 -0.01459351 -0.02419003 -0.03829767
 -0.0635761  -0.05159986 -0.05173596 -0.05484061 -0.05940663 -0.06502628
 -0.07155153 -0.07893039 -0.08715755 -0.08448235 -0.07923257 -0.07402301
 -0.06885252 -0.06371927 -0.05862111 -0.05355577 -0.04852092 -0.04351432
 -0.03853378 -0.03357725 -0.02864278 -0.02372854 -0.01883283 -0.01395406
 -0.00909076 -0.00424156]"
