sigma0re,sigma0im,beta0re,beta0im,mu0re,mu0im,beta1re,beta1im,sigma1re,sigma1im,mu1re,mu1im,alpha0,alpha1,b_star,corresponding_negative_eigenvalues
0.2,0.3,1,1.1,1.0,-1.0999999999999983,1,1.1,0.2,0.3,-0.5,-0.09999999999999831,0.0,0.0,[0.19 0.2  0.21 0.22 0.23 0.24 0.25 0.26 0.27 0.28 0.29],"[-0.0033767  -0.00840637 -0.00804627 -0.00754437 -0.00690634 -0.0061392
 -0.00525079 -0.0042494  -0.00314341 -0.00194106 -0.00065028]"
