sigma0re,sigma0im,beta0re,beta0im,mu0re,mu0im,beta1re,beta1im,sigma1re,sigma1im,mu1re,mu1im,alpha0,alpha1,b_star,corresponding_negative_eigenvalues
0.2,0.3,1,1.1,1.0,0.400000000000003,1,1.1,0.2,0.3,-0.5,0.6000000000000023,0.0,0.0,"[0.23 0.24 0.25 0.26 0.27 0.28 0.29 0.3  0.31 0.32 0.33 0.34 0.35 0.36
 0.37 0.38 0.39 0.4  0.41 0.42 0.43 0.44 0.45 0.46 0.47 0.48]","[-0.00248145 -0.03322652 -0.03302873 -0.03263542 -0.03206786 -0.03134596
 -0.03048789 -0.02950994 -0.02842658 -0.02725057 -0.02599304 -0.02466374
 -0.02327117 -0.02182271 -0.02032481 -0.01878308 -0.01720243 -0.01558713
 -0.01394094 -0.01226714 -0.01056861 -0.00884791 -0.00710726 -0.00534864
 -0.00357381 -0.00178432]"
