sigma0re,sigma0im,beta0re,beta0im,mu0re,mu0im,beta1re,beta1im,sigma1re,sigma1im,mu1re,mu1im,alpha0,alpha1,b_star,corresponding_negative_eigenvalues
0.2,0.3,1,1.1,1.0,-1.3999999999999986,1,1.1,0.2,0.3,-0.5,-1.4999999999999996,0.1,0.1,"[0.18 0.19 0.2  0.21 0.22 0.23 0.24 0.25 0.26 0.27 0.28 0.29 0.3  0.31
 0.32 0.33 0.34 0.35 0.36 0.37 0.38 0.39 0.4  0.41 0.42 0.43 0.44 0.45
 0.46 0.47 0.48 0.49 0.5  0.51 0.52 0.53 0.54 0.55 0.56 0.57 0.58 0.59
 0.6  0.61 0.62 0.63 0.64 0.65 0.66 0.67 0.68 0.69 0.7  0.71 0.72 0.73
 0.74 0.75 0.76 0.77 0.78 0.79 0.8  0.81 0.82]","[-6.93210136e-03 -1.62776602e-02 -2.67888063e-02 -3.85890738e-02
 -5.18449540e-02 -6.67871180e-02 -8.37482854e-02 -1.03237128e-01
 -1.26101977e-01 -1.25779745e-01 -1.23153295e-01 -1.20537296e-01
 -1.17931904e-01 -1.15337269e-01 -1.12753540e-01 -1.10180863e-01
 -1.07619381e-01 -1.05069235e-01 -1.02530563e-01 -1.00003501e-01
 -9.74881829e-02 -9.49847396e-02 -9.24933000e-02 -9.00139909e-02
 -8.75469369e-02 -8.50922604e-02 -8.26500817e-02 -8.02205191e-02
 -7.78036888e-02 -7.53997049e-02 -7.30086794e-02 -7.06307224e-02
 -6.82659417e-02 -6.59144433e-02 -6.35763310e-02 -6.12517062e-02
 -5.89406685e-02 -5.66433151e-02 -5.43597408e-02 -5.20900384e-02
 -4.98342982e-02 -4.75926078e-02 -4.53650526e-02 -4.31517152e-02
 -4.09526758e-02 -3.87680115e-02 -3.65977966e-02 -3.44421028e-02
 -3.23009982e-02 -3.01745482e-02 -2.80628146e-02 -2.59658561e-02
 -2.38837277e-02 -2.18164807e-02 -1.97641631e-02 -1.77268185e-02
 -1.57044868e-02 -1.36972037e-02 -1.17050008e-02 -9.72790504e-03
 -7.76593909e-03 -5.81912085e-03 -3.88746349e-03 -1.97097523e-03
 -6.96592644e-05]"
