sigma0re,sigma0im,beta0re,beta0im,mu0re,mu0im,beta1re,beta1im,sigma1re,sigma1im,mu1re,mu1im,alpha0,alpha1,b_star,corresponding_negative_eigenvalues
0.2,0.3,1,1.1,1.0,0.9000000000000035,1,1.1,0.2,0.3,-0.5,1.1000000000000028,0.1,0.1,"[0.34 0.35 0.36 0.37 0.38 0.39 0.4  0.41 0.42 0.43 0.44 0.45 0.46 0.47
 0.48 0.49 0.5  0.51 0.52 0.53 0.54 0.55 0.56 0.57 0.58 0.59 0.6  0.61
 0.62 0.63 0.64 0.65 0.66 0.67 0.68 0.69 0.7  0.71 0.72 0.73 0.74 0.75
 0.76 0.77 0.78 0.79]","[-0.0025334  -0.02860483 -0.08569099 -0.08345919 -0.0812484  -0.0790577
 -0.07688624 -0.07473323 -0.07259791 -0.07047955 -0.06837749 -0.0662911
 -0.06421976 -0.06216291 -0.06012001 -0.05809055 -0.05607405 -0.05407004
 -0.0520781  -0.05009781 -0.04812878 -0.04617065 -0.04422305 -0.04228565
 -0.04035815 -0.03844023 -0.03653162 -0.03463203 -0.03274121 -0.03085892
 -0.02898493 -0.027119   -0.02526094 -0.02341053 -0.02156759 -0.01973195
 -0.01790341 -0.01608183 -0.01426705 -0.01245891 -0.01065728 -0.00886203
 -0.00707301 -0.00529013 -0.00351325 -0.00174228]"
