sigma0re,sigma0im,beta0re,beta0im,mu0re,mu0im,beta1re,beta1im,sigma1re,sigma1im,mu1re,mu1im,alpha0,alpha1,b_star,corresponding_negative_eigenvalues
0.2,0.3,1,1.1,1.0,-0.9999999999999982,1,1.1,0.2,0.3,-0.5,-1.0999999999999992,0.1,0.1,"[0.11 0.12 0.13 0.14 0.15 0.16 0.17 0.18 0.19 0.2  0.21 0.22 0.23 0.24
 0.25 0.26 0.27 0.28 0.29 0.3  0.31 0.32 0.33 0.34 0.35 0.36 0.37 0.38
 0.39 0.4  0.41 0.42 0.43 0.44 0.45 0.46 0.47 0.48 0.49 0.5  0.51 0.52
 0.53 0.54 0.55 0.56 0.57 0.58 0.59 0.6  0.61 0.62 0.63 0.64 0.65 0.66
 0.67 0.68 0.69 0.7  0.71 0.72 0.73 0.74 0.75 0.76 0.77]","[-0.00171473 -0.00518951 -0.00915521 -0.01361574 -0.01857948 -0.02405941
 -0.03007343 -0.03664491 -0.04380353 -0.05158645 -0.06004    -0.06922219
 -0.07920627 -0.0900861  -0.1019845  -0.11506683 -0.11319596 -0.1104701
 -0.10777226 -0.10510162 -0.10245741 -0.09983888 -0.09724533 -0.09467607
 -0.09213047 -0.08960792 -0.08710786 -0.08462973 -0.08217302 -0.07973724
 -0.07732194 -0.07492666 -0.07255101 -0.07019458 -0.06785701 -0.06553795
 -0.06323707 -0.06095404 -0.05868859 -0.05644042 -0.05420927 -0.05199488
 -0.04979703 -0.04761548 -0.04545002 -0.04330046 -0.04116659 -0.03904823
 -0.03694522 -0.03485739 -0.03278459 -0.03072667 -0.02868348 -0.02665491
 -0.02464081 -0.02264108 -0.0206556  -0.01868426 -0.01672696 -0.01478359
 -0.01285407 -0.01093831 -0.00903622 -0.00714771 -0.00527271 -0.00341115
 -0.00156294]"
