sigma0re,sigma0im,beta0re,beta0im,mu0re,mu0im,beta1re,beta1im,sigma1re,sigma1im,mu1re,mu1im,alpha0,alpha1,b_star,corresponding_negative_eigenvalues
0.2,0.3,1,1.1,1.0,-0.09999999999999742,1,1.1,0.2,0.3,-0.5,-0.2999999999999985,0.0,0.0,"[0.01 0.02 0.03 0.04 0.05 0.06 0.07 0.08 0.09 0.1  0.11 0.12 0.13 0.14
 0.15 0.16 0.17 0.18 0.19 0.2  0.21 0.22 0.23 0.24 0.25 0.26 0.27]","[-1.65349255e-05 -6.56604969e-05 -1.45951736e-04 -2.55075580e-04
 -3.89852918e-04 -5.46343672e-04 -7.19952877e-04 -9.05554798e-04
 -1.09763116e-03 -1.29041860e-03 -1.47805958e-03 -1.65475067e-03
 -1.81488191e-03 -1.95316153e-03 -2.06472122e-03 -2.14519864e-03
 -2.19079522e-03 -2.19830940e-03 -2.16514638e-03 -2.08930750e-03
 -1.96936226e-03 -1.80440740e-03 -1.59401663e-03 -1.33818505e-03
 -1.03727136e-03 -6.91940560e-04 -3.03109155e-04]"
