sigma0re,sigma0im,beta0re,beta0im,mu0re,mu0im,beta1re,beta1im,sigma1re,sigma1im,mu1re,mu1im,alpha0,alpha1,b_star,corresponding_negative_eigenvalues
0.2,0.3,1,1.1,1.0,0.6000000000000032,1,1.1,0.2,0.3,-0.5,0.5000000000000022,0.0,0.0,"[0.14 0.15 0.16 0.17 0.18 0.19 0.2  0.21 0.22 0.23 0.24 0.25 0.26 0.27
 0.28 0.29 0.3  0.31 0.32 0.33 0.34 0.35 0.36 0.37 0.38 0.39 0.4  0.41
 0.42 0.43 0.44 0.45 0.46 0.47 0.48 0.49 0.5  0.51 0.52 0.53 0.54 0.55
 0.56 0.57 0.58 0.59 0.6  0.61 0.62 0.63 0.64 0.65 0.66 0.67 0.68 0.69
 0.7  0.71 0.72 0.73 0.74 0.75 0.76 0.77 0.78 0.79 0.8  0.81 0.82 0.83
 0.84 0.85 0.86 0.87 0.88 0.89 0.9  0.91 0.92 0.93 0.94 0.95 0.96 0.97
 0.98 0.99 1.   1.01 1.02 1.03 1.04 1.05 1.06 1.07 1.08 1.09]","[-0.00010367 -0.00477284 -0.010779   -0.01876189 -0.0305643  -0.0516592
 -0.05517546 -0.05833681 -0.06110966 -0.06348473 -0.06547277 -0.06709854
 -0.06839469 -0.06939696 -0.07014081 -0.07065944 -0.07098283 -0.07113744
 -0.07114628 -0.07102913 -0.07080299 -0.07048235 -0.07007961 -0.06960536
 -0.06906866 -0.0684773  -0.06783795 -0.06715639 -0.06643761 -0.06568592
 -0.06490509 -0.0640984  -0.06326871 -0.06241855 -0.06155013 -0.06066539
 -0.05976607 -0.0588537  -0.05792962 -0.05699505 -0.05605106 -0.05509862
 -0.05413858 -0.05317171 -0.05219871 -0.05122021 -0.05023675 -0.04924885
 -0.04825696 -0.0472615  -0.04626284 -0.04526131 -0.04425723 -0.04325087
 -0.04224248 -0.0412323  -0.04022054 -0.03920737 -0.03819298 -0.03717753
 -0.03616116 -0.03514399 -0.03412615 -0.03310775 -0.03208889 -0.03106965
 -0.03005012 -0.02903037 -0.02801048 -0.02699049 -0.02597048 -0.02495049
 -0.02393057 -0.02291076 -0.02189109 -0.02087161 -0.01985235 -0.01883332
 -0.01781457 -0.0167961  -0.01577794 -0.01476012 -0.01374263 -0.01272551
 -0.01170875 -0.01069238 -0.00967639 -0.00866081 -0.00764563 -0.00663085
 -0.0056165  -0.00460256 -0.00358904 -0.00257594 -0.00156326 -0.00055101]"
