sigma0re,sigma0im,beta0re,beta0im,mu0re,mu0im,beta1re,beta1im,sigma1re,sigma1im,mu1re,mu1im,alpha0,alpha1,b_star,corresponding_negative_eigenvalues
0.2,0.3,1,1.1,1.0,1.1000000000000032,1,1.1,0.2,0.3,-0.5,1.1000000000000028,0.0,0.0,"[0.28 0.29 0.3  0.31 0.32 0.33 0.34 0.35 0.36 0.37 0.38 0.39 0.4  0.41
 0.42 0.43 0.44 0.45 0.46 0.47 0.48 0.49 0.5  0.51 0.52 0.53 0.54 0.55
 0.56 0.57 0.58 0.59 0.6  0.61 0.62 0.63 0.64 0.65 0.66 0.67 0.68 0.69
 0.7  0.71 0.72 0.73 0.74 0.75 0.76 0.77 0.78 0.79 0.8 ]","[-2.18949285e-03 -2.72148708e-02 -7.05374970e-02 -1.09205242e-01
 -1.06689710e-01 -1.04194017e-01 -1.01717442e-01 -9.92592841e-02
 -9.68188632e-02 -9.43955219e-02 -9.19886243e-02 -8.95975567e-02
 -8.72217273e-02 -8.48605654e-02 -8.25135215e-02 -8.01800668e-02
 -7.78596922e-02 -7.55519080e-02 -7.32562436e-02 -7.09722461e-02
 -6.86994806e-02 -6.64375286e-02 -6.41859881e-02 -6.19444727e-02
 -5.97126110e-02 -5.74900460e-02 -5.52764343e-02 -5.30714462e-02
 -5.08747644e-02 -4.86860838e-02 -4.65051111e-02 -4.43315641e-02
 -4.21651714e-02 -4.00056719e-02 -3.78528142e-02 -3.57063566e-02
 -3.35660661e-02 -3.14317187e-02 -2.93030984e-02 -2.71799975e-02
 -2.50622158e-02 -2.29495602e-02 -2.08418449e-02 -1.87388907e-02
 -1.66405251e-02 -1.45465814e-02 -1.24568992e-02 -1.03713237e-02
 -8.28970553e-03 -6.21190063e-03 -4.13777004e-03 -2.06717965e-03
 -5.55111512e-17]"
