sigma0re,sigma0im,beta0re,beta0im,mu0re,mu0im,beta1re,beta1im,sigma1re,sigma1im,mu1re,mu1im,alpha0,alpha1,b_star,corresponding_negative_eigenvalues
0.2,0.3,1,1.1,1.0,-0.09999999999999742,1,1.1,0.2,0.3,-0.5,-0.49999999999999867,0.1,0.1,"[0.01 0.02 0.03 0.04 0.05 0.06 0.07 0.08 0.09 0.1  0.11 0.12 0.13 0.14
 0.15 0.16 0.17 0.18 0.19 0.2  0.21]","[-2.15107094e-05 -8.52581004e-05 -1.88901233e-04 -3.28583619e-04
 -4.99003631e-04 -6.93518059e-04 -9.04282461e-04 -1.12243111e-03
 -1.33829734e-03 -1.54167170e-03 -1.72209146e-03 -1.86915000e-03
 -1.97281084e-03 -2.02370803e-03 -2.01341396e-03 -1.93465740e-03
 -1.78147882e-03 -1.54931618e-03 -1.23502084e-03 -8.36809922e-04
 -3.54166064e-04]"
