sigma0re,sigma0im,beta0re,beta0im,mu0re,mu0im,beta1re,beta1im,sigma1re,sigma1im,mu1re,mu1im,alpha0,alpha1,b_star,corresponding_negative_eigenvalues
0.2,0.3,1,1.1,1.0,2.3000000000000043,1,1.1,0.2,0.3,-0.5,0.10000000000000187,0.1,0.1,"[0.01 0.02 0.03 0.04 0.05 0.06 0.07 0.08 0.09 0.1  0.11 0.12 0.13 0.14
 0.15 0.16 0.17 0.18 0.19 0.2  0.21 0.22]","[-0.00011838 -0.00047053 -0.00104724 -0.00183261 -0.00280317 -0.00392685
 -0.00516206 -0.00645703 -0.00775021 -0.00897216 -0.01004935 -0.01091004
 -0.01149102 -0.01174396 -0.01163935 -0.01116722 -0.01033472 -0.0091619
 -0.00767684 -0.00591147 -0.00389831 -0.00166848]"
