sigma0re,sigma0im,beta0re,beta0im,mu0re,mu0im,beta1re,beta1im,sigma1re,sigma1im,mu1re,mu1im,alpha0,alpha1,b_star,corresponding_negative_eigenvalues
0.2,0.3,1,1.1,1.0,2.400000000000005,1,1.1,0.2,0.3,-0.5,0.30000000000000204,0.1,0.1,"[0.01 0.02 0.03 0.04 0.05 0.06 0.07 0.08 0.09 0.1  0.11 0.12 0.13 0.14
 0.15 0.16 0.17 0.18 0.19 0.2  0.21 0.22 0.23 0.24 0.25 0.26 0.27 0.28
 0.29 0.3  0.31 0.32 0.33 0.34 0.35 0.36 0.37 0.38 0.39 0.4  0.41 0.42
 0.43 0.44 0.45 0.46 4.91 4.92 4.93 4.94 4.95 4.96 4.97 4.98 4.99 5.  ]","[-0.00033996 -0.00136459 -0.00308839 -0.00553648 -0.00874601 -0.01276811
 -0.01767011 -0.02353641 -0.03046291 -0.03852759 -0.04768308 -0.05745087
 -0.06647372 -0.07301694 -0.07660735 -0.07795906 -0.0778744  -0.07689
 -0.07532861 -0.07338498 -0.07118035 -0.06879304 -0.06627535 -0.06366326
 -0.06098215 -0.05825029 -0.05548109 -0.05268453 -0.04986814 -0.04703764
 -0.04419744 -0.04135095 -0.03850082 -0.03564912 -0.03279747 -0.02994715
 -0.02709915 -0.02425427 -0.02141311 -0.01857615 -0.01574377 -0.01291625
 -0.0100938  -0.00727659 -0.00446474 -0.00165833 -0.00061523 -0.00510917
 -0.00962982 -0.01417723 -0.01875143 -0.02335245 -0.02798032 -0.03263508
 -0.03731676 -0.0420254 ]"
