sigma0re,sigma0im,beta0re,beta0im,mu0re,mu0im,beta1re,beta1im,sigma1re,sigma1im,mu1re,mu1im,alpha0,alpha1,b_star,corresponding_negative_eigenvalues
0.2,0.3,1,1.1,1.0,1.7000000000000046,1,1.1,0.2,0.3,-0.5,0.30000000000000204,0.0,0.0,"[0.01 0.02 0.03 0.04 0.05 0.06 0.07 0.08 0.09 0.1  0.11 0.12 0.13 0.14
 0.15 0.16 0.17 0.18 0.19 0.2  0.21 0.22 0.23 0.24 0.25 0.26 0.27 0.28
 0.29 0.3  0.31 0.32 0.33 0.34 0.35 0.36 0.37 0.38 0.39 0.4  0.41 0.42
 0.43 0.44 0.45 0.46 0.47 0.48 0.49 0.5  0.51]","[-0.00028195 -0.00112993 -0.00255028 -0.00455359 -0.00715453 -0.01037139
 -0.01422495 -0.01873561 -0.02391717 -0.02976339 -0.03622069 -0.04313792
 -0.05019398 -0.05685522 -0.06249091 -0.06666897 -0.06934273 -0.07073966
 -0.07115867 -0.07085961 -0.07003822 -0.06883463 -0.06734804 -0.06564905
 -0.06378854 -0.06180372 -0.05972222 -0.05756486 -0.05534753 -0.05308249
 -0.05077932 -0.04844558 -0.04608727 -0.0437092  -0.04131523 -0.03890851
 -0.0364916  -0.03406658 -0.03163518 -0.02919879 -0.02675858 -0.02431552
 -0.02187038 -0.01942381 -0.01697636 -0.01452847 -0.01208048 -0.0096327
 -0.00718535 -0.00473863 -0.00229267]"
