sigma0re,sigma0im,beta0re,beta0im,mu0re,mu0im,beta1re,beta1im,sigma1re,sigma1im,mu1re,mu1im,alpha0,alpha1,b_star,corresponding_negative_eigenvalues
0.2,0.3,1,1.1,1.0,-0.799999999999998,1,1.1,0.2,0.3,-0.5,-0.6999999999999988,0.0,0.0,"[0.01 0.02 0.03 0.04 0.05 0.06 0.07 0.08 0.09 0.1  0.11 0.12 0.13 0.14
 0.15 0.16 0.17 0.18 0.19 0.2  0.21 0.22 0.23 0.24 0.25 0.26 0.27 0.28
 0.29 0.3  0.31 0.32 0.33 0.34 0.35 0.36 0.37 0.38 0.39 0.4  0.41 0.42
 0.43 0.44 0.45 0.46 0.47 0.48 0.49 0.5  0.51 0.52 0.53 0.54 0.55 0.56
 0.57 0.58 0.59 0.6  0.61 0.62 0.63 0.64 0.65 0.66 0.67 0.68 0.69 0.7
 0.71 0.72 0.73 0.74 0.75 0.76 0.77 0.78 0.79 0.8  0.81 0.82 0.83 0.84
 0.85 0.86 0.87 0.88 0.89 0.9  0.91 0.92 0.93 0.94 0.95 0.96 0.97 0.98
 0.99]","[-0.00030975 -0.00124319 -0.00281324 -0.00504258 -0.00796558 -0.01163156
 -0.01611024 -0.02150097 -0.02794911 -0.03567791 -0.04505694 -0.05677582
 -0.07240848 -0.09680115 -0.11186032 -0.102822   -0.10222088 -0.10477063
 -0.10913445 -0.11482665 -0.12165545 -0.12042006 -0.11880599 -0.11714036
 -0.11544077 -0.11371927 -0.11198431 -0.11024192 -0.10849648 -0.10675122
 -0.1050085  -0.10327009 -0.10153729 -0.09981106 -0.09809211 -0.09638092
 -0.09467785 -0.09298311 -0.09129685 -0.08961912 -0.08794992 -0.08628922
 -0.08463693 -0.08299295 -0.08135717 -0.07972944 -0.0781096  -0.07649751
 -0.07489299 -0.07329587 -0.07170599 -0.07012316 -0.06854722 -0.06697798
 -0.06541529 -0.06385897 -0.06230886 -0.06076479 -0.0592266  -0.05769413
 -0.05616723 -0.05464575 -0.05312955 -0.05161847 -0.05011238 -0.04861115
 -0.04711464 -0.04562271 -0.04413526 -0.04265214 -0.04117325 -0.03969847
 -0.03822769 -0.03676079 -0.03529767 -0.03383823 -0.03238237 -0.03092998
 -0.02948097 -0.02803526 -0.02659274 -0.02515334 -0.02371697 -0.02228354
 -0.02085297 -0.01942519 -0.01800012 -0.01657769 -0.01515782 -0.01374044
 -0.01232548 -0.01091289 -0.00950259 -0.00809452 -0.00668861 -0.00528482
 -0.00388308 -0.00248334 -0.00108553]"
