sigma0re,sigma0im,beta0re,beta0im,mu0re,mu0im,beta1re,beta1im,sigma1re,sigma1im,mu1re,mu1im,alpha0,alpha1,b_star,corresponding_negative_eigenvalues
0.2,0.3,1,1.1,1.0,-0.2999999999999976,1,1.1,0.2,0.3,-0.5,-2.0,0.0,0.0,"[0.01 0.02 0.03 0.04 0.05 0.06 0.07 0.08 0.09 0.1  0.11 0.12 0.13 0.14
 0.15 0.16]","[-0.00033077 -0.00131402 -0.00291979 -0.00508878 -0.00771709 -0.0106351
 -0.0135868  -0.01622886 -0.01817803 -0.01911263 -0.01887168 -0.01747567
 -0.01506655 -0.01182932 -0.00794039 -0.00354672]"
