sigma0re,sigma0im,beta0re,beta0im,mu0re,mu0im,beta1re,beta1im,sigma1re,sigma1im,mu1re,mu1im,alpha0,alpha1,b_star,corresponding_negative_eigenvalues
0.2,0.3,1,1.1,1.0,-0.09999999999999742,1,1.1,0.2,0.3,-0.5,-1.4999999999999996,0.1,0.1,[0.01 0.02 0.03 0.04 0.05 0.06 0.07 0.08 0.09 0.1  0.11],"[-6.03118963e-05 -2.35034439e-04 -5.05461666e-04 -8.40290814e-04
 -1.19576865e-03 -1.51655407e-03 -1.73786400e-03 -1.78937411e-03
 -1.60092998e-03 -1.10939988e-03 -2.65252475e-04]"
