sigma0re,sigma0im,beta0re,beta0im,mu0re,mu0im,beta1re,beta1im,sigma1re,sigma1im,mu1re,mu1im,alpha0,alpha1,b_star,corresponding_negative_eigenvalues
0.2,0.3,1,1.1,1.0,-0.3999999999999977,1,1.1,0.2,0.3,-0.5,-1.9,0.1,0.1,"[0.01 0.02 0.03 0.04 0.05 0.06 0.07 0.08 0.09 0.1  0.11 0.12 0.13 0.14
 0.15 0.16 0.17 0.18 0.19 0.2  0.21 0.22]","[-0.00032983 -0.00131744 -0.00295604 -0.00522999 -0.00810697 -0.01152419
 -0.0153665  -0.01943671 -0.02342925 -0.0269399  -0.02955147 -0.03097632
 -0.03114654 -0.03017946 -0.02827711 -0.02564579 -0.02245991 -0.01885507
 -0.01493288 -0.01076863 -0.00641801 -0.00192254]"
