sigma0re,sigma0im,beta0re,beta0im,mu0re,mu0im,beta1re,beta1im,sigma1re,sigma1im,mu1re,mu1im,alpha0,alpha1,b_star,corresponding_negative_eigenvalues
0.2,0.3,1,1.1,1.0,1.400000000000004,1,1.1,0.2,0.3,-0.5,1.500000000000003,0.1,0.1,"[0.29 0.3  0.31 0.32 0.33 0.34 0.35 0.36 0.37 0.38 0.39 0.4  0.41 0.42
 0.43 0.44 0.45 0.46 0.47 0.48 0.49 0.5  0.51 0.52 0.53 0.54 0.55 0.56
 0.57 0.58 0.59 0.6  0.61 0.62 0.63 0.64 0.65 0.66 0.67 0.68 0.69 0.7
 0.71 0.72 0.73 0.74 0.75 0.76 0.77 0.78 0.79 0.8  0.81 0.82 0.83 0.84
 0.85 0.86 0.87 0.88 0.89 0.9  0.91 0.92 0.93 0.94 0.95]","[-0.0023995  -0.02993863 -0.07762596 -0.11798278 -0.11577024 -0.11357612
 -0.11139991 -0.10924115 -0.10709933 -0.10497399 -0.10286465 -0.10077086
 -0.09869217 -0.09662815 -0.09457836 -0.0925424  -0.09051987 -0.08851036
 -0.08651352 -0.08452897 -0.08255636 -0.08059536 -0.07864564 -0.07670688
 -0.07477879 -0.07286106 -0.07095343 -0.06905562 -0.06716738 -0.06528846
 -0.06341861 -0.06155762 -0.05970527 -0.05786134 -0.05602564 -0.05419797
 -0.05237816 -0.05056602 -0.04876139 -0.04696412 -0.04517404 -0.04339101
 -0.04161489 -0.03984555 -0.03808286 -0.0363267  -0.03457695 -0.03283351
 -0.03109626 -0.0293651  -0.02763995 -0.02592071 -0.02420728 -0.0224996
 -0.02079758 -0.01910114 -0.01741021 -0.01572473 -0.01404463 -0.01236985
 -0.01070033 -0.00903601 -0.00737684 -0.00572277 -0.00407376 -0.00242975
 -0.00079071]"
