sigma0re,sigma0im,beta0re,beta0im,mu0re,mu0im,beta1re,beta1im,sigma1re,sigma1im,mu1re,mu1im,alpha0,alpha1,b_star,corresponding_negative_eigenvalues
0.2,0.3,1,1.1,1.0,1.2000000000000037,1,1.1,0.2,0.3,-0.5,1.7763568394002505e-15,0.1,0.1,[0.01 0.02 0.03 0.04 0.05 0.06 0.07 0.08 0.09 0.1  0.11],"[-9.01890567e-06 -3.51058272e-05 -7.53765631e-05 -1.25109003e-04
 -1.77873408e-04 -2.25719452e-04 -2.59421893e-04 -2.68783748e-04
 -2.42990838e-04 -1.71005273e-04 -4.19786664e-05]"
