sigma0re,sigma0im,beta0re,beta0im,mu0re,mu0im,beta1re,beta1im,sigma1re,sigma1im,mu1re,mu1im,alpha0,alpha1,b_star,corresponding_negative_eigenvalues
0.2,0.3,1,1.1,1.0,0.6000000000000032,1,1.1,0.2,0.3,-0.5,0.8000000000000025,0.1,0.1,"[0.34 0.35 0.36 0.37 0.38 0.39 0.4  0.41 0.42 0.43 0.44 0.45 0.46 0.47
 0.48 0.49 0.5  0.51 0.52 0.53 0.54 0.55 0.56 0.57 0.58 0.59 0.6  0.61
 0.62 0.63 0.64 0.65 0.66 0.67 0.68 0.69 0.7  0.71 0.72 0.73 0.74]","[-0.00869143 -0.03591319 -0.06191936 -0.06029308 -0.05865504 -0.05700807
 -0.05535453 -0.05369636 -0.05203516 -0.05037228 -0.04870885 -0.04704579
 -0.0453839  -0.04372383 -0.04206612 -0.04041124 -0.03875957 -0.03711142
 -0.03546706 -0.03382672 -0.03219055 -0.03055872 -0.02893133 -0.02730848
 -0.02569024 -0.02407666 -0.02246778 -0.02086362 -0.01926421 -0.01766954
 -0.01607961 -0.01449442 -0.01291395 -0.01133817 -0.00976708 -0.00820063
 -0.00663881 -0.00508159 -0.00352892 -0.00198079 -0.00043715]"
