sigma0re,sigma0im,beta0re,beta0im,mu0re,mu0im,beta1re,beta1im,sigma1re,sigma1im,mu1re,mu1im,alpha0,alpha1,b_star,corresponding_negative_eigenvalues
0.2,0.3,1,1.1,1.0,2.2000000000000046,1,1.1,0.2,0.3,-0.5,0.20000000000000195,0.1,0.1,"[0.01 0.02 0.03 0.04 0.05 0.06 0.07 0.08 0.09 0.1  0.11 0.12 0.13 0.14
 0.15 0.16 0.17 0.18 0.19 0.2  0.21 0.22 0.23 0.24 0.25 0.26 0.27 0.28
 0.29 0.3  0.31 0.32 0.33 0.34 0.35 0.36]","[-0.00021258 -0.00084987 -0.00191037 -0.00339079 -0.00528482 -0.00758102
 -0.01025968 -0.01328805 -0.01661397 -0.02015784 -0.02380482 -0.02740148
 -0.03076378 -0.03370179 -0.0360572  -0.03773637 -0.03872072 -0.0390524
 -0.03880835 -0.03807684 -0.03694264 -0.03548018 -0.03375161 -0.03180752
 -0.02968851 -0.02742704 -0.02504902 -0.02257519 -0.0200222  -0.01740352
 -0.01473008 -0.0120108  -0.00925301 -0.00646275 -0.00364506 -0.0008041 ]"
