sigma0re,sigma0im,beta0re,beta0im,mu0re,mu0im,beta1re,beta1im,sigma1re,sigma1im,mu1re,mu1im,alpha0,alpha1,b_star,corresponding_negative_eigenvalues
0.2,0.3,1,1.1,1.0,-0.799999999999998,1,1.1,0.2,0.3,-0.5,-0.7999999999999989,0.1,0.1,"[0.01 0.02 0.03 0.04 0.05 0.06 0.07 0.08 0.09 0.1  0.11 0.12 0.13 0.14
 0.15 0.16 0.17 0.18 0.19 0.2  0.21 0.22 0.23 0.24 0.25 0.26 0.27 0.28
 0.29 0.3  0.31 0.32 0.33 0.34 0.35 0.36 0.37 0.38 0.39 0.4  0.41 0.42
 0.43 0.44 0.45 0.46 0.47 0.48 0.49 0.5  0.51 0.52 0.53 0.54 0.55 0.56
 0.57 0.58 0.59 0.6  0.61 0.62 0.63 0.64 0.65 0.66 0.67 0.68 0.69 0.7
 0.71 0.72 0.73 0.74 0.75 0.76 0.77 0.78 0.79 0.8  0.81 0.82 0.83 0.84
 0.85 0.86 0.87]","[-0.00028041 -0.00112516 -0.00254508 -0.00455914 -0.00719589 -0.01049603
 -0.01451644 -0.01933693 -0.0250719  -0.03189168 -0.04006579 -0.05006189
 -0.06281913 -0.08071797 -0.10666607 -0.10501003 -0.10091985 -0.10163333
 -0.1046122  -0.10903291 -0.11455693 -0.11373851 -0.1118766  -0.10995009
 -0.10798131 -0.10598539 -0.10397287 -0.10195129 -0.09992612 -0.09790143
 -0.09588027 -0.09386493 -0.09185716 -0.08985831 -0.08786939 -0.0858912
 -0.08392433 -0.08196924 -0.08002628 -0.0780957  -0.07617768 -0.07427236
 -0.07237981 -0.0705001  -0.06863323 -0.06677922 -0.06493804 -0.06310966
 -0.06129406 -0.05949117 -0.05770095 -0.05592333 -0.05415826 -0.05240567
 -0.05066551 -0.04893771 -0.0472222  -0.04551893 -0.04382783 -0.04214885
 -0.04048193 -0.03882701 -0.03718404 -0.03555297 -0.03393375 -0.03232634
 -0.03073069 -0.02914676 -0.0275745  -0.02601389 -0.02446489 -0.02292745
 -0.02140156 -0.01988718 -0.01838429 -0.01689285 -0.01541285 -0.01394426
 -0.01248707 -0.01104124 -0.00960678 -0.00818365 -0.00677185 -0.00537136
 -0.00398217 -0.00260426 -0.00123763]"
