sigma0re,sigma0im,beta0re,beta0im,mu0re,mu0im,beta1re,beta1im,sigma1re,sigma1im,mu1re,mu1im,alpha0,alpha1,b_star,corresponding_negative_eigenvalues
0.2,0.3,1,1.1,1.0,2.0000000000000044,1,1.1,0.2,0.3,-0.5,1.8000000000000034,0.0,0.0,"[0.21 0.22 0.23 0.24 0.25 0.26 0.27 0.28 0.29 0.3  0.31 0.32 0.33 0.34
 0.35 0.36 0.37 0.38 0.39 0.4  0.41 0.42 0.43 0.44 0.45 0.46 0.47 0.48
 0.49 0.5  0.51 0.52 0.53 0.54 0.55 0.56 0.57 0.58 0.59 0.6  0.61 0.62
 0.63 0.64 0.65 0.66 0.67 0.68 0.69 0.7  0.71 0.72 0.73 0.74 0.75 0.76
 0.77 0.78 0.79 0.8  0.81 0.82 0.83 0.84 0.85 0.86 0.87 0.88 0.89 0.9
 0.91 0.92 0.93 0.94]","[-0.00467454 -0.04068738 -0.11080446 -0.14634998 -0.14415358 -0.14196135
 -0.13977335 -0.13758964 -0.13541025 -0.13323524 -0.13106462 -0.12889843
 -0.12673667 -0.12457936 -0.12242651 -0.1202781  -0.11813413 -0.11599458
 -0.11385945 -0.11172869 -0.10960229 -0.10748022 -0.10536243 -0.10324889
 -0.10113956 -0.09903438 -0.09693331 -0.09483631 -0.09274331 -0.09065426
 -0.0885691  -0.08648778 -0.08441024 -0.08233641 -0.08026624 -0.07819966
 -0.0761366  -0.074077   -0.07202081 -0.06996794 -0.06791835 -0.06587195
 -0.0638287  -0.06178852 -0.05975135 -0.05771712 -0.05568577 -0.05365725
 -0.05163147 -0.04960839 -0.04758794 -0.04557006 -0.04355469 -0.04154177
 -0.03953124 -0.03752304 -0.03551713 -0.03351343 -0.03151189 -0.02951247
 -0.0275151  -0.02551974 -0.02352633 -0.02153483 -0.01954517 -0.01755732
 -0.01557123 -0.01358684 -0.01160411 -0.009623   -0.00764347 -0.00566546
 -0.00368895 -0.00171387]"
