sigma0re,sigma0im,beta0re,beta0im,mu0re,mu0im,beta1re,beta1im,sigma1re,sigma1im,mu1re,mu1im,alpha0,alpha1,b_star,corresponding_negative_eigenvalues
0.2,0.3,1,1.1,1.0,-1.799999999999999,1,1.1,0.2,0.3,-0.5,-0.1999999999999984,0.1,0.1,"[0.32 0.33 0.34 0.35 0.36 4.89 4.9  4.91 4.92 4.93 4.94 4.95 4.96 4.97
 4.98 4.99 5.  ]","[-0.01034403 -0.00804177 -0.00569402 -0.0033079  -0.00088944 -0.00010707
 -0.00422532 -0.00836939 -0.01253932 -0.01673516 -0.02095698 -0.02520481
 -0.02947872 -0.03377874 -0.03810494 -0.04245736 -0.04683606]"
