sigma0re,sigma0im,beta0re,beta0im,mu0re,mu0im,beta1re,beta1im,sigma1re,sigma1im,mu1re,mu1im,alpha0,alpha1,b_star,corresponding_negative_eigenvalues
0.2,0.3,1,1.1,1.0,1.7000000000000046,1,1.1,0.2,0.3,-0.5,0.10000000000000187,0.0,0.0,"[0.01 0.02 0.03 0.04 0.05 0.06 0.07 0.08 0.09 0.1  0.11 0.12 0.13 0.14
 0.15 0.16 0.17 0.18 0.19 0.2  0.21]","[-9.36834452e-05 -3.71822529e-04 -8.25591946e-04 -1.43999656e-03
 -2.19351158e-03 -3.05772994e-03 -3.99718889e-03 -4.96960872e-03
 -5.92681057e-03 -6.81654327e-03 -7.58529827e-03 -8.18191645e-03
 -8.56146346e-03 -8.68862217e-03 -8.53987674e-03 -8.10407875e-03
 -7.38145151e-03 -6.38148116e-03 -5.12030640e-03 -3.61815143e-03
 -1.89715202e-03]"
