sigma0re,sigma0im,beta0re,beta0im,mu0re,mu0im,beta1re,beta1im,sigma1re,sigma1im,mu1re,mu1im,alpha0,alpha1,b_star,corresponding_negative_eigenvalues
0.2,0.3,1,1.1,1.0,-2.4999999999999996,1,1.1,0.2,0.3,-0.5,-0.7999999999999989,0.0,0.0,"[0.25 0.26 0.27 0.28 0.29 0.3  0.31 0.32 0.33 0.34 0.35 0.36 0.37 0.38
 0.39 0.4  0.41 0.42 0.43 0.44 0.45 0.46 0.47 0.48 0.49 0.5  0.51 0.52
 0.53 0.54 0.55 0.56 0.57 0.58 0.59 0.6  0.61 0.62 0.63 0.64 0.65 0.66
 0.67 0.68 0.69 0.7  0.71 0.72 0.73 0.74 0.75 0.76 0.77 0.78 0.79 0.8
 0.81 0.82 0.83 0.84 0.85 0.86 0.87 0.88 0.89 0.9  0.91 0.92 0.93 0.94
 0.95 0.96 0.97 0.98 0.99 1.   1.01 1.02 1.03 1.04 1.05 1.06 1.07 1.08
 1.09 1.1  1.11 1.12 1.13 1.14 1.15 1.16 1.17 1.18 1.19 1.2  1.21 1.22
 1.23 1.24 1.25]","[-0.01109379 -0.03695883 -0.07494517 -0.15031605 -0.14859272 -0.14687402
 -0.14515998 -0.14345067 -0.1417461  -0.14004632 -0.13835134 -0.13666119
 -0.13497587 -0.13329539 -0.13161975 -0.12994895 -0.12828298 -0.12662183
 -0.12496547 -0.1233139  -0.12166708 -0.12002498 -0.11838759 -0.11675485
 -0.11512673 -0.1135032  -0.11188422 -0.11026973 -0.10865969 -0.10705406
 -0.10545279 -0.10385582 -0.1022631  -0.10067459 -0.09909022 -0.09750994
 -0.0959337  -0.09436144 -0.0927931  -0.09122863 -0.08966797 -0.08811105
 -0.08655783 -0.08500824 -0.08346223 -0.08191974 -0.08038071 -0.07884509
 -0.07731281 -0.07578381 -0.07425806 -0.07273547 -0.07121601 -0.06969962
 -0.06818623 -0.0666758  -0.06516827 -0.06366359 -0.06216171 -0.06066257
 -0.05916612 -0.05767232 -0.0561811  -0.05469243 -0.05320625 -0.05172252
 -0.05024118 -0.04876219 -0.04728551 -0.04581108 -0.04433887 -0.04286882
 -0.04140091 -0.03993507 -0.03847128 -0.03700949 -0.03554966 -0.03409174
 -0.03263571 -0.03118151 -0.02972912 -0.0282785  -0.0268296  -0.0253824
 -0.02393685 -0.02249292 -0.02105059 -0.01960981 -0.01817054 -0.01673277
 -0.01529646 -0.01386157 -0.01242808 -0.01099595 -0.00956516 -0.00813567
 -0.00670747 -0.00528051 -0.00385478 -0.00243024 -0.00100687]"
