sigma0re,sigma0im,beta0re,beta0im,mu0re,mu0im,beta1re,beta1im,sigma1re,sigma1im,mu1re,mu1im,alpha0,alpha1,b_star,corresponding_negative_eigenvalues
0.2,0.3,1,1.1,1.0,2.100000000000005,1,1.1,0.2,0.3,-0.5,0.7000000000000024,0.0,0.0,"[0.19 0.2  0.21 0.22 0.23 0.24 0.25 0.26 0.27 0.28 0.29 0.3  0.31 0.32
 0.33 0.34 0.35 0.36 0.37 0.38 0.39 0.4  0.41 0.42 0.43 0.44 0.45 0.46
 0.47 0.48 0.49 0.5  0.51 0.52 0.53 0.54 0.55 0.56 0.57 0.58 0.59 0.6
 0.61 0.62 0.63 0.64 0.65 0.66 0.67 0.68 0.69 0.7  0.71 0.72 0.73 0.74
 0.75 0.76 0.77 0.78 0.79 0.8  0.81 0.82 0.83 0.84 0.85 0.86 0.87 0.88
 0.89 0.9  0.91 0.92 0.93 0.94 0.95 0.96 0.97 0.98 0.99 1.   1.01 1.02
 1.03 1.04 1.05 1.06 1.07 1.08 1.09 1.1  1.11 1.12 1.13 1.14 1.15 1.16
 1.17 1.18 1.19 1.2  1.21 1.22 1.23 1.24 1.25 1.26 1.27 1.28 1.29 1.3
 1.31 1.32 1.33 1.34 1.35 1.36 1.37 1.38]","[-0.00081544 -0.00946874 -0.01923084 -0.03023098 -0.04264508 -0.05672064
 -0.07282246 -0.09152605 -0.11383902 -0.14186694 -0.15113602 -0.14952015
 -0.14791013 -0.14630602 -0.14470783 -0.14311558 -0.14152931 -0.139949
 -0.13837466 -0.13680629 -0.13524387 -0.13368738 -0.1321368  -0.13059211
 -0.12905325 -0.12752021 -0.12599294 -0.12447138 -0.1229555  -0.12144524
 -0.11994055 -0.11844137 -0.11694763 -0.11545929 -0.11397627 -0.11249851
 -0.11102595 -0.10955851 -0.10809613 -0.10663874 -0.10518628 -0.10373866
 -0.10229582 -0.10085769 -0.0994242  -0.09799527 -0.09657083 -0.09515082
 -0.09373516 -0.09232378 -0.09091661 -0.08951358 -0.08811462 -0.08671966
 -0.08532864 -0.08394148 -0.08255812 -0.0811785  -0.07980253 -0.07843017
 -0.07706135 -0.075696   -0.07433406 -0.07297547 -0.07162017 -0.07026809
 -0.06891918 -0.06757338 -0.06623064 -0.06489088 -0.06355407 -0.06222014
 -0.06088904 -0.05956071 -0.05823511 -0.05691218 -0.05559187 -0.05427413
 -0.05295892 -0.05164617 -0.05033586 -0.04902792 -0.04772231 -0.046419
 -0.04511793 -0.04381905 -0.04252234 -0.04122774 -0.03993521 -0.03864472
 -0.03735622 -0.03606968 -0.03478506 -0.03350231 -0.0322214  -0.0309423
 -0.02966497 -0.02838937 -0.02711548 -0.02584325 -0.02457265 -0.02330366
 -0.02203623 -0.02077034 -0.01950596 -0.01824306 -0.0169816  -0.01572156
 -0.01446291 -0.01320563 -0.01194967 -0.01069503 -0.00944166 -0.00818955
 -0.00693867 -0.00568899 -0.00444049 -0.00319315 -0.00194694 -0.00070184]"
