sigma0re,sigma0im,beta0re,beta0im,mu0re,mu0im,beta1re,beta1im,sigma1re,sigma1im,mu1re,mu1im,alpha0,alpha1,b_star,corresponding_negative_eigenvalues
0.2,0.3,1,1.1,1.0,1.1000000000000032,1,1.1,0.2,0.3,-0.5,1.2000000000000028,0.0,0.0,"[0.28 0.29 0.3  0.31 0.32 0.33 0.34 0.35 0.36 0.37 0.38 0.39 0.4  0.41
 0.42 0.43 0.44 0.45 0.46 0.47 0.48 0.49 0.5  0.51 0.52 0.53 0.54 0.55
 0.56 0.57 0.58 0.59 0.6  0.61 0.62 0.63 0.64 0.65 0.66 0.67 0.68 0.69
 0.7 ]","[-0.00330999 -0.03427232 -0.10254776 -0.09975956 -0.09699305 -0.09424735
 -0.09152161 -0.08881499 -0.0861267  -0.08345599 -0.08080212 -0.0781644
 -0.07554214 -0.0729347  -0.07034148 -0.06776187 -0.06519531 -0.06264126
 -0.06009919 -0.05756862 -0.05504907 -0.05254008 -0.05004121 -0.04755206
 -0.04507221 -0.04260129 -0.04013893 -0.03768477 -0.03523849 -0.03279975
 -0.03036826 -0.02794371 -0.02552581 -0.0231143  -0.02070892 -0.01830941
 -0.01591553 -0.01352705 -0.01114375 -0.00876541 -0.00639183 -0.00402282
 -0.00165819]"
