sigma0re,sigma0im,beta0re,beta0im,mu0re,mu0im,beta1re,beta1im,sigma1re,sigma1im,mu1re,mu1im,alpha0,alpha1,b_star,corresponding_negative_eigenvalues
0.2,0.3,1,1.1,1.0,-0.699999999999998,1,1.1,0.2,0.3,-0.5,-1.0999999999999992,0.1,0.1,"[0.01 0.02 0.03 0.04 0.05 0.06 0.07 0.08 0.09 0.1  0.11 0.12 0.13 0.14
 0.15 0.16 0.17 0.18 0.19 0.2  0.21 0.22 0.23 0.24 0.25 0.26 0.27 0.28
 0.29 0.3  0.31 0.32 0.33 0.34 0.35 0.36 0.37 0.38 0.39 0.4  0.41 0.42
 0.43 0.44 0.45 0.46 0.47 0.48 0.49 0.5  0.51]","[-0.00033762 -0.00135557 -0.00306956 -0.0055072  -0.00871029 -0.01273876
 -0.01767677 -0.02364224 -0.03080109 -0.03938479 -0.04968815 -0.06188596
 -0.0749266  -0.08490294 -0.08971197 -0.09115178 -0.09084133 -0.08958443
 -0.08777586 -0.08562523 -0.08325274 -0.08073182 -0.07810961 -0.07541763
 -0.07267762 -0.06990498 -0.06711086 -0.06430346 -0.06148888 -0.05867175
 -0.05585557 -0.05304304 -0.05023624 -0.04743675 -0.04464581 -0.04186437
 -0.03909316 -0.03633273 -0.03358349 -0.03084575 -0.02811972 -0.02540556
 -0.02270333 -0.0200131  -0.01733487 -0.0146686  -0.01201427 -0.0093718
 -0.00674112 -0.00412214 -0.00151475]"
