sigma0re,sigma0im,beta0re,beta0im,mu0re,mu0im,beta1re,beta1im,sigma1re,sigma1im,mu1re,mu1im,alpha0,alpha1,b_star,corresponding_negative_eigenvalues
0.2,0.3,1,1.1,1.0,-1.5999999999999988,1,1.1,0.2,0.3,-0.5,-0.1999999999999984,0.1,0.1,"[0.31 0.32 0.33 0.34 0.35 0.36 0.37 0.38 0.39 4.65 4.66 4.67 4.68 4.69
 4.7  4.71 4.72 4.73 4.74 4.75 4.76 4.77 4.78 4.79 4.8  4.81 4.82 4.83
 4.84 4.85 4.86 4.87 4.88 4.89 4.9  4.91 4.92 4.93 4.94 4.95 4.96 4.97
 4.98 4.99 5.  ]","[-0.01795009 -0.01611991 -0.01422462 -0.01227362 -0.01027502 -0.00823576
 -0.00616182 -0.00405837 -0.00192987 -0.00276259 -0.00619856 -0.00965742
 -0.01313922 -0.01664402 -0.02017188 -0.02372285 -0.02729697 -0.03089432
 -0.03451493 -0.03815887 -0.04182618 -0.04551693 -0.04923116 -0.05296894
 -0.0567303  -0.06051532 -0.06432404 -0.06815651 -0.07201279 -0.07589294
 -0.07979701 -0.08372505 -0.08767712 -0.09165327 -0.09565356 -0.09967803
 -0.10372675 -0.10779976 -0.11189713 -0.1160189  -0.12016513 -0.12433587
 -0.12853119 -0.13275112 -0.13699573]"
