sigma0re,sigma0im,beta0re,beta0im,mu0re,mu0im,beta1re,beta1im,sigma1re,sigma1im,mu1re,mu1im,alpha0,alpha1,b_star,corresponding_negative_eigenvalues
0.2,0.3,1,1.1,1.0,-1.899999999999999,1,1.1,0.2,0.3,-0.5,-1.5999999999999996,0.0,0.0,"[0.18 0.19 0.2  0.21 0.22 0.23 0.24 0.25 0.26 0.27 0.28 0.29 0.3  0.31
 0.32 0.33 0.34 0.35 0.36 0.37 0.38 0.39 0.4  0.41 0.42 0.43 0.44 0.45
 0.46 0.47 0.48 0.49 0.5  0.51 0.52 0.53 0.54 0.55 0.56 0.57 0.58 0.59
 0.6  0.61 0.62 0.63 0.64 0.65 0.66 0.67 0.68 0.69 0.7  0.71 0.72 0.73
 0.74 0.75 0.76 0.77 0.78 0.79 0.8  0.81 0.82 0.83 0.84 0.85 0.86 0.87
 0.88 0.89 0.9  0.91 0.92 0.93 0.94 0.95 0.96 0.97 0.98 0.99 1.   1.01
 1.02 1.03 1.04 1.05 1.06 1.07]","[-0.00771844 -0.02335634 -0.0416866  -0.0634462  -0.08994952 -0.1240244
 -0.15198109 -0.15001445 -0.14805151 -0.14609237 -0.14413707 -0.14218567
 -0.14023821 -0.13829475 -0.13635531 -0.13441992 -0.13248861 -0.1305614
 -0.12863829 -0.12671929 -0.12480442 -0.12289366 -0.12098701 -0.11908446
 -0.11718599 -0.11529159 -0.11340124 -0.1115149  -0.10963256 -0.10775418
 -0.10587972 -0.10400916 -0.10214245 -0.10027955 -0.09842043 -0.09656503
 -0.09471332 -0.09286524 -0.09102075 -0.08917979 -0.08734233 -0.0855083
 -0.08367766 -0.08185035 -0.08002633 -0.07820553 -0.0763879  -0.0745734
 -0.07276196 -0.07095353 -0.06914806 -0.0673455  -0.06554579 -0.06374888
 -0.06195471 -0.06016323 -0.05837439 -0.05658814 -0.05480442 -0.05302319
 -0.05124439 -0.04946797 -0.04769388 -0.04592208 -0.04415251 -0.04238513
 -0.04061989 -0.03885675 -0.03709565 -0.03533655 -0.03357941 -0.03182418
 -0.03007082 -0.02831928 -0.02656954 -0.02482153 -0.02307523 -0.02133059
 -0.01958758 -0.01784615 -0.01610627 -0.01436789 -0.012631   -0.01089554
 -0.00916148 -0.0074288  -0.00569745 -0.0039674  -0.00223862 -0.00051107]"
