sigma0re,sigma0im,beta0re,beta0im,mu0re,mu0im,beta1re,beta1im,sigma1re,sigma1im,mu1re,mu1im,alpha0,alpha1,b_star,corresponding_negative_eigenvalues
0.2,0.3,1,1.1,1.0,1.8000000000000043,1,1.1,0.2,0.3,-0.5,0.20000000000000195,0.1,0.1,"[0.01 0.02 0.03 0.04 0.05 0.06 0.07 0.08 0.09 0.1  0.11 0.12 0.13 0.14
 0.15 0.16 0.17 0.18 0.19 0.2  0.21 0.22 0.23 0.24 0.25 0.26 0.27 0.28
 0.29 0.3  0.31 0.32 0.33 0.34 0.35 0.36 0.37 0.38 0.39 0.4  0.41 0.42
 0.43 4.89 4.9  4.91 4.92 4.93 4.94 4.95 4.96 4.97 4.98 4.99 5.  ]","[-0.00017457 -0.00069778 -0.00156803 -0.00278222 -0.00433509 -0.00621815
 -0.00841816 -0.01091495 -0.01367862 -0.01666598 -0.0198168  -0.02305065
 -0.02626624 -0.02934574 -0.03216574 -0.03461403 -0.03660685 -0.03809982
 -0.03908832 -0.03959906 -0.03967799 -0.0393792  -0.0387571  -0.03786199
 -0.03673813 -0.03542328 -0.03394912 -0.03234198 -0.03062362 -0.02881203
 -0.02692206 -0.02496601 -0.0229541  -0.02089485 -0.01879539 -0.01666169
 -0.01449882 -0.01231104 -0.01010199 -0.00787476 -0.00563201 -0.00337601
 -0.00110874 -0.00083003 -0.00493815 -0.00907221 -0.01323224 -0.01741831
 -0.02163046 -0.02586874 -0.03013321 -0.03442391 -0.03874089 -0.0430842
 -0.0474539 ]"
