sigma0re,sigma0im,beta0re,beta0im,mu0re,mu0im,beta1re,beta1im,sigma1re,sigma1im,mu1re,mu1im,alpha0,alpha1,b_star,corresponding_negative_eigenvalues
0.2,0.3,1,1.1,1.0,-1.9999999999999991,1,1.1,0.2,0.3,-0.5,-1.7999999999999998,0.1,0.1,"[0.18 0.19 0.2  0.21 0.22 0.23 0.24 0.25 0.26 0.27 0.28 0.29 0.3  0.31
 0.32 0.33 0.34 0.35 0.36 0.37 0.38 0.39 0.4  0.41 0.42 0.43 0.44 0.45
 0.46 0.47 0.48 0.49 0.5  0.51 0.52 0.53 0.54 0.55 0.56 0.57 0.58 0.59
 0.6  0.61 0.62 0.63 0.64 0.65 0.66 0.67 0.68 0.69 0.7  0.71 0.72 0.73
 0.74 0.75 0.76 0.77 0.78 0.79 0.8  0.81 0.82 0.83 0.84 0.85 0.86 0.87
 0.88 0.89 0.9  0.91 0.92 0.93 0.94 0.95 0.96 0.97 0.98 0.99 1.   1.01
 1.02 1.03 1.04 1.05 1.06 1.07 1.08 1.09 1.1  1.11 1.12 1.13 1.14 1.15
 1.16 1.17 1.18]","[-0.00079896 -0.01562015 -0.03296591 -0.05344791 -0.07809781 -0.10892699
 -0.15115306 -0.15035893 -0.14840047 -0.14644269 -0.14448547 -0.14252868
 -0.14057221 -0.13861595 -0.13665982 -0.13470372 -0.13274759 -0.13079136
 -0.12883501 -0.12687849 -0.1249218  -0.12296495 -0.12100797 -0.11905091
 -0.11709383 -0.11513684 -0.11318005 -0.11122362 -0.10926773 -0.10731256
 -0.10535837 -0.10340541 -0.10145398 -0.09950441 -0.09755705 -0.09561231
 -0.0936706  -0.09173238 -0.08979814 -0.08786839 -0.08594369 -0.0840246
 -0.08211173 -0.0802057  -0.07830717 -0.0764168  -0.07453527 -0.0726633
 -0.07080158 -0.06895086 -0.06711185 -0.06528529 -0.06347192 -0.06167246
 -0.05988765 -0.0581182  -0.05636481 -0.05462818 -0.05290898 -0.05120787
 -0.04952547 -0.0478624  -0.04621923 -0.0445965  -0.04299475 -0.04141445
 -0.03985606 -0.03831998 -0.03680659 -0.03531622 -0.03384917 -0.03240569
 -0.03098598 -0.02959021 -0.0282185  -0.02687092 -0.0255475  -0.02424821
 -0.022973   -0.02172174 -0.02049427 -0.0192904  -0.01810986 -0.01695235
 -0.01581753 -0.01470501 -0.01361437 -0.01254511 -0.01149673 -0.01046868
 -0.00946036 -0.00847116 -0.00750041 -0.00654743 -0.00561151 -0.00469192
 -0.00378791 -0.0028987  -0.00202351 -0.00116155 -0.00031203]"
