sigma0re,sigma0im,beta0re,beta0im,mu0re,mu0im,beta1re,beta1im,sigma1re,sigma1im,mu1re,mu1im,alpha0,alpha1,b_star,corresponding_negative_eigenvalues
0.2,0.3,1,1.1,1.0,1.1000000000000032,1,1.1,0.2,0.3,-0.5,0.10000000000000187,0.1,0.1,"[0.01 0.02 0.03 0.04 0.05 0.06 0.07 0.08 0.09 0.1  0.11 0.12 0.13 0.14
 0.15 0.16 0.17 0.18 0.19 0.2  0.21 0.22 0.23 0.24 0.25 0.26 0.27 0.28
 0.29 0.3  0.31 0.32 0.33 0.34 0.35 0.36 0.37 0.38 0.39 0.4  4.54 4.55
 4.56 4.57 4.58 4.59 4.6  4.61 4.62 4.63 4.64 4.65 4.66 4.67 4.68 4.69
 4.7  4.71 4.72 4.73 4.74 4.75 4.76 4.77 4.78 4.79 4.8  4.81 4.82 4.83
 4.84 4.85 4.86 4.87 4.88 4.89 4.9  4.91 4.92 4.93 4.94 4.95 4.96 4.97
 4.98 4.99 5.  ]","[-5.82565455e-05 -2.32170769e-04 -5.19169500e-04 -9.14942665e-04
 -1.41341691e-03 -2.00673047e-03 -2.68522115e-03 -3.43744278e-03
 -4.25022800e-03 -5.10881621e-03 -5.99706454e-03 -6.89775433e-03
 -7.79299692e-03 -8.66472933e-03 -9.49527536e-03 -1.02679324e-02
 -1.09675343e-02 -1.15809367e-02 -1.20973800e-02 -1.25086979e-02
 -1.28093636e-02 -1.29963837e-02 -1.30690691e-02 -1.30287206e-02
 -1.28782701e-02 -1.26219126e-02 -1.22647577e-02 -1.18125181e-02
 -1.12712462e-02 -1.06471208e-02 -9.94628158e-03 -9.17470711e-03
 -8.33812908e-03 -7.44197651e-03 -6.49134326e-03 -5.49097338e-03
 -4.44525944e-03 -3.35825017e-03 -2.23366424e-03 -1.07490807e-03
 -1.50299086e-04 -2.89883226e-03 -5.66701831e-03 -8.45491478e-03
 -1.12625794e-02 -1.40900701e-02 -1.69374451e-02 -1.98047626e-02
 -2.26920811e-02 -2.55994595e-02 -2.85269566e-02 -3.14746315e-02
 -3.44425436e-02 -3.74307524e-02 -4.04393176e-02 -4.34682992e-02
 -4.65177573e-02 -4.95877522e-02 -5.26783444e-02 -5.57895949e-02
 -5.89215644e-02 -6.20743142e-02 -6.52479057e-02 -6.84424005e-02
 -7.16578603e-02 -7.48943473e-02 -7.81519236e-02 -8.14306517e-02
 -8.47305943e-02 -8.80518142e-02 -9.13943747e-02 -9.47583389e-02
 -9.81437705e-02 -1.01550733e-01 -1.04979291e-01 -1.08429508e-01
 -1.11901449e-01 -1.15395178e-01 -1.18910760e-01 -1.22448261e-01
 -1.26007746e-01 -1.29589280e-01 -1.33192929e-01 -1.36818759e-01
 -1.40466836e-01 -1.44137227e-01 -1.47829999e-01]"
