sigma0re,sigma0im,beta0re,beta0im,mu0re,mu0im,beta1re,beta1im,sigma1re,sigma1im,mu1re,mu1im,alpha0,alpha1,b_star,corresponding_negative_eigenvalues
0.2,0.3,1,1.1,1.0,-3.0,1,1.1,0.2,0.3,-0.5,-0.49999999999999867,0.1,0.1,"[0.3  0.31 0.32 0.33 0.34 0.35 0.36 0.37 0.38 0.39 0.4  0.41 0.42 0.43
 0.44 0.45 0.46 0.47 0.48 0.49 0.5  0.51 0.52 0.53 4.52 4.53 4.54 4.55
 4.56 4.57 4.58 4.59 4.6  4.61 4.62 4.63 4.64 4.65 4.66 4.67 4.68 4.69
 4.7  4.71 4.72 4.73 4.74 4.75 4.76 4.77 4.78 4.79 4.8  4.81 4.82 4.83
 4.84 4.85 4.86 4.87 4.88 4.89 4.9  4.91 4.92 4.93 4.94 4.95 4.96 4.97
 4.98 4.99 5.  ]","[-0.03715186 -0.0715972  -0.06817498 -0.06478302 -0.06142043 -0.0580864
 -0.05478018 -0.05150104 -0.04824833 -0.04502142 -0.04181974 -0.03864274
 -0.03548991 -0.03236078 -0.0292549  -0.02617187 -0.02311128 -0.02007277
 -0.017056   -0.01406065 -0.01108641 -0.00813299 -0.00520014 -0.00228759
 -0.00072954 -0.00438875 -0.00807154 -0.01177794 -0.01550799 -0.01926171
 -0.02303913 -0.02684028 -0.03066519 -0.03451388 -0.0383864  -0.04228276
 -0.04620299 -0.05014712 -0.05411519 -0.05810722 -0.06212323 -0.06616326
 -0.07022734 -0.07431548 -0.07842773 -0.0825641  -0.08672462 -0.09090933
 -0.09511825 -0.0993514  -0.10360882 -0.10789052 -0.11219655 -0.11652692
 -0.12088165 -0.12526079 -0.12966435 -0.13409235 -0.13854484 -0.14302182
 -0.14752333 -0.1520494  -0.15660004 -0.16117529 -0.16577517 -0.1703997
 -0.17504892 -0.17972284 -0.18442149 -0.18914489 -0.19389308 -0.19866607
 -0.20346389]"
