sigma0re,sigma0im,beta0re,beta0im,mu0re,mu0im,beta1re,beta1im,sigma1re,sigma1im,mu1re,mu1im,alpha0,alpha1,b_star,corresponding_negative_eigenvalues
0.2,0.3,1,1.1,1.0,-2.2999999999999994,1,1.1,0.2,0.3,-0.5,-1.9,0.0,0.0,"[0.17 0.18 0.19 0.2  0.21 0.22 0.23 0.24 0.25 0.26 0.27 0.28 0.29 0.3
 0.31 0.32 0.33 0.34 0.35 0.36 0.37 0.38 0.39 0.4  0.41 0.42 0.43 0.44
 0.45 0.46 0.47 0.48 0.49 0.5  0.51 0.52 0.53 0.54 0.55 0.56 0.57 0.58
 0.59 0.6  0.61 0.62 0.63 0.64 0.65 0.66 0.67 0.68 0.69 0.7  0.71 0.72
 0.73 0.74 0.75 0.76 0.77 0.78 0.79 0.8  0.81 0.82 0.83 0.84 0.85 0.86
 0.87 0.88 0.89 0.9  0.91 0.92 0.93 0.94 0.95 0.96 0.97 0.98 0.99 1.
 1.01 1.02 1.03 1.04 1.05 1.06 1.07 1.08 1.09 1.1  1.11]","[-0.01564481 -0.03782993 -0.06520264 -0.10062722 -0.15300691 -0.15854726
 -0.15667942 -0.1548136  -0.15294986 -0.15108824 -0.14922881 -0.14737159
 -0.14551663 -0.14366398 -0.14181367 -0.13996573 -0.13812019 -0.13627707
 -0.1344364  -0.1325982  -0.13076248 -0.12892926 -0.12709855 -0.12527037
 -0.1234447  -0.12162157 -0.11980097 -0.11798289 -0.11616735 -0.11435432
 -0.11254381 -0.11073581 -0.10893029 -0.10712726 -0.1053267  -0.10352859
 -0.10173291 -0.09993965 -0.09814878 -0.09636029 -0.09457416 -0.09279035
 -0.09100885 -0.08922962 -0.08745266 -0.08567792 -0.08390538 -0.08213502
 -0.0803668  -0.0786007  -0.07683669 -0.07507473 -0.0733148  -0.07155687
 -0.06980091 -0.06804689 -0.06629477 -0.06454453 -0.06279613 -0.06104954
 -0.05930475 -0.0575617  -0.05582037 -0.05408074 -0.05234277 -0.05060643
 -0.04887168 -0.04713851 -0.04540688 -0.04367677 -0.04194813 -0.04022094
 -0.03849519 -0.03677082 -0.03504783 -0.03332617 -0.03160583 -0.02988677
 -0.02816897 -0.0264524  -0.02473703 -0.02302285 -0.02130982 -0.01959792
 -0.01788713 -0.01617741 -0.01446875 -0.01276112 -0.01105451 -0.00934887
 -0.00764421 -0.00594048 -0.00423767 -0.00253576 -0.00083473]"
