sigma0re,sigma0im,beta0re,beta0im,mu0re,mu0im,beta1re,beta1im,sigma1re,sigma1im,mu1re,mu1im,alpha0,alpha1,b_star,corresponding_negative_eigenvalues
0.2,0.3,1,1.1,1.0,1.5000000000000036,1,1.1,0.2,0.3,-0.5,0.20000000000000195,0.0,0.0,"[0.01 0.02 0.03 0.04 0.05 0.06 0.07 0.08 0.09 0.1  0.11 0.12 0.13 0.14
 0.15 0.16 0.17 0.18 0.19 0.2  0.21 0.22 0.23 0.24 0.25 0.26 0.27 0.28
 0.29 0.3  0.31 0.32 0.33 0.34 0.35 0.36 0.37 0.38 0.39]","[-0.00016566 -0.00066149 -0.00148397 -0.00262671 -0.00407973 -0.00582838
 -0.00785179 -0.01012105 -0.012597   -0.01522808 -0.0179488  -0.02067971
 -0.02333007 -0.02580416 -0.0280107  -0.02987363 -0.03134073 -0.03238737
 -0.03301471 -0.03324376 -0.0331081  -0.03264729 -0.03190192 -0.03091058
 -0.02970823 -0.02832561 -0.02678924 -0.02512175 -0.02334227 -0.02146696
 -0.01950943 -0.01748115 -0.01539181 -0.01324958 -0.01106141 -0.0088332
 -0.00656996 -0.00427599 -0.00195497]"
