sigma0re,sigma0im,beta0re,beta0im,mu0re,mu0im,beta1re,beta1im,sigma1re,sigma1im,mu1re,mu1im,alpha0,alpha1,b_star,corresponding_negative_eigenvalues
0.2,0.3,1,1.1,1.0,0.30000000000000293,1,1.1,0.2,0.3,-0.5,0.30000000000000204,0.0,0.0,"[0.01 0.02 0.03 0.04 0.05 0.06 0.07 0.08 0.09 0.1  0.11 0.12 0.13 0.14
 0.15 0.16 0.17 0.18 0.19 0.2  0.21 0.22 0.23 0.24 0.25 0.26 0.27 0.28
 0.29 0.3  0.31 0.32 0.33 0.34 0.35 0.36 0.37 0.38 0.39 0.4  0.41 0.42
 0.43 0.44 0.45 0.46 0.47 0.48 0.49 0.5  0.51 0.52 0.53 0.54 0.55 0.56
 0.57 0.58 0.59 0.6  0.61 0.62 0.63 0.64 0.65 0.66 0.67 0.68 0.69 0.7
 0.71 0.72 0.73 0.74 0.75 0.76 0.77 0.78 0.79 0.8 ]","[-4.96748058e-05 -1.98097500e-04 -4.43467565e-04 -7.82800235e-04
 -1.21195267e-03 -1.72566442e-03 -2.31761548e-03 -2.98050534e-03
 -3.70615628e-03 -4.48564259e-03 -5.30944638e-03 -6.16763764e-03
 -7.05007413e-03 -7.94661374e-03 -8.84732978e-03 -9.74271841e-03
 -1.06238872e-02 -1.14827147e-02 -1.23119737e-02 -1.31054130e-02
 -1.38577975e-02 -1.45649081e-02 -1.52235072e-02 -1.58312750e-02
 -1.63867269e-02 -1.68891168e-02 -1.73383351e-02 -1.77348067e-02
 -1.80793933e-02 -1.83733024e-02 -1.86180073e-02 -1.88151753e-02
 -1.89666081e-02 -1.90741907e-02 -1.91398504e-02 -1.91655236e-02
 -1.91531296e-02 -1.91045508e-02 -1.90216175e-02 -1.89060979e-02
 -1.87596899e-02 -1.85840175e-02 -1.83806279e-02 -1.81509908e-02
 -1.78964991e-02 -1.76184704e-02 -1.73181492e-02 -1.69967096e-02
 -1.66552581e-02 -1.62948370e-02 -1.59164275e-02 -1.55209534e-02
 -1.51092835e-02 -1.46822359e-02 -1.42405802e-02 -1.37850407e-02
 -1.33162992e-02 -1.28349980e-02 -1.23417419e-02 -1.18371007e-02
 -1.13216117e-02 -1.07957815e-02 -1.02600882e-02 -9.71498285e-03
 -9.16089158e-03 -8.59821691e-03 -8.02733935e-03 -7.44861876e-03
 -6.86239562e-03 -6.26899225e-03 -5.66871393e-03 -5.06184995e-03
 -4.44867456e-03 -3.82944788e-03 -3.20441676e-03 -2.57381557e-03
 -1.93786692e-03 -1.29678234e-03 -6.50762935e-04 -3.05311332e-16]"
