sigma0re,sigma0im,beta0re,beta0im,mu0re,mu0im,beta1re,beta1im,sigma1re,sigma1im,mu1re,mu1im,alpha0,alpha1,b_star,corresponding_negative_eigenvalues
0.2,0.3,1,1.1,1.0,1.900000000000004,1,1.1,0.2,0.3,-0.5,1.400000000000003,0.0,0.0,"[0.23 0.24 0.25 0.26 0.27 0.28 0.29 0.3  0.31 0.32 0.33 0.34 0.35 0.36
 0.37 0.38 0.39 0.4  0.41 0.42 0.43 0.44 0.45 0.46 0.47 0.48 0.49 0.5
 0.51 0.52 0.53 0.54 0.55 0.56 0.57 0.58 0.59 0.6  0.61 0.62 0.63 0.64
 0.65 0.66 0.67 0.68 0.69 0.7  0.71 0.72 0.73 0.74 0.75 0.76 0.77 0.78
 0.79 0.8  0.81 0.82 0.83 0.84 0.85 0.86 0.87 0.88 0.89 0.9  0.91 0.92
 0.93 0.94 0.95 0.96 0.97 0.98 0.99 1.   1.01 1.02 1.03 1.04 1.05 1.06
 1.07 1.08 1.09 1.1  1.11 1.12 1.13 1.14 1.15 1.16 1.17 1.18 1.19 1.2
 1.21 1.22 1.23 1.24 1.25 1.26 1.27 1.28 1.29 1.3  1.31 1.32 1.33 1.34
 1.35 1.36 1.37 1.38 1.39 1.4  1.41 1.42 1.43 1.44]","[-0.01226696 -0.04074658 -0.08327035 -0.16106245 -0.15958442 -0.15810842
 -0.15663451 -0.15516274 -0.15369314 -0.15222575 -0.15076062 -0.14929777
 -0.14783723 -0.14637904 -0.14492322 -0.14346979 -0.14201879 -0.14057022
 -0.13912411 -0.13768047 -0.13623932 -0.13480066 -0.13336451 -0.13193088
 -0.13049976 -0.12907117 -0.12764511 -0.12622157 -0.12480056 -0.12338207
 -0.12196611 -0.12055265 -0.11914171 -0.11773326 -0.1163273  -0.11492382
 -0.11352281 -0.11212426 -0.11072814 -0.10933446 -0.10794318 -0.1065543
 -0.1051678  -0.10378365 -0.10240185 -0.10102237 -0.09964519 -0.0982703
 -0.09689766 -0.09552726 -0.09415908 -0.0927931  -0.09142929 -0.09006762
 -0.08870809 -0.08735065 -0.0859953  -0.084642   -0.08329073 -0.08194146
 -0.08059418 -0.07924886 -0.07790546 -0.07656398 -0.07522438 -0.07388664
 -0.07255073 -0.07121664 -0.06988432 -0.06855377 -0.06722495 -0.06589785
 -0.06457243 -0.06324867 -0.06192655 -0.06060605 -0.05928714 -0.05796979
 -0.05665399 -0.05533971 -0.05402692 -0.05271561 -0.05140575 -0.05009731
 -0.04879029 -0.04748465 -0.04618036 -0.04487742 -0.0435758  -0.04227547
 -0.04097642 -0.03967863 -0.03838207 -0.03708672 -0.03579257 -0.03449959
 -0.03320776 -0.03191707 -0.03062749 -0.02933901 -0.02805161 -0.02676526
 -0.02547996 -0.02419568 -0.0229124  -0.02163011 -0.02034879 -0.01906843
 -0.01778899 -0.01651048 -0.01523287 -0.01395615 -0.01268029 -0.01140529
 -0.01013113 -0.00885779 -0.00758527 -0.00631353 -0.00504258 -0.00377239
 -0.00250295 -0.00123425]"
