sigma0re,sigma0im,beta0re,beta0im,mu0re,mu0im,beta1re,beta1im,sigma1re,sigma1im,mu1re,mu1im,alpha0,alpha1,b_star,corresponding_negative_eigenvalues
0.2,0.3,1,1.1,1.0,0.8000000000000034,1,1.1,0.2,0.3,-0.5,1.7763568394002505e-15,0.1,0.1,"[0.01 0.02 0.03 0.04 0.05 0.06 0.07 0.08 0.09 0.1  0.11 0.12 0.13 0.14
 0.15 4.83 4.84 4.85 4.86 4.87 4.88 4.89 4.9  4.91 4.92 4.93 4.94 4.95
 4.96 4.97 4.98 4.99 5.  ]","[-6.86396003e-06 -2.70249314e-05 -5.92019404e-05 -1.01299023e-04
 -1.50463033e-04 -2.03163067e-04 -2.55289745e-04 -3.02271721e-04
 -3.39205894e-04 -3.60996814e-04 -3.62499963e-04 -3.38663011e-04
 -2.84658986e-04 -1.96005635e-04 -6.86660508e-05 -1.96420598e-03
 -4.71373253e-03 -7.48201168e-03 -1.02691072e-02 -1.30750831e-02
 -1.59000040e-02 -1.87439346e-02 -2.16069400e-02 -2.44890859e-02
 -2.73904382e-02 -3.03110631e-02 -3.32510273e-02 -3.62103977e-02
 -3.91892419e-02 -4.21876276e-02 -4.52056231e-02 -4.82432967e-02
 -5.13007177e-02]"
