sigma0re,sigma0im,beta0re,beta0im,mu0re,mu0im,beta1re,beta1im,sigma1re,sigma1im,mu1re,mu1im,alpha0,alpha1,b_star,corresponding_negative_eigenvalues
0.2,0.3,1,1.1,1.0,-1.0999999999999983,1,1.1,0.2,0.3,-0.5,-1.9,0.1,0.1,"[0.12 0.13 0.14 0.15 0.16 0.17 0.18 0.19 0.2  0.21 0.22 0.23 0.24 0.25
 0.26 0.27 0.28 0.29 0.3  0.31 0.32 0.33 0.34 0.35 0.36 0.37 0.38 0.39
 0.4  0.41 0.42 0.43 0.44 0.45 0.46 0.47]","[-0.00523182 -0.01133091 -0.01823036 -0.02595657 -0.03454742 -0.04405415
 -0.05454436 -0.06610651 -0.07885691 -0.09295085 -0.09698081 -0.09284302
 -0.0887443  -0.08468313 -0.08065805 -0.07666768 -0.07271066 -0.06878574
 -0.06489169 -0.06102737 -0.05719167 -0.05338356 -0.04960205 -0.04584622
 -0.04211517 -0.03840806 -0.0347241  -0.03106255 -0.02742268 -0.02380382
 -0.02020532 -0.01662659 -0.01306704 -0.00952613 -0.00600332 -0.00249814]"
