sigma0re,sigma0im,beta0re,beta0im,mu0re,mu0im,beta1re,beta1im,sigma1re,sigma1im,mu1re,mu1im,alpha0,alpha1,b_star,corresponding_negative_eigenvalues
0.2,0.3,1,1.1,1.0,2.600000000000005,1,1.1,0.2,0.3,-0.5,0.10000000000000187,0.1,0.1,"[0.01 0.02 0.03 0.04 0.05 0.06 0.07 0.08 0.09 0.1  0.11 0.12 0.13 0.14
 0.15 0.16 0.17 0.18 0.19 0.2 ]","[-0.0001334  -0.00052984 -0.00117782 -0.00205721 -0.00313805 -0.00437893
 -0.00572556 -0.00711005 -0.00845188 -0.00966156 -0.01064747 -0.01132531
 -0.01162793 -0.01151255 -0.01096306 -0.00998728 -0.00861088 -0.00687028
 -0.00480652 -0.00246079]"
