sigma0re,sigma0im,beta0re,beta0im,mu0re,mu0im,beta1re,beta1im,sigma1re,sigma1im,mu1re,mu1im,alpha0,alpha1,b_star,corresponding_negative_eigenvalues
0.2,0.3,1,1.1,1.0,1.0000000000000036,1,1.1,0.2,0.3,-0.5,1.7000000000000033,0.0,0.0,"[0.28 0.29 0.3  0.31 0.32 0.33 0.34 0.35 0.36 0.37 0.38 0.39 0.4  0.41
 0.42 0.43]","[-0.06146911 -0.05735354 -0.05326381 -0.04919813 -0.04515485 -0.04113244
 -0.03712947 -0.03314462 -0.02917664 -0.0252244  -0.0212868  -0.01736287
 -0.01345165 -0.00955228 -0.00566395 -0.00178588]"
