sigma0re,sigma0im,beta0re,beta0im,mu0re,mu0im,beta1re,beta1im,sigma1re,sigma1im,mu1re,mu1im,alpha0,alpha1,b_star,corresponding_negative_eigenvalues
0.2,0.3,1,1.1,1.0,2.0000000000000044,1,1.1,0.2,0.3,-0.5,1.9000000000000035,0.1,0.1,"[0.24 0.25 0.26 0.27 0.28 0.29 0.3  0.31 0.32 0.33 0.34 0.35 0.36 0.37
 0.38 0.39 0.4  0.41 0.42 0.43 0.44 0.45 0.46 0.47 0.48 0.49 0.5  0.51
 0.52 0.53 0.54 0.55 0.56 0.57 0.58 0.59 0.6  0.61 0.62 0.63 0.64 0.65
 0.66 0.67 0.68 0.69 0.7  0.71 0.72 0.73 0.74 0.75 0.76 0.77 0.78 0.79
 0.8  0.81 0.82 0.83 0.84 0.85 0.86 0.87 0.88 0.89 0.9  0.91 0.92 0.93
 0.94 0.95 0.96 0.97 0.98 0.99 1.   1.01 1.02 1.03 1.04 1.05 1.06 1.07
 1.08 1.09 1.1  1.11 1.12 1.13 1.14 1.15 1.16 1.17 1.18]","[-0.01529971 -0.05200368 -0.14540961 -0.14346633 -0.14153533 -0.13961653
 -0.13770981 -0.13581504 -0.13393207 -0.13206075 -0.13020093 -0.12835244
 -0.12651511 -0.12468875 -0.12287319 -0.12106823 -0.1192737  -0.1174894
 -0.11571515 -0.11395076 -0.11219604 -0.11045081 -0.10871488 -0.10698807
 -0.10527021 -0.10356112 -0.10186063 -0.10016857 -0.09848478 -0.0968091
 -0.09514137 -0.09348144 -0.09182917 -0.09018441 -0.08854702 -0.08691688
 -0.08529384 -0.0836778  -0.08206861 -0.08046618 -0.07887038 -0.07728111
 -0.07569827 -0.07412174 -0.07255145 -0.07098729 -0.06942917 -0.06787701
 -0.06633074 -0.06479026 -0.0632555  -0.0617264  -0.06020287 -0.05868487
 -0.05717232 -0.05566516 -0.05416334 -0.05266679 -0.05117547 -0.04968933
 -0.04820832 -0.04673239 -0.0452615  -0.04379561 -0.04233467 -0.04087866
 -0.03942753 -0.03798125 -0.03653978 -0.03510311 -0.03367119 -0.032244
 -0.03082151 -0.0294037  -0.02799055 -0.02658202 -0.02517811 -0.02377879
 -0.02238403 -0.02099383 -0.01960817 -0.01822702 -0.01685038 -0.01547823
 -0.01411056 -0.01274734 -0.01138858 -0.01003426 -0.00868437 -0.0073389
 -0.00599784 -0.00466118 -0.00332891 -0.00200103 -0.00067753]"
