sigma0re,sigma0im,beta0re,beta0im,mu0re,mu0im,beta1re,beta1im,sigma1re,sigma1im,mu1re,mu1im,alpha0,alpha1,b_star,corresponding_negative_eigenvalues
0.2,0.3,1,1.1,1.0,1.2000000000000037,1,1.1,0.2,0.3,-0.5,1.8000000000000034,0.0,0.0,"[0.26 0.27 0.28 0.29 0.3  0.31 0.32 0.33 0.34 0.35 0.36 0.37 0.38 0.39
 0.4  0.41 0.42 0.43 0.44 0.45 0.46 0.47 0.48]","[-0.03115116 -0.08159248 -0.07769963 -0.07383111 -0.06998563 -0.06616196
 -0.06235893 -0.05857541 -0.05481033 -0.05106268 -0.04733149 -0.04361583
 -0.03991484 -0.03622769 -0.03255359 -0.02889181 -0.02524163 -0.02160238
 -0.01797344 -0.01435421 -0.01074411 -0.00714262 -0.00354923]"
