sigma0re,sigma0im,beta0re,beta0im,mu0re,mu0im,beta1re,beta1im,sigma1re,sigma1im,mu1re,mu1im,alpha0,alpha1,b_star,corresponding_negative_eigenvalues
0.2,0.3,1,1.1,1.0,-0.4999999999999978,1,1.1,0.2,0.3,-0.5,-0.6999999999999988,0.0,0.0,"[0.01 0.02 0.03 0.04 0.05 0.06 0.07 0.08 0.09 0.1  0.11 0.12 0.13 0.14
 0.15 0.16 0.17 0.18 0.19 0.2  0.21 0.22 0.23 0.24 0.25 0.26 0.27 0.28
 0.29 0.3  0.31 0.32 0.33 0.34 0.35 0.36 0.37 0.38 0.39 0.4  0.41 0.42
 0.43 0.44 0.45 0.46 0.47 0.48 0.49 0.5  0.51 0.52]","[-0.00019336 -0.00077327 -0.00173908 -0.0030894  -0.00482143 -0.00693012
 -0.00940669 -0.01223669 -0.01539712 -0.01885269 -0.02255119 -0.0264186
 -0.03035547 -0.03423729 -0.03792244 -0.04126912 -0.044158   -0.04651167
 -0.04830235 -0.04954589 -0.0502877  -0.05058772 -0.05050899 -0.0501109
 -0.04944595 -0.04855893 -0.04748728 -0.04626191 -0.04490823 -0.04344708
 -0.0418956  -0.04026788 -0.03857557 -0.03682834 -0.03503423 -0.03319998
 -0.03133124 -0.02943279 -0.02750865 -0.02556225 -0.02359653 -0.02161399
 -0.01961677 -0.01760672 -0.01558545 -0.01355432 -0.01151453 -0.00946712
 -0.00741301 -0.00535296 -0.00328768 -0.00121777]"
