sigma0re,sigma0im,beta0re,beta0im,mu0re,mu0im,beta1re,beta1im,sigma1re,sigma1im,mu1re,mu1im,alpha0,alpha1,b_star,corresponding_negative_eigenvalues
0.2,0.3,1,1.1,1.0,-2.2999999999999994,1,1.1,0.2,0.3,-0.5,-0.3999999999999986,0.1,0.1,"[0.32 0.33 0.34 0.35 0.36 0.37 0.38 0.39 0.4  0.41 0.42 0.43 0.44 0.45
 0.46 0.47 0.48 0.49 0.5  0.51 0.52 0.53 0.54 0.55 4.32 4.33 4.34 4.35
 4.36 4.37 4.38 4.39 4.4  4.41 4.42 4.43 4.44 4.45 4.46 4.47 4.48 4.49
 4.5  4.51 4.52 4.53 4.54 4.55 4.56 4.57 4.58 4.59 4.6  4.61 4.62 4.63
 4.64 4.65 4.66 4.67 4.68 4.69 4.7  4.71 4.72 4.73 4.74 4.75 4.76 4.77
 4.78 4.79 4.8  4.81 4.82 4.83 4.84 4.85 4.86 4.87 4.88 4.89 4.9  4.91
 4.92 4.93 4.94 4.95 4.96 4.97 4.98 4.99 5.  ]","[-0.0286507  -0.06109281 -0.05817228 -0.05527317 -0.05239524 -0.04953823
 -0.04670187 -0.04388588 -0.04109    -0.03831394 -0.03555745 -0.03282026
 -0.03010212 -0.0274028  -0.02472206 -0.02205967 -0.01941543 -0.01678914
 -0.01418059 -0.01158961 -0.00901603 -0.00645968 -0.00392039 -0.00139803
 -0.00196182 -0.00503719 -0.00813417 -0.0112528  -0.01439313 -0.01755518
 -0.02073899 -0.02394461 -0.02717207 -0.03042141 -0.03369266 -0.03698587
 -0.04030107 -0.04363829 -0.04699759 -0.05037898 -0.05378252 -0.05720824
 -0.06065616 -0.06412634 -0.06761881 -0.07113361 -0.07467076 -0.07823032
 -0.08181231 -0.08541677 -0.08904373 -0.09269325 -0.09636534 -0.10006005
 -0.10377741 -0.10751746 -0.11128024 -0.11506577 -0.1188741  -0.12270527
 -0.1265593  -0.13043623 -0.1343361  -0.13825895 -0.1422048  -0.1461737
 -0.15016568 -0.15418077 -0.15821901 -0.16228044 -0.16636508 -0.17047298
 -0.17460416 -0.17875867 -0.18293654 -0.18713779 -0.19136248 -0.19561062
 -0.19988225 -0.20417742 -0.20849614 -0.21283846 -0.21720441 -0.22159403
 -0.22600733 -0.23044437 -0.23490518 -0.23938978 -0.24389821 -0.2484305
 -0.25298669 -0.2575668  -0.26217088]"
