sigma0re,sigma0im,beta0re,beta0im,mu0re,mu0im,beta1re,beta1im,sigma1re,sigma1im,mu1re,mu1im,alpha0,alpha1,b_star,corresponding_negative_eigenvalues
0.2,0.3,1,1.1,1.0,0.10000000000000275,1,1.1,0.2,0.3,-0.5,-0.1999999999999984,0.1,0.1,"[4.51 4.52 4.53 4.54 4.55 4.56 4.57 4.58 4.59 4.6  4.61 4.62 4.63 4.64
 4.65 4.66 4.67 4.68 4.69 4.7  4.71 4.72 4.73 4.74 4.75 4.76 4.77 4.78
 4.79 4.8  4.81 4.82 4.83 4.84 4.85 4.86 4.87 4.88 4.89 4.9  4.91 4.92
 4.93 4.94 4.95 4.96 4.97 4.98 4.99 5.  ]","[-0.00085368 -0.0020568  -0.00326659 -0.00448306 -0.00570622 -0.00693606
 -0.0081726  -0.00941585 -0.01066579 -0.01192246 -0.01318583 -0.01445594
 -0.01573277 -0.01701633 -0.01830664 -0.01960369 -0.02090749 -0.02221805
 -0.02353537 -0.02485945 -0.02619031 -0.02752795 -0.02887237 -0.03022358
 -0.03158159 -0.03294639 -0.034318   -0.03569641 -0.03708165 -0.0384737
 -0.03987258 -0.04127829 -0.04269083 -0.04411022 -0.04553645 -0.04696954
 -0.04840948 -0.04985628 -0.05130995 -0.05277049 -0.05423791 -0.05571221
 -0.05719339 -0.05868147 -0.06017644 -0.06167831 -0.06318709 -0.06470278
 -0.06622538 -0.0677549 ]"
