sigma0re,sigma0im,beta0re,beta0im,mu0re,mu0im,beta1re,beta1im,sigma1re,sigma1im,mu1re,mu1im,alpha0,alpha1,b_star,corresponding_negative_eigenvalues
0.2,0.3,1,1.1,1.0,-0.8999999999999981,1,1.1,0.2,0.3,-0.5,-0.899999999999999,0.1,0.1,"[0.01 0.02 0.03 0.04 0.05 0.06 0.07 0.08 0.09 0.1  0.11 0.12 0.13 0.14
 0.15 0.16 0.17 0.18 0.19 0.2  0.21 0.22 0.23 0.24 0.25 0.26 0.27 0.28
 0.29 0.3  0.31 0.32 0.33 0.34 0.35 0.36 0.37 0.38 0.39 0.4  0.41 0.42
 0.43 0.44 0.45 0.46 0.47 0.48 0.49 0.5  0.51 0.52 0.53 0.54 0.55 0.56
 0.57 0.58 0.59 0.6  0.61 0.62 0.63 0.64 0.65 0.66 0.67 0.68 0.69 0.7
 0.71 0.72 0.73 0.74 0.75 0.76 0.77 0.78 0.79 0.8  0.81 0.82 0.83 0.84
 0.85 0.86 0.87 0.88]","[-0.00035568 -0.00142983 -0.00324461 -0.00583999 -0.00927918 -0.00920635
 -0.01080141 -0.01291597 -0.01542706 -0.01830421 -0.02154043 -0.02513809
 -0.02910459 -0.03345088 -0.03819096 -0.04334184 -0.04892386 -0.05496113
 -0.06148227 -0.06852144 -0.07611972 -0.08432706 -0.09320507 -0.10283109
 -0.11330427 -0.11709906 -0.11465904 -0.11224744 -0.1098632  -0.10750532
 -0.10517288 -0.10286503 -0.10058096 -0.09831994 -0.09608127 -0.09386431
 -0.09166846 -0.08949314 -0.08733785 -0.08520207 -0.08308537 -0.08098729
 -0.07890744 -0.07684545 -0.07480095 -0.07277361 -0.07076312 -0.06876919
 -0.06679155 -0.06482992 -0.06288408 -0.06095379 -0.05903885 -0.05713904
 -0.05525418 -0.05338409 -0.05152862 -0.04968759 -0.04786087 -0.04604832
 -0.0442498  -0.0424652  -0.04069441 -0.03893732 -0.03719382 -0.03546383
 -0.03374725 -0.03204401 -0.03035403 -0.02867724 -0.02701357 -0.02536296
 -0.02372535 -0.02210068 -0.02048891 -0.01888999 -0.01730388 -0.01573052
 -0.0141699  -0.01262196 -0.01108668 -0.00956402 -0.00805396 -0.00655648
 -0.00507153 -0.00359911 -0.00213919 -0.00069174]"
