sigma0re,sigma0im,beta0re,beta0im,mu0re,mu0im,beta1re,beta1im,sigma1re,sigma1im,mu1re,mu1im,alpha0,alpha1,b_star,corresponding_negative_eigenvalues
0.2,0.3,1,1.1,1.0,1.5000000000000036,1,1.1,0.2,0.3,-0.5,1.7000000000000033,0.1,0.1,"[0.28 0.29 0.3  0.31 0.32 0.33 0.34 0.35 0.36 0.37 0.38 0.39 0.4  0.41
 0.42 0.43 0.44 0.45 0.46 0.47 0.48 0.49 0.5  0.51 0.52 0.53 0.54 0.55
 0.56 0.57 0.58 0.59 0.6  0.61 0.62 0.63 0.64 0.65 0.66 0.67 0.68 0.69
 0.7  0.71 0.72 0.73 0.74 0.75 0.76 0.77 0.78 0.79 0.8  0.81 0.82 0.83
 0.84 0.85]","[-0.01752183 -0.05978515 -0.11764331 -0.11521194 -0.11279876 -0.11040331
 -0.1080251  -0.10566368 -0.10331858 -0.10098933 -0.09867549 -0.09637661
 -0.09409225 -0.091822   -0.08956544 -0.08732216 -0.08509178 -0.08287392
 -0.08066822 -0.07847432 -0.07629189 -0.07412059 -0.07196011 -0.06981015
 -0.06767042 -0.06554063 -0.06342052 -0.06130983 -0.05920832 -0.05711575
 -0.05503189 -0.05295653 -0.05088947 -0.0488305  -0.04677943 -0.0447361
 -0.04270032 -0.04067193 -0.03865079 -0.03663673 -0.03462962 -0.03262932
 -0.03063571 -0.02864867 -0.02666807 -0.02469381 -0.02272578 -0.02076389
 -0.01880803 -0.01685813 -0.01491409 -0.01297583 -0.01104328 -0.00911636
 -0.00719501 -0.00527915 -0.00336874 -0.0014637 ]"
