sigma0re,sigma0im,beta0re,beta0im,mu0re,mu0im,beta1re,beta1im,sigma1re,sigma1im,mu1re,mu1im,alpha0,alpha1,b_star,corresponding_negative_eigenvalues
0.2,0.3,1,1.1,1.0,0.9000000000000035,1,1.1,0.2,0.3,-0.5,1.8000000000000034,0.1,0.1,[0.32 0.33 0.34 0.35 0.36 0.37 0.38 0.39 0.4  0.41 0.42 0.43 0.44],"[-0.0454656  -0.04169889 -0.03795282 -0.0342261  -0.03051755 -0.02682607
 -0.02315066 -0.01949038 -0.01584437 -0.01221183 -0.00859203 -0.00498428
 -0.00138796]"
