sigma0re,sigma0im,beta0re,beta0im,mu0re,mu0im,beta1re,beta1im,sigma1re,sigma1im,mu1re,mu1im,alpha0,alpha1,b_star,corresponding_negative_eigenvalues
0.2,0.3,1,1.1,1.0,2.5000000000000053,1,1.1,0.2,0.3,-0.5,1.7763568394002505e-15,0.1,0.1,[0.01 0.02 0.03 0.04 0.05 0.06],"[-1.58979667e-05 -5.93793443e-05 -1.17902005e-04 -1.70918736e-04
 -1.90536915e-04 -1.42659054e-04]"
