sigma0re,sigma0im,beta0re,beta0im,mu0re,mu0im,beta1re,beta1im,sigma1re,sigma1im,mu1re,mu1im,alpha0,alpha1,b_star,corresponding_negative_eigenvalues
0.2,0.3,1,1.1,1.0,-1.2999999999999985,1,1.1,0.2,0.3,-0.5,-1.0999999999999992,0.0,0.0,"[0.18 0.19 0.2  0.21 0.22 0.23 0.24 0.25 0.26 0.27 0.28 0.29 0.3  0.31
 0.32 0.33 0.34 0.35 0.36 0.37 0.38 0.39 0.4  0.41 0.42 0.43 0.44 0.45
 0.46 0.47 0.48 0.49 0.5  0.51 0.52 0.53 0.54 0.55 0.56 0.57 0.58 0.59
 0.6  0.61 0.62 0.63 0.64 0.65 0.66 0.67 0.68 0.69 0.7  0.71 0.72 0.73
 0.74 0.75 0.76 0.77 0.78 0.79 0.8  0.81 0.82 0.83 0.84 0.85 0.86 0.87
 0.88 0.89 0.9  0.91 0.92 0.93 0.94 0.95 0.96 0.97 0.98 0.99 1.   1.01
 1.02 1.03 1.04 1.05 1.06]","[-0.00506294 -0.01315258 -0.0222253  -0.03237552 -0.04372893 -0.05645654
 -0.07079845 -0.08710763 -0.10593884 -0.12825732 -0.13850311 -0.13644885
 -0.13440573 -0.13237366 -0.13035255 -0.1283423  -0.12634279 -0.12435387
 -0.12237542 -0.12040729 -0.1184493  -0.11650131 -0.11456314 -0.11263462
 -0.11071557 -0.10880582 -0.10690519 -0.10501349 -0.10313054 -0.10125617
 -0.09939018 -0.09753239 -0.09568264 -0.09384072 -0.09200648 -0.09017974
 -0.08836031 -0.08654804 -0.08474275 -0.08294427 -0.08115245 -0.07936712
 -0.07758812 -0.07581531 -0.07404852 -0.07228762 -0.07053244 -0.06878287
 -0.06703874 -0.06529993 -0.0635663  -0.06183772 -0.06011406 -0.05839521
 -0.05668103 -0.0549714  -0.05326622 -0.05156536 -0.04986872 -0.04817619
 -0.04648766 -0.04480303 -0.04312219 -0.04144506 -0.03977152 -0.0381015
 -0.0364349  -0.03477163 -0.0331116  -0.03145472 -0.02980093 -0.02815013
 -0.02650224 -0.0248572  -0.02321492 -0.02157534 -0.01993838 -0.01830397
 -0.01667204 -0.01504253 -0.01341538 -0.01179053 -0.0101679  -0.00854744
 -0.0069291  -0.00531282 -0.00369854 -0.00208621 -0.00047577]"
