sigma0re,sigma0im,beta0re,beta0im,mu0re,mu0im,beta1re,beta1im,sigma1re,sigma1im,mu1re,mu1im,alpha0,alpha1,b_star,corresponding_negative_eigenvalues
0.2,0.3,1,1.1,1.0,-0.4999999999999978,1,1.1,0.2,0.3,-0.5,-0.5999999999999988,0.1,0.1,"[0.01 0.02 0.03 0.04 0.05 0.06 0.07 0.08 0.09 0.1  0.11 0.12 0.13 0.14
 0.15 0.16 0.17 0.18 0.19 0.2  0.21 0.22 0.23 0.24 0.25 0.26 0.27 0.28
 0.29 0.3  0.31 0.32 0.33 0.34 0.35 0.36 0.37 0.38 0.39 0.4  0.41 0.42
 0.43 0.44 0.45 0.46 0.47 0.48 0.49 0.5  0.51 0.52 0.53 0.54 0.55 0.56
 0.57 0.58 0.59 0.6  0.61 0.62 0.63 0.64 0.65 0.66 0.67 0.68]","[-0.00013068 -0.00052231 -0.0011737  -0.00208267 -0.00324591 -0.00465862
 -0.00631405 -0.00820298 -0.01031296 -0.01262749 -0.01512498 -0.01777777
 -0.02055116 -0.02340288 -0.02628315 -0.0291359  -0.03190124 -0.03451939
 -0.03693541 -0.0391039  -0.04099248 -0.04258336 -0.04387267 -0.04486818
 -0.04558615 -0.04604817 -0.04627843 -0.04630162 -0.04614161 -0.04582064
 -0.04535888 -0.04477435 -0.04408297 -0.04329865 -0.04243355 -0.04149822
 -0.04050186 -0.03945241 -0.03835681 -0.03722109 -0.0360505  -0.03484963
 -0.03362249 -0.03237261 -0.03110308 -0.02981662 -0.02851565 -0.02720231
 -0.02587848 -0.02454585 -0.02320591 -0.02186001 -0.02050934 -0.01915499
 -0.0177979  -0.01643896 -0.01507895 -0.01371856 -0.01235846 -0.01099921
 -0.00964134 -0.00828533 -0.00693161 -0.00558059 -0.00423263 -0.00288806
 -0.00154718 -0.00021027]"
