sigma0re,sigma0im,beta0re,beta0im,mu0re,mu0im,beta1re,beta1im,sigma1re,sigma1im,mu1re,mu1im,alpha0,alpha1,b_star,corresponding_negative_eigenvalues
0.2,0.3,1,1.1,1.0,-1.0999999999999983,1,1.1,0.2,0.3,-0.5,-0.09999999999999831,0.1,0.1,"[0.2  0.21 0.22 0.23 0.24 0.25 0.26 0.27 0.28 0.29 0.3  4.56 4.57 4.58
 4.59 4.6  4.61 4.62 4.63 4.64 4.65 4.66 4.67 4.68 4.69 4.7  4.71 4.72
 4.73 4.74 4.75 4.76 4.77 4.78 4.79 4.8  4.81 4.82 4.83 4.84 4.85 4.86
 4.87 4.88 4.89 4.9  4.91 4.92 4.93 4.94 4.95 4.96 4.97 4.98 4.99 5.  ]","[-6.98353618e-03 -6.79836193e-03 -6.50002159e-03 -6.09030071e-03
 -5.57245368e-03 -4.95086907e-03 -4.23075341e-03 -3.41784924e-03
 -2.51819576e-03 -1.53793446e-03 -4.83157899e-04 -1.08490132e-04
 -2.95059340e-03 -5.81208406e-03 -8.69302168e-03 -1.15934660e-02
 -1.45134771e-02 -1.74531150e-02 -2.04124402e-02 -2.33915131e-02
 -2.63903947e-02 -2.94091459e-02 -3.24478278e-02 -3.55065019e-02
 -3.85852298e-02 -4.16840733e-02 -4.48030944e-02 -4.79423553e-02
 -5.11019186e-02 -5.42818467e-02 -5.74822026e-02 -6.07030494e-02
 -6.39444504e-02 -6.72064690e-02 -7.04891689e-02 -7.37926142e-02
 -7.71168688e-02 -8.04619973e-02 -8.38280641e-02 -8.72151340e-02
 -9.06232721e-02 -9.40525437e-02 -9.75030140e-02 -1.00974749e-01
 -1.04467814e-01 -1.07982276e-01 -1.11518201e-01 -1.15075655e-01
 -1.18654705e-01 -1.22255418e-01 -1.25877862e-01 -1.29522104e-01
 -1.33188212e-01 -1.36876253e-01 -1.40586295e-01 -1.44318408e-01]"
