sigma0re,sigma0im,beta0re,beta0im,mu0re,mu0im,beta1re,beta1im,sigma1re,sigma1im,mu1re,mu1im,alpha0,alpha1,b_star,corresponding_negative_eigenvalues
0.2,0.3,1,1.1,1.0,0.9000000000000035,1,1.1,0.2,0.3,-0.5,0.9000000000000026,0.1,0.1,"[0.34 0.35 0.36 0.37 0.38 0.39 0.4  0.41 0.42 0.43 0.44 0.45 0.46 0.47
 0.48 0.49 0.5  0.51 0.52 0.53 0.54 0.55 0.56 0.57 0.58 0.59 0.6  0.61
 0.62 0.63 0.64 0.65 0.66 0.67 0.68 0.69 0.7  0.71 0.72 0.73 0.74 0.75
 0.76 0.77 0.78 0.79 0.8  0.81 0.82 0.83 0.84 0.85 0.86 0.87 0.88 0.89
 0.9  0.91 0.92 0.93 0.94 0.95 0.96 0.97 0.98 0.99 1.   1.01 1.02 1.03
 1.04 1.05 1.06 1.07 1.08 1.09 1.1  1.11 1.12 1.13 1.14 1.15 1.16 1.17
 1.18 1.19 1.2  1.21 1.22]","[-1.50286401e-02 -3.49470383e-02 -6.67890122e-02 -1.05190065e-01
 -1.03510436e-01 -1.01851629e-01 -1.00212856e-01 -9.85933713e-02
 -9.69924672e-02 -9.54094733e-02 -9.38437532e-02 -9.22947023e-02
 -9.07617460e-02 -8.92443380e-02 -8.77419583e-02 -8.62541119e-02
 -8.47803273e-02 -8.33201550e-02 -8.18731665e-02 -8.04389531e-02
 -7.90171245e-02 -7.76073083e-02 -7.62091487e-02 -7.48223056e-02
 -7.34464542e-02 -7.20812837e-02 -7.07264970e-02 -6.93818097e-02
 -6.80469498e-02 -6.67216568e-02 -6.54056812e-02 -6.40987843e-02
 -6.28007372e-02 -6.15113207e-02 -6.02303246e-02 -5.89575477e-02
 -5.76927968e-02 -5.64358868e-02 -5.51866402e-02 -5.39448868e-02
 -5.27104632e-02 -5.14832128e-02 -5.02629852e-02 -4.90496361e-02
 -4.78430273e-02 -4.66430257e-02 -4.54495040e-02 -4.42623397e-02
 -4.30814154e-02 -4.19066184e-02 -4.07378403e-02 -3.95749772e-02
 -3.84179295e-02 -3.72666013e-02 -3.61209006e-02 -3.49807393e-02
 -3.38460326e-02 -3.27166991e-02 -3.15926608e-02 -3.04738426e-02
 -2.93601727e-02 -2.82515819e-02 -2.71480040e-02 -2.60493753e-02
 -2.49556348e-02 -2.38667239e-02 -2.27825864e-02 -2.17031684e-02
 -2.06284181e-02 -1.95582859e-02 -1.84927242e-02 -1.74316874e-02
 -1.63751317e-02 -1.53230152e-02 -1.42752976e-02 -1.32319405e-02
 -1.21929069e-02 -1.11581614e-02 -1.01276701e-02 -9.10140074e-03
 -8.07932211e-03 -7.06140453e-03 -6.04761956e-03 -5.03794000e-03
 -4.03233982e-03 -3.03079416e-03 -2.03327923e-03 -1.03977232e-03
 -5.02517377e-05]"
