sigma0re,sigma0im,beta0re,beta0im,mu0re,mu0im,beta1re,beta1im,sigma1re,sigma1im,mu1re,mu1im,alpha0,alpha1,b_star,corresponding_negative_eigenvalues
0.2,0.3,1,1.1,1.0,1.600000000000004,1,1.1,0.2,0.3,-0.5,1.400000000000003,0.0,0.0,"[0.25 0.26 0.27 0.28 0.29 0.3  0.31 0.32 0.33 0.34 0.35 0.36 0.37 0.38
 0.39 0.4  0.41 0.42 0.43 0.44 0.45 0.46 0.47 0.48 0.49 0.5  0.51 0.52
 0.53 0.54 0.55 0.56 0.57 0.58 0.59 0.6  0.61 0.62 0.63 0.64 0.65 0.66
 0.67 0.68 0.69 0.7  0.71 0.72 0.73 0.74 0.75 0.76 0.77 0.78 0.79 0.8
 0.81 0.82 0.83 0.84 0.85 0.86 0.87 0.88 0.89 0.9  0.91 0.92 0.93 0.94
 0.95 0.96 0.97 0.98 0.99]","[-0.02170819 -0.05838286 -0.14052644 -0.13840148 -0.13628345 -0.13417236
 -0.13206823 -0.12997107 -0.12788087 -0.1257976  -0.12372124 -0.12165176
 -0.11958911 -0.11753324 -0.1154841  -0.11344161 -0.1114057  -0.10937631
 -0.10735335 -0.10533674 -0.10332639 -0.10132221 -0.09932411 -0.09733198
 -0.09534575 -0.09336529 -0.09139052 -0.08942134 -0.08745763 -0.0854993
 -0.08354624 -0.08159834 -0.07965552 -0.07771765 -0.07578465 -0.0738564
 -0.07193281 -0.07001377 -0.06809919 -0.06618896 -0.06428299 -0.06238118
 -0.06048343 -0.05858966 -0.05669976 -0.05481366 -0.05293124 -0.05105244
 -0.04917716 -0.04730531 -0.04543681 -0.04357158 -0.04170954 -0.03985061
 -0.0379947  -0.03614175 -0.03429168 -0.03244441 -0.03059988 -0.028758
 -0.02691872 -0.02508196 -0.02324766 -0.02141576 -0.01958619 -0.01775888
 -0.01593379 -0.01411084 -0.01228999 -0.01047117 -0.00865433 -0.00683942
 -0.00502638 -0.00321516 -0.00140571]"
