sigma0re,sigma0im,beta0re,beta0im,mu0re,mu0im,beta1re,beta1im,sigma1re,sigma1im,mu1re,mu1im,alpha0,alpha1,b_star,corresponding_negative_eigenvalues
0.2,0.3,1,1.1,1.0,-1.2999999999999985,1,1.1,0.2,0.3,-0.5,-0.3999999999999986,0.0,0.0,"[0.25 0.26 0.27 0.28 0.29 0.3  0.31 0.32 0.33 0.34 0.35 0.36 0.37 0.38
 0.39 0.4  0.41 0.42 0.43 0.44 0.45 0.46 0.47 0.48 0.49 0.5  0.51 0.52
 0.53 0.54 0.55 0.56 0.57 0.58 0.59 0.6  0.61 0.62 0.63 0.64 0.65 0.66
 0.67 0.68 0.69 0.7  0.71 0.72 0.73 0.74 0.75 0.76 0.77 0.78 0.79 0.8
 0.81 0.82 0.83 0.84 0.85 0.86 0.87 0.88 0.89 0.9  0.91 0.92 0.93 0.94
 0.95 0.96 0.97 0.98 0.99 1.   1.01 1.02 1.03 1.04 1.05 1.06 1.07 1.08
 1.09 1.1  1.11 1.12 1.13 1.14 1.15]","[-0.00758066 -0.01916277 -0.03384855 -0.05405374 -0.09286844 -0.1122895
 -0.11078599 -0.10927989 -0.10777355 -0.10626877 -0.10476691 -0.10326902
 -0.10177592 -0.10028822 -0.09880637 -0.09733072 -0.09586151 -0.09439891
 -0.09294303 -0.09149392 -0.09005161 -0.08861608 -0.08718729 -0.08576519
 -0.08434971 -0.08294074 -0.08153821 -0.080142   -0.078752   -0.07736809
 -0.07599017 -0.0746181  -0.07325177 -0.07189106 -0.07053584 -0.06918599
 -0.06784139 -0.06650192 -0.06516747 -0.06383791 -0.06251314 -0.06119304
 -0.0598775  -0.05856641 -0.05725967 -0.05595718 -0.05465882 -0.05336451
 -0.05207415 -0.05078764 -0.04950488 -0.0482258  -0.0469503  -0.04567829
 -0.04440969 -0.04314442 -0.04188241 -0.04062356 -0.03936781 -0.03811508
 -0.0368653  -0.0356184  -0.03437431 -0.03313296 -0.03189429 -0.03065823
 -0.02942473 -0.02819372 -0.02696514 -0.02573893 -0.02451504 -0.02329341
 -0.02207399 -0.02085673 -0.01964157 -0.01842847 -0.01721738 -0.01600825
 -0.01480102 -0.01359567 -0.01239214 -0.01119039 -0.00999038 -0.00879206
 -0.0075954  -0.00640036 -0.0052069  -0.00401497 -0.00282456 -0.00163561
 -0.00044809]"
