sigma0re,sigma0im,beta0re,beta0im,mu0re,mu0im,beta1re,beta1im,sigma1re,sigma1im,mu1re,mu1im,alpha0,alpha1,b_star,corresponding_negative_eigenvalues
0.2,0.3,1,1.1,1.0,-1.2999999999999985,1,1.1,0.2,0.3,-0.5,-1.9,0.1,0.1,"[0.15 0.16 0.17 0.18 0.19 0.2  0.21 0.22 0.23 0.24 0.25 0.26 0.27 0.28
 0.29 0.3  0.31 0.32 0.33 0.34 0.35 0.36 0.37 0.38 0.39 0.4  0.41 0.42
 0.43 0.44 0.45 0.46 0.47 0.48 0.49 0.5  0.51 0.52 0.53 0.54 0.55 0.56]","[-0.00564112 -0.01425326 -0.02397352 -0.03488661 -0.04710614 -0.06078566
 -0.07613707 -0.09346251 -0.11004877 -0.10640918 -0.10279381 -0.09920242
 -0.09563475 -0.0920905  -0.08856938 -0.08507106 -0.08159522 -0.07814152
 -0.07470962 -0.07129918 -0.06790985 -0.06454129 -0.06119317 -0.05786515
 -0.0545569  -0.0512681  -0.04799843 -0.04474758 -0.04151524 -0.03830113
 -0.03510494 -0.03192641 -0.02876525 -0.0256212  -0.022494   -0.0193834
 -0.01628916 -0.01321102 -0.01014877 -0.00710217 -0.00407101 -0.00105507]"
