sigma0re,sigma0im,beta0re,beta0im,mu0re,mu0im,beta1re,beta1im,sigma1re,sigma1im,mu1re,mu1im,alpha0,alpha1,b_star,corresponding_negative_eigenvalues
0.2,0.3,1,1.1,1.0,-0.8999999999999981,1,1.1,0.2,0.3,-0.5,-0.899999999999999,0.0,0.0,"[0.01 0.02 0.03 0.04 0.05 0.06 0.07 0.08 0.09 0.1  0.11 0.12 0.13 0.14
 0.15 0.16 0.17 0.18 0.19 0.2  0.21 0.22 0.23 0.24 0.25 0.26 0.27 0.28
 0.29 0.3  0.31 0.32 0.33 0.34 0.35 0.36 0.37 0.38 0.39 0.4  0.41 0.42
 0.43 0.44 0.45 0.46 0.47 0.48 0.49 0.5  0.51 0.52 0.53 0.54 0.55 0.56
 0.57 0.58 0.59 0.6  0.61 0.62 0.63 0.64 0.65 0.66 0.67 0.68 0.69 0.7
 0.71 0.72 0.73 0.74 0.75 0.76 0.77 0.78 0.79]","[-0.0004485  -0.00180589 -0.00410971 -0.00742928 -0.00742861 -0.00891889
 -0.010938   -0.01337035 -0.01619    -0.01939293 -0.0229838  -0.02697219
 -0.03137125 -0.03619749 -0.04147085 -0.04721516 -0.05345885 -0.0602359
 -0.06758725 -0.0755627  -0.08422368 -0.0936472  -0.10393183 -0.11520721
 -0.11579034 -0.11327254 -0.1107848  -0.10832554 -0.10589326 -0.1034866
 -0.10110426 -0.09874504 -0.09640783 -0.09409156 -0.09179525 -0.08951797
 -0.08725884 -0.08501706 -0.08279183 -0.08058243 -0.07838816 -0.07620838
 -0.07404247 -0.07188983 -0.06974992 -0.06762221 -0.06550619 -0.06340139
 -0.06130736 -0.05922366 -0.05714989 -0.05508565 -0.05303057 -0.0509843
 -0.04894649 -0.04691681 -0.04489497 -0.04288065 -0.04087358 -0.03887348
 -0.03688009 -0.03489317 -0.03291246 -0.03093774 -0.02896879 -0.0270054
 -0.02504736 -0.02309447 -0.02114655 -0.01920342 -0.0172649  -0.01533082
 -0.01340103 -0.01147536 -0.00955367 -0.00763581 -0.00572165 -0.00381104
 -0.00190387]"
