sigma0re,sigma0im,beta0re,beta0im,mu0re,mu0im,beta1re,beta1im,sigma1re,sigma1im,mu1re,mu1im,alpha0,alpha1,b_star,corresponding_negative_eigenvalues
0.2,0.3,1,1.1,1.0,1.3000000000000043,1,1.1,0.2,0.3,-0.5,1.400000000000003,0.0,0.0,"[0.27 0.28 0.29 0.3  0.31 0.32 0.33 0.34 0.35 0.36 0.37 0.38 0.39 0.4
 0.41 0.42 0.43 0.44 0.45 0.46 0.47 0.48 0.49 0.5  0.51 0.52 0.53 0.54
 0.55 0.56 0.57 0.58 0.59 0.6  0.61 0.62 0.63 0.64 0.65 0.66 0.67 0.68
 0.69 0.7  0.71]","[-0.02880332 -0.10006762 -0.11067257 -0.1078614  -0.10506686 -0.10228852
 -0.09952591 -0.09677858 -0.09404607 -0.09132793 -0.0886237  -0.08593294
 -0.08325521 -0.08059008 -0.07793712 -0.07529592 -0.07266607 -0.07004719
 -0.06743888 -0.06484077 -0.06225249 -0.0596737  -0.05710405 -0.0545432
 -0.05199084 -0.04944666 -0.04691034 -0.0443816  -0.04186016 -0.03934573
 -0.03683807 -0.03433691 -0.03184201 -0.02935313 -0.02687003 -0.0243925
 -0.02192033 -0.01945331 -0.01699123 -0.01453391 -0.01208116 -0.0096328
 -0.00718866 -0.00474857 -0.00231238]"
