sigma0re,sigma0im,beta0re,beta0im,mu0re,mu0im,beta1re,beta1im,sigma1re,sigma1im,mu1re,mu1im,alpha0,alpha1,b_star,corresponding_negative_eigenvalues
0.2,0.3,1,1.1,1.0,-2.099999999999999,1,1.1,0.2,0.3,-0.5,-0.49999999999999867,0.0,0.0,"[0.29 0.3  0.31 0.32 0.33 0.34 0.35 0.36 0.37 0.38 0.39 0.4  0.41 0.42
 0.43 0.44 0.45 0.46 0.47 0.48 0.49 0.5  0.51 0.52 0.53 0.54 0.55 0.56
 0.57 0.58 0.59 0.6  0.61 0.62 0.63 0.64 0.65 0.66 0.67 0.68 0.69 0.7
 0.71 0.72 0.73 0.74]","[-0.01052012 -0.04098067 -0.10077209 -0.09817211 -0.09559476 -0.09303899
 -0.09050383 -0.08798833 -0.08549162 -0.08301284 -0.0805512  -0.07810596
 -0.07567638 -0.07326179 -0.07086154 -0.06847502 -0.06610164 -0.06374084
 -0.0613921  -0.0590549  -0.05672878 -0.05441326 -0.05210791 -0.04981232
 -0.04752609 -0.04524883 -0.04298018 -0.0407198  -0.03846735 -0.03622252
 -0.03398499 -0.03175449 -0.02953073 -0.02731343 -0.02510236 -0.02289725
 -0.02069788 -0.01850402 -0.01631545 -0.01413197 -0.01195337 -0.00977945
 -0.00761005 -0.00544497 -0.00328406 -0.00112713]"
