sigma0re,sigma0im,beta0re,beta0im,mu0re,mu0im,beta1re,beta1im,sigma1re,sigma1im,mu1re,mu1im,alpha0,alpha1,b_star,corresponding_negative_eigenvalues
0.2,0.3,1,1.1,1.0,-2.1999999999999993,1,1.1,0.2,0.3,-0.5,-1.6999999999999997,0.0,0.0,"[0.18 0.19 0.2  0.21 0.22 0.23 0.24 0.25 0.26 0.27 0.28 0.29 0.3  0.31
 0.32 0.33 0.34 0.35 0.36 0.37 0.38 0.39 0.4  0.41 0.42 0.43 0.44 0.45
 0.46 0.47 0.48 0.49 0.5  0.51 0.52 0.53 0.54 0.55 0.56 0.57 0.58 0.59
 0.6  0.61 0.62 0.63 0.64 0.65 0.66 0.67 0.68 0.69 0.7  0.71 0.72 0.73
 0.74 0.75 0.76 0.77 0.78 0.79 0.8  0.81 0.82 0.83 0.84 0.85 0.86 0.87
 0.88 0.89 0.9  0.91 0.92 0.93 0.94 0.95 0.96 0.97 0.98 0.99 1.   1.01
 1.02 1.03 1.04 1.05 1.06 1.07 1.08 1.09 1.1  1.11 1.12 1.13 1.14 1.15
 1.16 1.17 1.18 1.19 1.2  1.21 1.22 1.23 1.24 1.25 1.26 1.27 1.28]","[-0.01494669 -0.03539894 -0.06029533 -0.09179167 -0.13560472 -0.1621999
 -0.16057044 -0.15894265 -0.15731658 -0.15569227 -0.15406978 -0.15244913
 -0.15083037 -0.14921353 -0.14759864 -0.14598574 -0.14437485 -0.14276601
 -0.14115923 -0.13955454 -0.13795196 -0.1363515  -0.13475319 -0.13315703
 -0.13156303 -0.12997122 -0.12838159 -0.12679416 -0.12520892 -0.12362588
 -0.12204504 -0.12046641 -0.11888997 -0.11731573 -0.11574368 -0.11417382
 -0.11260614 -0.11104063 -0.10947727 -0.10791607 -0.10635701 -0.10480008
 -0.10324525 -0.10169253 -0.10014188 -0.09859331 -0.09704678 -0.09550229
 -0.09395981 -0.09241932 -0.09088082 -0.08934426 -0.08780965 -0.08627695
 -0.08474614 -0.08321721 -0.08169012 -0.08016487 -0.07864142 -0.07711976
 -0.07559986 -0.07408169 -0.07256524 -0.07105049 -0.0695374  -0.06802596
 -0.06651614 -0.06500792 -0.06350127 -0.06199618 -0.06049261 -0.05899055
 -0.05748998 -0.05599086 -0.05449318 -0.05299691 -0.05150203 -0.05000852
 -0.04851636 -0.04702552 -0.04553598 -0.04404771 -0.04256071 -0.04107494
 -0.03959038 -0.03810701 -0.03662482 -0.03514378 -0.03366387 -0.03218506
 -0.03070735 -0.02923071 -0.02775511 -0.02628055 -0.02480699 -0.02333443
 -0.02186284 -0.02039221 -0.01892251 -0.01745373 -0.01598586 -0.01451886
 -0.01305273 -0.01158745 -0.010123   -0.00865937 -0.00719654 -0.00573449
 -0.0042732  -0.00281267 -0.00135287]"
