sigma0re,sigma0im,beta0re,beta0im,mu0re,mu0im,beta1re,beta1im,sigma1re,sigma1im,mu1re,mu1im,alpha0,alpha1,b_star,corresponding_negative_eigenvalues
0.2,0.3,1,1.1,1.0,-1.799999999999999,1,1.1,0.2,0.3,-0.5,-1.5999999999999996,0.1,0.1,"[0.19 0.2  0.21 0.22 0.23 0.24 0.25 0.26 0.27 0.28 0.29 0.3  0.31 0.32
 0.33 0.34 0.35 0.36 0.37 0.38 0.39 0.4  0.41 0.42 0.43 0.44 0.45 0.46
 0.47 0.48 0.49 0.5  0.51 0.52 0.53 0.54 0.55 0.56 0.57 0.58 0.59 0.6
 0.61 0.62 0.63 0.64 0.65 0.66 0.67 0.68 0.69 0.7  0.71 0.72 0.73 0.74
 0.75 0.76 0.77 0.78 0.79 0.8  0.81 0.82 0.83 0.84 0.85 0.86 0.87 0.88
 0.89 0.9  0.91 0.92 0.93 0.94 0.95 0.96 0.97 0.98 0.99 1.   1.01 1.02
 1.03 1.04 1.05 1.06 1.07 1.08 1.09 1.1  1.11 1.12 1.13 1.14 1.15 1.16
 1.17 1.18 1.19]","[-0.00363914 -0.01670178 -0.03175947 -0.04921077 -0.06967623 -0.09421833
 -0.12496935 -0.14857997 -0.14662909 -0.14467889 -0.14272927 -0.14078014
 -0.13883144 -0.13688309 -0.13493505 -0.13298727 -0.13103974 -0.12909246
 -0.12714542 -0.12519866 -0.12325222 -0.12130617 -0.1193606  -0.11741561
 -0.11547133 -0.11352791 -0.11158553 -0.10964439 -0.10770472 -0.10576675
 -0.10383078 -0.1018971  -0.09996604 -0.09803794 -0.0961132  -0.0941922
 -0.09227537 -0.09036317 -0.08845606 -0.08655454 -0.08465912 -0.08277033
 -0.08088872 -0.07901484 -0.07714929 -0.07529263 -0.07344548 -0.07160844
 -0.06978211 -0.06796712 -0.06616408 -0.0643736  -0.0625963  -0.06083279
 -0.05908367 -0.05734953 -0.05563096 -0.05392854 -0.05224282 -0.05057434
 -0.04892364 -0.04729122 -0.04567757 -0.04408317 -0.04250846 -0.04095386
 -0.03941978 -0.03790659 -0.03641465 -0.03494427 -0.03349575 -0.03206936
 -0.03066534 -0.0292839  -0.02792521 -0.02658943 -0.02527667 -0.02398701
 -0.02272051 -0.02147719 -0.02025703 -0.01905999 -0.01788598 -0.0167349
 -0.01560659 -0.01450087 -0.01341753 -0.01235631 -0.01131694 -0.0102991
 -0.00930243 -0.00832657 -0.00737109 -0.00643555 -0.00551949 -0.0046224
 -0.00374375 -0.002883   -0.00203956 -0.00121284 -0.00040222]"
