sigma0re,sigma0im,beta0re,beta0im,mu0re,mu0im,beta1re,beta1im,sigma1re,sigma1im,mu1re,mu1im,alpha0,alpha1,b_star,corresponding_negative_eigenvalues
0.2,0.3,1,1.1,1.0,1.1000000000000032,1,1.1,0.2,0.3,-0.5,1.8000000000000034,0.1,0.1,"[0.31 0.32 0.33 0.34 0.35 0.36 0.37 0.38 0.39 0.4  0.41 0.42 0.43 0.44
 0.45 0.46 0.47 0.48 0.49 0.5  0.51 0.52 0.53]","[-0.0728966  -0.06950222 -0.06613185 -0.06278421 -0.05945809 -0.05615237
 -0.052866   -0.04959798 -0.04634741 -0.0431134  -0.03989516 -0.03669193
 -0.033503   -0.0303277  -0.02716543 -0.02401559 -0.02087765 -0.0177511
 -0.01463547 -0.01153031 -0.00843521 -0.00534979 -0.00227367]"
