sigma0re,sigma0im,beta0re,beta0im,mu0re,mu0im,beta1re,beta1im,sigma1re,sigma1im,mu1re,mu1im,alpha0,alpha1,b_star,corresponding_negative_eigenvalues
0.2,0.3,1,1.1,1.0,-2.1999999999999993,1,1.1,0.2,0.3,-0.5,-0.3999999999999986,0.1,0.1,"[0.32 0.33 0.34 0.35 0.36 0.37 0.38 0.39 0.4  0.41 0.42 0.43 0.44 0.45
 0.46 0.47 0.48 0.49 0.5  0.51 0.52 0.53 0.54 0.55 0.56 0.57 0.58 4.19
 4.2  4.21 4.22 4.23 4.24 4.25 4.26 4.27 4.28 4.29 4.3  4.31 4.32 4.33
 4.34 4.35 4.36 4.37 4.38 4.39 4.4  4.41 4.42 4.43 4.44 4.45 4.46 4.47
 4.48 4.49 4.5  4.51 4.52 4.53 4.54 4.55 4.56 4.57 4.58 4.59 4.6  4.61
 4.62 4.63 4.64 4.65 4.66 4.67 4.68 4.69 4.7  4.71 4.72 4.73 4.74 4.75
 4.76 4.77 4.78 4.79 4.8  4.81 4.82 4.83 4.84 4.85 4.86 4.87 4.88 4.89
 4.9  4.91 4.92 4.93 4.94 4.95 4.96 4.97 4.98 4.99 5.  ]","[-0.02497434 -0.0649328  -0.06212274 -0.05933332 -0.05656437 -0.05381571
 -0.05108711 -0.04837836 -0.04568924 -0.04301951 -0.04036894 -0.03773731
 -0.03512441 -0.03253001 -0.02995391 -0.02739592 -0.02485583 -0.02233349
 -0.0198287  -0.0173413  -0.01487114 -0.01241807 -0.00998195 -0.00756264
 -0.00516002 -0.00277397 -0.00040437 -0.00196707 -0.00476761 -0.0075887
 -0.01043037 -0.01329268 -0.01617565 -0.01907933 -0.02200376 -0.02494897
 -0.02791501 -0.03090191 -0.03390971 -0.03693845 -0.03998818 -0.04305892
 -0.04615072 -0.04926362 -0.05239765 -0.05555285 -0.05872926 -0.06192692
 -0.06514587 -0.06838615 -0.07164778 -0.07493082 -0.0782353  -0.08156126
 -0.08490873 -0.08827775 -0.09166836 -0.09508061 -0.09851451 -0.10197012
 -0.10544747 -0.1089466  -0.11246754 -0.11601034 -0.11957502 -0.12316163
 -0.1267702  -0.13040078 -0.13405339 -0.13772807 -0.14142486 -0.1451438
 -0.14888493 -0.15264827 -0.15643387 -0.16024176 -0.16407199 -0.16792457
 -0.17179956 -0.17569699 -0.17961689 -0.18355929 -0.18752425 -0.19151178
 -0.19552194 -0.19955474 -0.20361023 -0.20768845 -0.21178942 -0.21591319
 -0.22005979 -0.22422925 -0.22842161 -0.23263691 -0.23687517 -0.24113644
 -0.24542075 -0.24972814 -0.25405863 -0.25841227 -0.26278909 -0.26718911
 -0.27161239 -0.27605894 -0.28052881 -0.28502203 -0.28953864 -0.29407866
 -0.29864213]"
