sigma0re,sigma0im,beta0re,beta0im,mu0re,mu0im,beta1re,beta1im,sigma1re,sigma1im,mu1re,mu1im,alpha0,alpha1,b_star,corresponding_negative_eigenvalues
0.2,0.3,1,1.1,1.0,-1.0999999999999983,1,1.1,0.2,0.3,-0.5,-0.9999999999999991,0.1,0.1,"[0.16 0.17 0.18 0.19 0.2  0.21 0.22 0.23 0.24 0.25 0.26 0.27 0.28 0.29
 0.3  0.31 0.32 0.33 0.34 0.35 0.36 0.37 0.38 0.39 0.4  0.41 0.42 0.43
 0.44 0.45 0.46 0.47 0.48 0.49 0.5  0.51 0.52 0.53 0.54 0.55 0.56 0.57
 0.58 0.59 0.6  0.61 0.62 0.63 0.64 0.65 0.66 0.67 0.68 0.69 0.7  0.71
 0.72 0.73 0.74 0.75 0.76 0.77 0.78 0.79 0.8  0.81 0.82 0.83 0.84 0.85
 0.86 0.87 0.88 0.89 0.9  0.91 0.92 0.93 0.94 0.95 0.96 0.97 0.98 0.99
 1.   1.01 1.02 1.03 1.04]","[-0.00464984 -0.00989027 -0.01573709 -0.02221756 -0.02936633 -0.0372271
 -0.04585508 -0.05532048 -0.06571375 -0.07715362 -0.08980008 -0.10387657
 -0.11971076 -0.12948766 -0.12724941 -0.12502538 -0.12281556 -0.12061995
 -0.11843853 -0.11627129 -0.11411822 -0.11197929 -0.10985448 -0.10774376
 -0.10564711 -0.10356451 -0.10149592 -0.09944133 -0.09740071 -0.09537404
 -0.0933613  -0.09136248 -0.08937755 -0.08740651 -0.08544933 -0.08350603
 -0.08157658 -0.07966098 -0.07775924 -0.07587136 -0.07399733 -0.07213718
 -0.0702909  -0.06845852 -0.06664004 -0.06483548 -0.06304487 -0.06126823
 -0.05950558 -0.05775695 -0.05602236 -0.05430185 -0.05259545 -0.05090319
 -0.04922512 -0.04756126 -0.04591166 -0.04427635 -0.04265538 -0.0410488
 -0.03945664 -0.03787894 -0.03631576 -0.03476714 -0.03323312 -0.03171376
 -0.03020909 -0.02871917 -0.02724404 -0.02578375 -0.02433835 -0.02290788
 -0.02149238 -0.02009191 -0.01870651 -0.01733621 -0.01598107 -0.01464113
 -0.01331642 -0.01200698 -0.01071286 -0.00943408 -0.00817068 -0.0069227
 -0.00569016 -0.00447308 -0.00327151 -0.00208545 -0.00091493]"
