sigma0re,sigma0im,beta0re,beta0im,mu0re,mu0im,beta1re,beta1im,sigma1re,sigma1im,mu1re,mu1im,alpha0,alpha1,b_star,corresponding_negative_eigenvalues
0.2,0.3,1,1.1,1.0,-0.09999999999999742,1,1.1,0.2,0.3,-0.5,-1.6999999999999997,0.1,0.1,[0.01 0.02 0.03 0.04 0.05 0.06 0.07 0.08 0.09 0.1 ],"[-6.80206262e-05 -2.64158926e-04 -5.64518275e-04 -9.29007933e-04
 -1.30150186e-03 -1.61115035e-03 -1.77576619e-03 -1.70796378e-03
 -1.32387487e-03 -5.52932656e-04]"
