sigma0re,sigma0im,beta0re,beta0im,mu0re,mu0im,beta1re,beta1im,sigma1re,sigma1im,mu1re,mu1im,alpha0,alpha1,b_star,corresponding_negative_eigenvalues
0.2,0.3,1,1.1,1.0,2.100000000000005,1,1.1,0.2,0.3,-0.5,1.7763568394002505e-15,0.1,0.1,[0.01 0.02 0.03 0.04 0.05 0.06 0.07],"[-1.38016186e-05 -5.22348210e-05 -1.06454554e-04 -1.61969899e-04
 -1.99078628e-04 -1.93576851e-04 -1.17807528e-04]"
