sigma0re,sigma0im,beta0re,beta0im,mu0re,mu0im,beta1re,beta1im,sigma1re,sigma1im,mu1re,mu1im,alpha0,alpha1,b_star,corresponding_negative_eigenvalues
0.2,0.3,1,1.1,1.0,1.5000000000000036,1,1.1,0.2,0.3,-0.5,1.8000000000000034,0.1,0.1,"[0.27 0.28 0.29 0.3  0.31 0.32 0.33 0.34 0.35 0.36 0.37 0.38 0.39 0.4
 0.41 0.42 0.43 0.44 0.45 0.46 0.47 0.48 0.49 0.5  0.51 0.52 0.53 0.54
 0.55 0.56 0.57 0.58 0.59 0.6  0.61 0.62 0.63 0.64 0.65 0.66 0.67 0.68
 0.69 0.7  0.71 0.72 0.73 0.74 0.75 0.76 0.77 0.78]","[-0.00038199 -0.0345215  -0.11448388 -0.11185661 -0.10924842 -0.10665878
 -0.10408715 -0.10153301 -0.09899583 -0.09647512 -0.09397035 -0.09148105
 -0.08900672 -0.08654691 -0.08410116 -0.08166902 -0.07925008 -0.07684393
 -0.07445016 -0.07206841 -0.06969829 -0.06733947 -0.0649916  -0.06265436
 -0.06032744 -0.05801055 -0.0557034  -0.05340571 -0.05111725 -0.04883774
 -0.04656697 -0.04430471 -0.04205074 -0.03980485 -0.03756687 -0.0353366
 -0.03311387 -0.03089851 -0.02869036 -0.02648928 -0.02429512 -0.02210774
 -0.01992702 -0.01775284 -0.01558509 -0.01342364 -0.0112684  -0.00911928
 -0.00697617 -0.004839   -0.00270767 -0.00058212]"
