sigma0re,sigma0im,beta0re,beta0im,mu0re,mu0im,beta1re,beta1im,sigma1re,sigma1im,mu1re,mu1im,alpha0,alpha1,b_star,corresponding_negative_eigenvalues
0.2,0.3,1,1.1,1.0,-2.3999999999999995,1,1.1,0.2,0.3,-0.5,-1.9,0.0,0.0,"[0.17 0.18 0.19 0.2  0.21 0.22 0.23 0.24 0.25 0.26 0.27 0.28 0.29 0.3
 0.31 0.32 0.33 0.34 0.35 0.36 0.37 0.38 0.39 0.4  0.41 0.42 0.43 0.44
 0.45 0.46 0.47 0.48 0.49 0.5  0.51 0.52 0.53 0.54 0.55 0.56 0.57 0.58
 0.59 0.6  0.61 0.62 0.63 0.64 0.65 0.66 0.67 0.68 0.69 0.7  0.71 0.72
 0.73 0.74 0.75 0.76 0.77 0.78 0.79 0.8  0.81 0.82 0.83 0.84 0.85 0.86
 0.87 0.88 0.89 0.9  0.91 0.92 0.93 0.94 0.95 0.96 0.97 0.98 0.99 1.
 1.01 1.02 1.03 1.04 1.05 1.06 1.07 1.08 1.09 1.1  1.11 1.12 1.13 1.14
 1.15 1.16 1.17 1.18 1.19 1.2  1.21 1.22]","[-1.69019851e-02 -4.05187661e-02 -7.00866305e-02 -1.09526780e-01
 -1.63910324e-01 -1.62202693e-01 -1.60496499e-01 -1.58791790e-01
 -1.57088611e-01 -1.55387004e-01 -1.53687010e-01 -1.51988666e-01
 -1.50292011e-01 -1.48597076e-01 -1.46903895e-01 -1.45212498e-01
 -1.43522911e-01 -1.41835161e-01 -1.40149271e-01 -1.38465262e-01
 -1.36783155e-01 -1.35102965e-01 -1.33424710e-01 -1.31748402e-01
 -1.30074053e-01 -1.28401673e-01 -1.26731271e-01 -1.25062852e-01
 -1.23396422e-01 -1.21731984e-01 -1.20069539e-01 -1.18409088e-01
 -1.16750629e-01 -1.15094159e-01 -1.13439674e-01 -1.11787170e-01
 -1.10136639e-01 -1.08488074e-01 -1.06841466e-01 -1.05196805e-01
 -1.03554079e-01 -1.01913279e-01 -1.00274389e-01 -9.86373979e-02
 -9.70022899e-02 -9.53690501e-02 -9.37376626e-02 -9.21081111e-02
 -9.04803781e-02 -8.88544461e-02 -8.72302968e-02 -8.56079114e-02
 -8.39872707e-02 -8.23683552e-02 -8.07511447e-02 -7.91356191e-02
 -7.75217576e-02 -7.59095395e-02 -7.42989435e-02 -7.26899483e-02
 -7.10825324e-02 -6.94766741e-02 -6.78723516e-02 -6.62695430e-02
 -6.46682263e-02 -6.30683795e-02 -6.14699805e-02 -5.98730072e-02
 -5.82774376e-02 -5.66832496e-02 -5.50904211e-02 -5.34989303e-02
 -5.19087553e-02 -5.03198743e-02 -4.87322656e-02 -4.71459077e-02
 -4.55607791e-02 -4.39768585e-02 -4.23941247e-02 -4.08125569e-02
 -3.92321341e-02 -3.76528358e-02 -3.60746414e-02 -3.44975307e-02
 -3.29214837e-02 -3.13464804e-02 -2.97725013e-02 -2.81995268e-02
 -2.66275378e-02 -2.50565153e-02 -2.34864404e-02 -2.19172947e-02
 -2.03490598e-02 -1.87817177e-02 -1.72152505e-02 -1.56496407e-02
 -1.40848708e-02 -1.25209237e-02 -1.09577826e-02 -9.39543088e-03
 -7.83385207e-03 -6.27303004e-03 -4.71294890e-03 -3.15359297e-03
 -1.59494683e-03 -3.69952892e-05]"
