sigma0re,sigma0im,beta0re,beta0im,mu0re,mu0im,beta1re,beta1im,sigma1re,sigma1im,mu1re,mu1im,alpha0,alpha1,b_star,corresponding_negative_eigenvalues
0.2,0.3,1,1.1,1.0,-0.8999999999999981,1,1.1,0.2,0.3,-0.5,-0.9999999999999991,0.1,0.1,"[0.01 0.02 0.03 0.04 0.05 0.06 0.07 0.08 0.09 0.1  0.11 0.12 0.13 0.14
 0.15 0.16 0.17 0.18 0.19 0.2  0.21 0.22 0.23 0.24 0.25 0.26 0.27 0.28
 0.29 0.3  0.31 0.32 0.33 0.34 0.35 0.36 0.37 0.38 0.39 0.4  0.41 0.42
 0.43 0.44 0.45 0.46 0.47 0.48 0.49 0.5  0.51 0.52 0.53 0.54 0.55 0.56
 0.57 0.58 0.59 0.6  0.61 0.62 0.63 0.64 0.65 0.66 0.67 0.68 0.69 0.7
 0.71 0.72 0.73 0.74 0.75 0.76]","[-0.00039558 -0.00159158 -0.00361702 -0.00652488 -0.0076796  -0.00882268
 -0.01065765 -0.0129195  -0.01555848 -0.01856198 -0.0219298  -0.02566757
 -0.02978464 -0.03429331 -0.03920867 -0.04454874 -0.05033485 -0.05659218
 -0.06335054 -0.07064546 -0.07851963 -0.08702496 -0.09622545 -0.10620147
 -0.11204344 -0.109339   -0.10666654 -0.10402476 -0.10141247 -0.09882853
 -0.09627193 -0.09374169 -0.09123693 -0.0887568  -0.08630054 -0.08386742
 -0.08145675 -0.07906791 -0.07670029 -0.07435336 -0.07202657 -0.06971945
 -0.06743154 -0.0651624  -0.06291163 -0.06067884 -0.05846368 -0.05626581
 -0.05408491 -0.05192068 -0.04977283 -0.0476411  -0.04552523 -0.04342499
 -0.04134015 -0.03927049 -0.03721581 -0.03517593 -0.03315066 -0.03113983
 -0.02914327 -0.02716084 -0.02519238 -0.02323776 -0.02129684 -0.01936951
 -0.01745563 -0.01555511 -0.01366782 -0.01179367 -0.00993256 -0.0080844
 -0.00624909 -0.00442655 -0.00261671 -0.00081947]"
