sigma0re,sigma0im,beta0re,beta0im,mu0re,mu0im,beta1re,beta1im,sigma1re,sigma1im,mu1re,mu1im,alpha0,alpha1,b_star,corresponding_negative_eigenvalues
0.2,0.3,1,1.1,1.0,-1.799999999999999,1,1.1,0.2,0.3,-0.5,-1.7999999999999998,0.1,0.1,"[0.18 0.19 0.2  0.21 0.22 0.23 0.24 0.25 0.26 0.27 0.28 0.29 0.3  0.31
 0.32 0.33 0.34 0.35 0.36 0.37 0.38 0.39 0.4  0.41 0.42 0.43 0.44 0.45
 0.46 0.47 0.48 0.49 0.5  0.51 0.52 0.53 0.54 0.55 0.56 0.57 0.58 0.59
 0.6  0.61 0.62 0.63 0.64 0.65 0.66 0.67 0.68 0.69 0.7  0.71 0.72 0.73
 0.74 0.75 0.76 0.77 0.78 0.79 0.8  0.81 0.82 0.83 0.84 0.85 0.86 0.87
 0.88 0.89 0.9  0.91 0.92]","[-0.00477025 -0.01831204 -0.03395994 -0.05213391 -0.07349245 -0.09917342
 -0.13149492 -0.14041846 -0.13808041 -0.13574553 -0.13341385 -0.13108543
 -0.12876031 -0.12643856 -0.12412026 -0.12180551 -0.11949441 -0.11718709
 -0.11488368 -0.11258433 -0.11028921 -0.1079985  -0.1057124  -0.10343111
 -0.10115486 -0.0988839  -0.09661847 -0.09435883 -0.09210529 -0.08985812
 -0.08761763 -0.08538414 -0.08315799 -0.08093951 -0.07872905 -0.07652698
 -0.07433364 -0.07214943 -0.06997472 -0.06780989 -0.06565533 -0.06351142
 -0.06137857 -0.05925716 -0.05714759 -0.05505023 -0.05296549 -0.05089374
 -0.04883535 -0.0467907  -0.04476015 -0.04274405 -0.04074275 -0.03875659
 -0.03678588 -0.03483093 -0.03289205 -0.03096952 -0.0290636  -0.02717455
 -0.0253026  -0.02344798 -0.02161089 -0.01979151 -0.01799    -0.01620651
 -0.01444118 -0.01269409 -0.01096534 -0.009255   -0.0075631  -0.00588967
 -0.00423471 -0.00259819 -0.00098007]"
