sigma0re,sigma0im,beta0re,beta0im,mu0re,mu0im,beta1re,beta1im,sigma1re,sigma1im,mu1re,mu1im,alpha0,alpha1,b_star,corresponding_negative_eigenvalues
0.2,0.3,1,1.1,1.0,2.600000000000005,1,1.1,0.2,0.3,-0.5,0.20000000000000195,0.0,0.0,"[0.01 0.02 0.03 0.04 0.05 0.06 0.07 0.08 0.09 0.1  0.11 0.12 0.13 0.14
 0.15 0.16 0.17 0.18 0.19 0.2  0.21 0.22 0.23 0.24 0.25 0.26]","[-0.00028718 -0.00114718 -0.00257467 -0.00455823 -0.00707586 -0.01008759
 -0.01352387 -0.0172696  -0.0211465  -0.0249039  -0.02823736 -0.03084956
 -0.03253359 -0.03322349 -0.03297892 -0.03192974 -0.0302237  -0.02799642
 -0.02536048 -0.02240486 -0.01919828 -0.01579342 -0.01223061 -0.00854086
 -0.00474819 -0.0008713 ]"
