sigma0re,sigma0im,beta0re,beta0im,mu0re,mu0im,beta1re,beta1im,sigma1re,sigma1im,mu1re,mu1im,alpha0,alpha1,b_star,corresponding_negative_eigenvalues
0.2,0.3,1,1.1,1.0,1.900000000000004,1,1.1,0.2,0.3,-0.5,1.7763568394002505e-15,0.1,0.1,[0.01 0.02 0.03 0.04 0.05 0.06 0.07 0.08],"[-1.27466819e-05 -4.85544434e-05 -1.00184829e-04 -1.55779718e-04
 -1.99207245e-04 -2.10610142e-04 -1.67196986e-04 -4.42948163e-05]"
