sigma0re,sigma0im,beta0re,beta0im,mu0re,mu0im,beta1re,beta1im,sigma1re,sigma1im,mu1re,mu1im,alpha0,alpha1,b_star,corresponding_negative_eigenvalues
0.2,0.3,1,1.1,1.0,-0.8999999999999981,1,1.1,0.2,0.3,-0.5,-1.5999999999999996,0.1,0.1,"[0.01 0.02 0.03 0.04 0.05 0.06 0.07 0.08 0.09 0.1  0.11 0.12 0.13 0.14
 0.15 0.16 0.17 0.18 0.19 0.2  0.21 0.22 0.23 0.24 0.25 0.26 0.27 0.28
 0.29 0.3  0.31 0.32 0.33 0.34 0.35 0.36 0.37 0.38 0.39 0.4  0.41 0.42
 0.43 0.44 0.45 0.46]","[-0.00063543 -0.00256951 -0.00589261 -0.00581751 -0.00744457 -0.00961689
 -0.01225778 -0.01535266 -0.01890265 -0.02291547 -0.02740288 -0.03237996
 -0.03786505 -0.04388002 -0.05045076 -0.05760794 -0.06538802 -0.07383466
 -0.08300062 -0.09295042 -0.09249341 -0.08844136 -0.08443561 -0.08047351
 -0.07655264 -0.07267079 -0.06882594 -0.0650162  -0.06123987 -0.05749536
 -0.05378118 -0.05009598 -0.0464385  -0.04280755 -0.03920205 -0.03562097
 -0.03206336 -0.02852833 -0.02501505 -0.02152273 -0.01805065 -0.01459811
 -0.01116447 -0.00774912 -0.00435149 -0.00097102]"
