sigma0re,sigma0im,beta0re,beta0im,mu0re,mu0im,beta1re,beta1im,sigma1re,sigma1im,mu1re,mu1im,alpha0,alpha1,b_star,corresponding_negative_eigenvalues
0.2,0.3,1,1.1,1.0,1.7000000000000046,1,1.1,0.2,0.3,-0.5,1.7763568394002505e-15,0.1,0.1,[0.01 0.02 0.03 0.04 0.05 0.06 0.07 0.08],"[-1.16872372e-05 -4.48020126e-05 -9.35512699e-05 -1.48445788e-04
 -1.96570781e-04 -2.22002287e-04 -2.06392748e-04 -1.29736257e-04]"
