sigma0re,sigma0im,beta0re,beta0im,mu0re,mu0im,beta1re,beta1im,sigma1re,sigma1im,mu1re,mu1im,alpha0,alpha1,b_star,corresponding_negative_eigenvalues
0.2,0.3,1,1.1,1.0,-2.2999999999999994,1,1.1,0.2,0.3,-0.5,-2.0,0.1,0.1,"[0.18 0.19 0.2  0.21 0.22 0.23 0.24 0.25 0.26 0.27 0.28 0.29 0.3  0.31
 0.32 0.33 0.34 0.35 0.36 0.37 0.38 0.39 0.4  0.41 0.42 0.43 0.44 0.45
 0.46 0.47 0.48 0.49 0.5  0.51 0.52 0.53 0.54 0.55 0.56 0.57 0.58 0.59
 0.6  0.61 0.62 0.63 0.64 0.65 0.66 0.67 0.68 0.69 0.7  0.71 0.72 0.73
 0.74 0.75 0.76 0.77 0.78 0.79 0.8  0.81 0.82 0.83 0.84 0.85 0.86 0.87
 0.88 0.89 0.9  0.91 0.92 0.93 0.94 0.95 0.96 0.97 0.98 0.99 1.   1.01
 1.02 1.03 1.04 1.05 1.06 1.07 1.08 1.09 1.1  1.11 1.12 1.13 1.14 1.15
 1.16 1.17 1.18 1.19 1.2  1.21 1.22 1.23 1.24 1.25 1.26 1.27 1.28 1.29
 1.3  1.31 1.32 1.33 1.34 1.35 1.36 1.37 1.38 1.39]","[-0.01574848 -0.03668673 -0.0622073  -0.09451804 -0.13944339 -0.15778952
 -0.15598091 -0.15417294 -0.1523654  -0.1505581  -0.14875083 -0.1469434
 -0.14513561 -0.14332728 -0.14151822 -0.13970825 -0.13789718 -0.13608485
 -0.1342711  -0.13245578 -0.13063875 -0.12881988 -0.12699908 -0.12517624
 -0.12335131 -0.12152424 -0.119695   -0.11786361 -0.11603012 -0.11419458
 -0.11235713 -0.11051791 -0.10867712 -0.106835   -0.10499184 -0.10314799
 -0.10130384 -0.09945985 -0.09761651 -0.09577439 -0.09393412 -0.09209637
 -0.09026188 -0.08843144 -0.08660588 -0.08478611 -0.08297306 -0.08116772
 -0.0793711  -0.07758426 -0.07580828 -0.07404426 -0.07229331 -0.07055656
 -0.06883513 -0.06713015 -0.06544271 -0.06377391 -0.0621248  -0.06049642
 -0.05888974 -0.05730573 -0.05574526 -0.05420919 -0.05269828 -0.05121326
 -0.04975477 -0.04832339 -0.0469196  -0.04554384 -0.04419645 -0.04287767
 -0.04158769 -0.04032659 -0.03909437 -0.03789095 -0.03671614 -0.0355697
 -0.03445127 -0.03336042 -0.03229664 -0.03125932 -0.0302478  -0.02926133
 -0.02829909 -0.02736019 -0.02644369 -0.02554858 -0.02467383 -0.02381834
 -0.02298098 -0.0221606  -0.02135602 -0.02056607 -0.01978954 -0.01902527
 -0.01827206 -0.01752877 -0.01679427 -0.01606746 -0.01534728 -0.01463272
 -0.01392281 -0.01321663 -0.01251334 -0.01181212 -0.01111223 -0.010413
 -0.0097138  -0.00901408 -0.00831332 -0.0076111  -0.00690701 -0.00620072
 -0.00549196 -0.00478048 -0.00406609 -0.00334865 -0.00262804 -0.00190419
 -0.00117705 -0.00044662]"
