sigma0re,sigma0im,beta0re,beta0im,mu0re,mu0im,beta1re,beta1im,sigma1re,sigma1im,mu1re,mu1im,alpha0,alpha1,b_star,corresponding_negative_eigenvalues
0.2,0.3,1,1.1,1.0,2.7000000000000046,1,1.1,0.2,0.3,-0.5,0.5000000000000022,0.0,0.0,"[0.09 0.1  0.11 0.12 0.13 0.14 0.15 0.16 0.17 0.18 0.19 0.2  0.21 0.22
 0.23 0.24 0.25 0.26 0.27 0.28 0.29 0.3  0.31 0.32 0.33 0.34 0.35 0.36
 0.37 0.38 0.39 0.4  0.41 0.42 0.43 0.44 0.45 0.46 0.47 0.48 0.49 0.5
 0.51 0.52 0.53 0.54]","[-0.00082149 -0.00452709 -0.0088278  -0.01372369 -0.01922253 -0.0253394
 -0.03209678 -0.03952512 -0.04766387 -0.05656321 -0.06628673 -0.07691532
 -0.08855328 -0.10133775 -0.10190574 -0.09834662 -0.09482425 -0.09133643
 -0.08788113 -0.08445644 -0.08106058 -0.07769187 -0.07434876 -0.07102978
 -0.06773356 -0.06445881 -0.06120434 -0.057969   -0.05475173 -0.05155154
 -0.04836748 -0.04519868 -0.04204429 -0.03890353 -0.03577567 -0.03266
 -0.02955586 -0.02646263 -0.02337972 -0.02030658 -0.01724268 -0.01418751
 -0.01114062 -0.00810154 -0.00506986 -0.00204518]"
