sigma0re,sigma0im,beta0re,beta0im,mu0re,mu0im,beta1re,beta1im,sigma1re,sigma1im,mu1re,mu1im,alpha0,alpha1,b_star,corresponding_negative_eigenvalues
0.2,0.3,1,1.1,1.0,-1.6999999999999988,1,1.1,0.2,0.3,-0.5,-0.1999999999999984,0.1,0.1,"[0.32 0.33 0.34 0.35 0.36 0.37 0.38 4.78 4.79 4.8  4.81 4.82 4.83 4.84
 4.85 4.86 4.87 4.88 4.89 4.9  4.91 4.92 4.93 4.94 4.95 4.96 4.97 4.98
 4.99 5.  ]","[-1.32793248e-02 -1.11747114e-02 -9.01973824e-03 -6.82200173e-03
 -4.58799550e-03 -2.32328530e-03 -3.26550691e-05 -1.61760679e-03
 -5.40414583e-03 -9.21512841e-03 -1.30506077e-02 -1.69106368e-02
 -2.07952689e-02 -2.47045570e-02 -2.86385543e-02 -3.25973137e-02
 -3.65808882e-02 -4.05893310e-02 -4.46226948e-02 -4.86810328e-02
 -5.27643977e-02 -5.68728425e-02 -6.10064201e-02 -6.51651831e-02
 -6.93491845e-02 -7.35584770e-02 -7.77931132e-02 -8.20531459e-02
 -8.63386277e-02 -9.06496113e-02]"
