sigma0re,sigma0im,beta0re,beta0im,mu0re,mu0im,beta1re,beta1im,sigma1re,sigma1im,mu1re,mu1im,alpha0,alpha1,b_star,corresponding_negative_eigenvalues
0.2,0.3,1,1.1,1.0,1.2000000000000037,1,1.1,0.2,0.3,-0.5,1.2000000000000028,0.1,0.1,"[0.32 0.33 0.34 0.35 0.36 0.37 0.38 0.39 0.4  0.41 0.42 0.43 0.44 0.45
 0.46 0.47 0.48 0.49 0.5  0.51 0.52 0.53 0.54 0.55 0.56 0.57 0.58 0.59
 0.6  0.61 0.62 0.63 0.64 0.65 0.66 0.67 0.68 0.69 0.7  0.71 0.72 0.73
 0.74 0.75 0.76 0.77 0.78 0.79 0.8  0.81 0.82 0.83 0.84 0.85 0.86 0.87
 0.88 0.89 0.9  0.91 0.92 0.93 0.94 0.95 0.96 0.97 0.98 0.99 1.   1.01
 1.02 1.03 1.04 1.05 1.06 1.07 1.08 1.09 1.1  1.11 1.12 1.13]","[-0.01291351 -0.03817457 -0.0822755  -0.11687822 -0.11496296 -0.11306748
 -0.11119118 -0.10933345 -0.10749374 -0.10567149 -0.10386616 -0.10207722
 -0.10030418 -0.09854656 -0.09680387 -0.09507567 -0.09336152 -0.091661
 -0.0899737  -0.08829925 -0.08663725 -0.08498736 -0.08334922 -0.0817225
 -0.08010688 -0.07850206 -0.07690774 -0.07532363 -0.07374948 -0.072185
 -0.07062996 -0.06908411 -0.06754723 -0.06601909 -0.06449948 -0.06298819
 -0.06148504 -0.05998984 -0.0585024  -0.05702256 -0.05555014 -0.05408501
 -0.05262699 -0.05117595 -0.04973175 -0.04829426 -0.04686334 -0.04543888
 -0.04402076 -0.04260887 -0.0412031  -0.03980335 -0.03840952 -0.03702152
 -0.03563925 -0.03426263 -0.03289159 -0.03152603 -0.03016589 -0.02881109
 -0.02746156 -0.02611724 -0.02477806 -0.02344397 -0.02211491 -0.02079081
 -0.01947164 -0.01815733 -0.01684785 -0.01554314 -0.01424316 -0.01294787
 -0.01165723 -0.01037121 -0.00908975 -0.00781284 -0.00654044 -0.00527252
 -0.00400904 -0.00274998 -0.00149531 -0.00024501]"
