sigma0re,sigma0im,beta0re,beta0im,mu0re,mu0im,beta1re,beta1im,sigma1re,sigma1im,mu1re,mu1im,alpha0,alpha1,b_star,corresponding_negative_eigenvalues
0.2,0.3,1,1.1,1.0,-0.4999999999999978,1,1.1,0.2,0.3,-0.5,-1.9,0.1,0.1,"[0.01 0.02 0.03 0.04 0.05 0.06 0.07 0.08 0.09 0.1  0.11 0.12 0.13 0.14
 0.15 0.16 0.17 0.18 0.19 0.2  0.21 0.22 0.23 0.24 0.25]","[-0.00041476 -0.00166268 -0.00375414 -0.00670404 -0.0105263  -0.01522099
 -0.0207451  -0.02695049 -0.03347221 -0.03961144 -0.04443509 -0.04726798
 -0.0480744  -0.04725064 -0.04525631 -0.04245287 -0.03909104 -0.03533884
 -0.03130904 -0.02707844 -0.02270036 -0.01821252 -0.01364213 -0.00900909
 -0.00432822]"
