sigma0re,sigma0im,beta0re,beta0im,mu0re,mu0im,beta1re,beta1im,sigma1re,sigma1im,mu1re,mu1im,alpha0,alpha1,b_star,corresponding_negative_eigenvalues
0.2,0.3,1,1.1,1.0,1.1000000000000032,1,1.1,0.2,0.3,-0.5,1.300000000000003,0.1,0.1,"[0.32 0.33 0.34 0.35 0.36 0.37 0.38 0.39 0.4  0.41 0.42 0.43 0.44 0.45
 0.46 0.47 0.48 0.49 0.5  0.51 0.52 0.53 0.54 0.55 0.56 0.57 0.58 0.59
 0.6  0.61 0.62 0.63 0.64 0.65 0.66 0.67 0.68 0.69 0.7  0.71 0.72 0.73
 0.74 0.75 0.76 0.77 0.78 0.79 0.8  0.81 0.82]","[-0.00036224 -0.02728334 -0.09400862 -0.09646654 -0.09412358 -0.09180213
 -0.08950133 -0.08722036 -0.08495844 -0.08271485 -0.08048886 -0.07827982
 -0.07608708 -0.07391003 -0.0717481  -0.06960074 -0.06746742 -0.06534765
 -0.06324095 -0.06114688 -0.05906501 -0.05699494 -0.05493626 -0.05288863
 -0.05085168 -0.0488251  -0.04680855 -0.04480175 -0.04280439 -0.04081623
 -0.03883699 -0.03686643 -0.03490431 -0.03295042 -0.03100455 -0.02906648
 -0.02713604 -0.02521305 -0.02329732 -0.02138869 -0.01948702 -0.01759214
 -0.01570393 -0.01382225 -0.01194697 -0.01007796 -0.00821513 -0.00635835
 -0.00450752 -0.00266255 -0.00082334]"
