sigma0re,sigma0im,beta0re,beta0im,mu0re,mu0im,beta1re,beta1im,sigma1re,sigma1im,mu1re,mu1im,alpha0,alpha1,b_star,corresponding_negative_eigenvalues
0.2,0.3,1,1.1,1.0,1.1000000000000032,1,1.1,0.2,0.3,-0.5,1.500000000000003,0.1,0.1,"[0.32 0.33 0.34 0.35 0.36 0.37 0.38 0.39 0.4  0.41 0.42 0.43 0.44 0.45
 0.46 0.47 0.48 0.49 0.5  0.51 0.52 0.53 0.54 0.55 0.56 0.57 0.58 0.59
 0.6  0.61 0.62 0.63 0.64 0.65 0.66]","[-0.02303178 -0.08600059 -0.08320198 -0.08042625 -0.07767237 -0.07493933
 -0.07222622 -0.06953214 -0.06685628 -0.06419783 -0.06155605 -0.05893025
 -0.05631976 -0.05372395 -0.05114222 -0.04857403 -0.04601884 -0.04347615
 -0.04094549 -0.03842643 -0.03591852 -0.03342139 -0.03093466 -0.02845796
 -0.02599098 -0.02353339 -0.0210849  -0.01864522 -0.01621409 -0.01379126
 -0.0113765  -0.00896958 -0.0065703  -0.00417844 -0.00179384]"
