sigma0re,sigma0im,beta0re,beta0im,mu0re,mu0im,beta1re,beta1im,sigma1re,sigma1im,mu1re,mu1im,alpha0,alpha1,b_star,corresponding_negative_eigenvalues
0.2,0.3,1,1.1,1.0,0.7000000000000033,1,1.1,0.2,0.3,-0.5,1.7763568394002505e-15,0.1,0.1,"[0.01 0.02 0.03 0.04 0.05 0.06 0.07 0.08 0.09 0.1  0.11 0.12 0.13 0.14
 0.15 0.16 0.17 4.5  4.51 4.52 4.53 4.54 4.55 4.56 4.57 4.58 4.59 4.6
 4.61 4.62 4.63 4.64 4.65 4.66 4.67 4.68 4.69 4.7  4.71 4.72 4.73 4.74
 4.75 4.76 4.77 4.78 4.79 4.8  4.81 4.82 4.83 4.84 4.85 4.86 4.87 4.88
 4.89 4.9  4.91 4.92 4.93 4.94 4.95 4.96 4.97 4.98 4.99 5.  ]","[-6.32240728e-06 -2.49597363e-05 -5.49314205e-05 -9.46333270e-05
 -1.41882157e-04 -1.93975932e-04 -2.47768811e-04 -2.99757902e-04
 -3.46179171e-04 -3.83109018e-04 -4.06567743e-04 -4.12620904e-04
 -3.97474654e-04 -3.57561461e-04 -2.89613226e-04 -1.90719598e-04
 -5.83702623e-05 -1.39159637e-03 -3.55638189e-03 -5.73651391e-03
 -7.93204066e-03 -1.01430106e-02 -1.23694724e-02 -1.46114752e-02
 -1.68690679e-02 -1.91423003e-02 -2.14312218e-02 -2.37358826e-02
 -2.60563329e-02 -2.83926231e-02 -3.07448040e-02 -3.31129267e-02
 -3.54970425e-02 -3.78972028e-02 -4.03134597e-02 -4.27458651e-02
 -4.51944715e-02 -4.76593316e-02 -5.01404984e-02 -5.26380251e-02
 -5.51519652e-02 -5.76823727e-02 -6.02293017e-02 -6.27928065e-02
 -6.53729420e-02 -6.79697632e-02 -7.05833255e-02 -7.32136845e-02
 -7.58608962e-02 -7.85250169e-02 -8.12061032e-02 -8.39042121e-02
 -8.66194009e-02 -8.93517271e-02 -9.21012487e-02 -9.48680239e-02
 -9.76521114e-02 -1.00453570e-01 -1.03272459e-01 -1.06108839e-01
 -1.08962768e-01 -1.11834308e-01 -1.14723519e-01 -1.17630462e-01
 -1.20555199e-01 -1.23497792e-01 -1.26458302e-01 -1.29436793e-01]"
