sigma0re,sigma0im,beta0re,beta0im,mu0re,mu0im,beta1re,beta1im,sigma1re,sigma1im,mu1re,mu1im,alpha0,alpha1,b_star,corresponding_negative_eigenvalues
0.2,0.3,1,1.1,1.0,1.7000000000000046,1,1.1,0.2,0.3,-0.5,1.500000000000003,0.0,0.0,"[0.24 0.25 0.26 0.27 0.28 0.29 0.3  0.31 0.32 0.33 0.34 0.35 0.36 0.37
 0.38 0.39 0.4  0.41 0.42 0.43 0.44 0.45 0.46 0.47 0.48 0.49 0.5  0.51
 0.52 0.53 0.54 0.55 0.56 0.57 0.58 0.59 0.6  0.61 0.62 0.63 0.64 0.65
 0.66 0.67 0.68 0.69 0.7  0.71 0.72 0.73 0.74 0.75 0.76 0.77 0.78 0.79
 0.8  0.81 0.82 0.83 0.84 0.85 0.86 0.87 0.88 0.89 0.9  0.91 0.92 0.93
 0.94 0.95 0.96 0.97 0.98]","[-0.01880597 -0.05619059 -0.14251106 -0.14036362 -0.13822221 -0.13608686
 -0.13395763 -0.13183451 -0.12971754 -0.12760671 -0.12550202 -0.12340345
 -0.12131097 -0.11922457 -0.1171442  -0.11506982 -0.11300139 -0.11093884
 -0.10888211 -0.10683116 -0.10478589 -0.10274626 -0.10071217 -0.09868356
 -0.09666034 -0.09464243 -0.09262974 -0.0906222  -0.08861971 -0.08662219
 -0.08462954 -0.08264168 -0.08065851 -0.07867996 -0.07670591 -0.07473629
 -0.07277101 -0.07080997 -0.06885309 -0.06690027 -0.06495143 -0.06300649
 -0.06106534 -0.05912792 -0.05719413 -0.05526389 -0.05333712 -0.05141374
 -0.04949366 -0.04757681 -0.04566311 -0.04375248 -0.04184485 -0.03994014
 -0.03803829 -0.03613922 -0.03424285 -0.03234913 -0.03045798 -0.02856934
 -0.02668314 -0.02479932 -0.02291782 -0.02103857 -0.01916152 -0.01728661
 -0.01541378 -0.01354298 -0.01167415 -0.00980723 -0.00794218 -0.00607894
 -0.00421747 -0.00235772 -0.00049963]"
