sigma0re,sigma0im,beta0re,beta0im,mu0re,mu0im,beta1re,beta1im,sigma1re,sigma1im,mu1re,mu1im,alpha0,alpha1,b_star,corresponding_negative_eigenvalues
0.2,0.3,1,1.1,1.0,-2.099999999999999,1,1.1,0.2,0.3,-0.5,-0.2999999999999985,0.1,0.1,"[0.33 0.34 0.35 0.36 0.37 0.38 0.39 0.4  0.41 0.42 0.43 0.44 0.45 4.65
 4.66 4.67 4.68 4.69 4.7  4.71 4.72 4.73 4.74 4.75 4.76 4.77 4.78 4.79
 4.8  4.81 4.82 4.83 4.84 4.85 4.86 4.87 4.88 4.89 4.9  4.91 4.92 4.93
 4.94 4.95 4.96 4.97 4.98 4.99 5.  ]","[-0.03401653 -0.03129512 -0.02856656 -0.02583397 -0.02309992 -0.02036652
 -0.01763553 -0.01490841 -0.01218639 -0.0094705  -0.00676159 -0.00406039
 -0.00136753 -0.0029435  -0.00665647 -0.01039345 -0.01415447 -0.01793958
 -0.02174882 -0.02558223 -0.02943986 -0.03332173 -0.03722791 -0.04115842
 -0.0451133  -0.04909261 -0.05309637 -0.05712464 -0.06117745 -0.06525484
 -0.06935685 -0.07348353 -0.07763491 -0.08181104 -0.08601195 -0.09023768
 -0.09448828 -0.09876379 -0.10306424 -0.10738967 -0.11174013 -0.11611565
 -0.12051628 -0.12494204 -0.12939299 -0.13386917 -0.1383706  -0.14289733
 -0.1474494 ]"
