sigma0re,sigma0im,beta0re,beta0im,mu0re,mu0im,beta1re,beta1im,sigma1re,sigma1im,mu1re,mu1im,alpha0,alpha1,b_star,corresponding_negative_eigenvalues
0.2,0.3,1,1.1,1.0,0.7000000000000033,1,1.1,0.2,0.3,-0.5,0.8000000000000025,0.1,0.1,"[0.34 0.35 0.36 0.37 0.38 0.39 0.4  0.41 0.42 0.43 0.44 0.45 0.46 0.47
 0.48 0.49 0.5  0.51 0.52 0.53 0.54 0.55 0.56 0.57 0.58 0.59 0.6  0.61
 0.62 0.63 0.64 0.65 0.66 0.67 0.68 0.69 0.7  0.71 0.72 0.73 0.74 0.75
 0.76 0.77 0.78 0.79 0.8  0.81 0.82 0.83 0.84 0.85 0.86 0.87 0.88 0.89
 0.9  0.91 0.92 0.93 0.94 0.95]","[-0.01488183 -0.03694421 -0.08204753 -0.08046479 -0.07888573 -0.07731146
 -0.07574283 -0.07418052 -0.07262506 -0.07107685 -0.06953619 -0.06800331
 -0.06647835 -0.06496142 -0.06345259 -0.06195188 -0.06045927 -0.05897474
 -0.05749824 -0.05602971 -0.05456907 -0.05311623 -0.0516711  -0.05023357
 -0.04880355 -0.04738092 -0.04596557 -0.0445574  -0.04315628 -0.04176211
 -0.04037477 -0.03899416 -0.03762017 -0.03625268 -0.0348916  -0.03353682
 -0.03218824 -0.03084575 -0.02950927 -0.02817871 -0.02685395 -0.02553493
 -0.02422155 -0.02291374 -0.0216114  -0.02031446 -0.01902285 -0.01773648
 -0.0164553  -0.01517923 -0.0139082  -0.01264216 -0.01138103 -0.01012477
 -0.0088733  -0.00762659 -0.00638457 -0.00514719 -0.00391441 -0.00268617
 -0.00146243 -0.00024316]"
