sigma0re,sigma0im,beta0re,beta0im,mu0re,mu0im,beta1re,beta1im,sigma1re,sigma1im,mu1re,mu1im,alpha0,alpha1,b_star,corresponding_negative_eigenvalues
0.2,0.3,1,1.1,1.0,-1.799999999999999,1,1.1,0.2,0.3,-0.5,-0.2999999999999985,0.1,0.1,"[0.32 0.33 0.34 0.35 0.36 0.37 0.38 0.39 0.4  0.41 0.42 0.43 0.44 0.45
 0.46 0.47 0.48 0.49 0.5  0.51 0.52 4.25 4.26 4.27 4.28 4.29 4.3  4.31
 4.32 4.33 4.34 4.35 4.36 4.37 4.38 4.39 4.4  4.41 4.42 4.43 4.44 4.45
 4.46 4.47 4.48 4.49 4.5  4.51 4.52 4.53 4.54 4.55 4.56 4.57 4.58 4.59
 4.6  4.61 4.62 4.63 4.64 4.65 4.66 4.67 4.68 4.69 4.7  4.71 4.72 4.73
 4.74 4.75 4.76 4.77 4.78 4.79 4.8  4.81 4.82 4.83 4.84 4.85 4.86 4.87
 4.88 4.89 4.9  4.91 4.92 4.93 4.94 4.95 4.96 4.97 4.98 4.99 5.  ]","[-0.02288054 -0.04427016 -0.04203011 -0.03977064 -0.03749656 -0.03521182
 -0.0329197  -0.03062293 -0.02832381 -0.02602428 -0.02372598 -0.02143031
 -0.01913845 -0.01685143 -0.01457011 -0.01229527 -0.01002754 -0.00776751
 -0.00551565 -0.00327241 -0.00103816 -0.00233942 -0.00512006 -0.00792092
 -0.01074204 -0.01358346 -0.01644523 -0.01932739 -0.02223    -0.0251531
 -0.02809672 -0.03106093 -0.03404575 -0.03705125 -0.04007746 -0.04312443
 -0.04619221 -0.04928083 -0.05239035 -0.05552081 -0.05867226 -0.06184474
 -0.06503829 -0.06825297 -0.07148881 -0.07474586 -0.07802417 -0.08132378
 -0.08464473 -0.08798708 -0.09135086 -0.09473612 -0.0981429  -0.10157126
 -0.10502123 -0.10849286 -0.11198619 -0.11550127 -0.11903814 -0.12259686
 -0.12617745 -0.12977997 -0.13340445 -0.13705096 -0.14071952 -0.14441019
 -0.148123   -0.151858   -0.15561524 -0.15939477 -0.16319661 -0.16702082
 -0.17086745 -0.17473653 -0.17862811 -0.18254223 -0.18647894 -0.19043829
 -0.19442031 -0.19842504 -0.20245254 -0.20650285 -0.210576   -0.21467205
 -0.21879104 -0.222933   -0.22709799 -0.23128605 -0.23549721 -0.23973153
 -0.24398904 -0.2482698  -0.25257384 -0.2569012  -0.26125193 -0.26562608
 -0.27002368]"
