sigma0re,sigma0im,beta0re,beta0im,mu0re,mu0im,beta1re,beta1im,sigma1re,sigma1im,mu1re,mu1im,alpha0,alpha1,b_star,corresponding_negative_eigenvalues
0.2,0.3,1,1.1,1.0,2.5000000000000053,1,1.1,0.2,0.3,-0.5,0.20000000000000195,0.0,0.0,"[0.01 0.02 0.03 0.04 0.05 0.06 0.07 0.08 0.09 0.1  0.11 0.12 0.13 0.14
 0.15 0.16 0.17 0.18 0.19 0.2  0.21 0.22 0.23 0.24 0.25 0.26]","[-0.00027613 -0.00110301 -0.00247548 -0.00438264 -0.00680402 -0.009703
 -0.0130169  -0.01664323 -0.02042415 -0.02413688 -0.02750537 -0.03024742
 -0.03214721 -0.03310997 -0.03316261 -0.03241062 -0.03098858 -0.02902721
 -0.02663878 -0.02391399 -0.02092395 -0.01772369 -0.01435562 -0.01085257
 -0.00723999 -0.00353781]"
