sigma0re,sigma0im,beta0re,beta0im,mu0re,mu0im,beta1re,beta1im,sigma1re,sigma1im,mu1re,mu1im,alpha0,alpha1,b_star,corresponding_negative_eigenvalues
0.2,0.3,1,1.1,1.0,-2.099999999999999,1,1.1,0.2,0.3,-0.5,-0.2999999999999985,0.0,0.0,[0.31 0.32 0.33 0.34 0.35 0.36 0.37 0.38 0.39 0.4  0.41 0.42],"[-0.01495361 -0.03206251 -0.02897753 -0.02588488 -0.02278647 -0.01968386
 -0.01657824 -0.01347057 -0.01036163 -0.00725199 -0.00414214 -0.00103241]"
