sigma0re,sigma0im,beta0re,beta0im,mu0re,mu0im,beta1re,beta1im,sigma1re,sigma1im,mu1re,mu1im,alpha0,alpha1,b_star,corresponding_negative_eigenvalues
0.2,0.3,1,1.1,1.0,-0.4999999999999978,1,1.1,0.2,0.3,-0.5,-1.3999999999999995,0.1,0.1,"[0.01 0.02 0.03 0.04 0.05 0.06 0.07 0.08 0.09 0.1  0.11 0.12 0.13 0.14
 0.15 0.16 0.17 0.18 0.19 0.2  0.21 0.22 0.23 0.24 0.25 0.26 0.27 0.28
 0.29 0.3  0.31]","[-0.00030543 -0.0012231  -0.0027568  -0.00491177 -0.00769256 -0.01109878
 -0.01511707 -0.01970616 -0.02477076 -0.03012158 -0.0354322  -0.04023915
 -0.04405399 -0.04656201 -0.04773019 -0.04773315 -0.04681499 -0.04520156
 -0.04307193 -0.04055944 -0.03776116 -0.03474761 -0.03157031 -0.02826734
 -0.02486716 -0.02139131 -0.01785624 -0.01427471 -0.01065666 -0.00700995
 -0.00334078]"
