sigma0re,sigma0im,beta0re,beta0im,mu0re,mu0im,beta1re,beta1im,sigma1re,sigma1im,mu1re,mu1im,alpha0,alpha1,b_star,corresponding_negative_eigenvalues
0.2,0.3,1,1.1,1.0,2.9000000000000057,1,1.1,0.2,0.3,-0.5,0.40000000000000213,0.1,0.1,"[0.01 0.02 0.03 0.04 0.05 0.06 0.07 0.08 0.09 0.1  0.11 0.12 0.13 0.14
 0.15 0.16 0.17 0.18 0.19 0.2  0.21 0.22 0.23 0.24 0.25 0.26 0.27 0.28
 0.29 0.3  0.31 0.32 0.33 0.34 0.35 0.36 0.37 0.38 0.39 0.4  0.41 0.42
 0.43 0.44 0.45 0.46 0.47 0.48 0.49 0.5  4.85 4.86 4.87 4.88 4.89 4.9
 4.91 4.92 4.93 4.94 4.95 4.96 4.97 4.98 4.99 5.  ]","[-0.00054131 -0.00218399 -0.00498801 -0.00906711 -0.01461757 -0.02198342
 -0.03182738 -0.04572967 -0.0707599  -0.05089286 -0.05045419 -0.05223829
 -0.05513293 -0.05878801 -0.06305661 -0.06786971 -0.07319516 -0.07902117
 -0.08534894 -0.09218922 -0.09258083 -0.08909447 -0.0856405  -0.08221796
 -0.0788257  -0.07546244 -0.07212691 -0.06881781 -0.06553386 -0.06227384
 -0.05903656 -0.0558209  -0.0526258  -0.04945024 -0.04629327 -0.04315401
 -0.04003161 -0.03692531 -0.03383435 -0.03075806 -0.02769581 -0.02464699
 -0.02161106 -0.01858751 -0.01557585 -0.01257565 -0.00958649 -0.00660799
 -0.00363981 -0.00068161 -0.0041725  -0.00865731 -0.01316832 -0.01770557
 -0.02226908 -0.02685888 -0.03147498 -0.03611743 -0.04078624 -0.04548145
 -0.05020307 -0.05495113 -0.05972565 -0.06452667 -0.0693542  -0.07420828]"
