sigma0re,sigma0im,beta0re,beta0im,mu0re,mu0im,beta1re,beta1im,sigma1re,sigma1im,mu1re,mu1im,alpha0,alpha1,b_star,corresponding_negative_eigenvalues
0.2,0.3,1,1.1,1.0,-2.6999999999999997,1,1.1,0.2,0.3,-0.5,-0.49999999999999867,0.0,0.0,"[0.29 0.3  0.31 0.32 0.33 0.34 0.35 0.36 0.37 0.38 0.39 0.4  0.41 0.42
 0.43 0.44 0.45 0.46 0.47 0.48 0.49 0.5  0.51 0.52 0.53 0.54]","[-0.03113193 -0.07769187 -0.07434876 -0.07102978 -0.06773356 -0.06445881
 -0.06120434 -0.057969   -0.05475173 -0.05155154 -0.04836748 -0.04519868
 -0.04204429 -0.03890353 -0.03577567 -0.03266    -0.02955586 -0.02646263
 -0.02337972 -0.02030658 -0.01724268 -0.01418751 -0.01114062 -0.00810154
 -0.00506986 -0.00204518]"
