sigma0re,sigma0im,beta0re,beta0im,mu0re,mu0im,beta1re,beta1im,sigma1re,sigma1im,mu1re,mu1im,alpha0,alpha1,b_star,corresponding_negative_eigenvalues
0.2,0.3,1,1.1,1.0,-0.699999999999998,1,1.1,0.2,0.3,-0.5,-1.5999999999999996,0.1,0.1,"[0.01 0.02 0.03 0.04 0.05 0.06 0.07 0.08 0.09 0.1  0.11 0.12 0.13 0.14
 0.15 0.16 0.17 0.18 0.19 0.2  0.21 0.22 0.23 0.24 0.25 0.26 0.27 0.28
 0.29 0.3  0.31 0.32 0.33 0.34 0.35 0.36 0.37]","[-0.00049213 -0.00198138 -0.00450811 -0.00814616 -0.01301502 -0.01930325
 -0.02731407 -0.03755848 -0.05093246 -0.0685493  -0.08542776 -0.0915439
 -0.09183682 -0.08997269 -0.08714478 -0.08381788 -0.08020845 -0.07643044
 -0.07254923 -0.06860464 -0.06462209 -0.0606183  -0.0566046  -0.05258874
 -0.04857614 -0.04457057 -0.04057466 -0.03659026 -0.03261859 -0.02866049
 -0.02471647 -0.02078681 -0.01687162 -0.01297089 -0.00908451 -0.00521231
 -0.00135408]"
