sigma0re,sigma0im,beta0re,beta0im,mu0re,mu0im,beta1re,beta1im,sigma1re,sigma1im,mu1re,mu1im,alpha0,alpha1,b_star,corresponding_negative_eigenvalues
0.2,0.3,1,1.1,1.0,-0.09999999999999742,1,1.1,0.2,0.3,-0.5,-0.3999999999999986,0.1,0.1,"[0.01 0.02 0.03 0.04 0.05 0.06 0.07 0.08 0.09 0.1  0.11 0.12 0.13 0.14
 0.15 0.16 0.17 0.18 0.19 0.2  0.21 0.22 0.23 0.24 0.25]","[-1.76070147e-05 -6.99016195e-05 -1.55314912e-04 -2.71266922e-04
 -4.14219395e-04 -5.79750382e-04 -7.62650858e-04 -9.57042890e-04
 -1.15651794e-03 -1.35429252e-03 -1.54337684e-03 -1.71675075e-03
 -1.86753977e-03 -1.98918349e-03 -2.07558839e-03 -2.12125815e-03
 -2.12139556e-03 -2.07197282e-03 -1.96976887e-03 -1.81237495e-03
 -1.59817184e-03 -1.32628321e-03 -9.96510985e-04 -6.09258443e-04
 -1.65446590e-04]"
