sigma0re,sigma0im,beta0re,beta0im,mu0re,mu0im,beta1re,beta1im,sigma1re,sigma1im,mu1re,mu1im,alpha0,alpha1,b_star,corresponding_negative_eigenvalues
0.2,0.3,1,1.1,1.0,2.100000000000005,1,1.1,0.2,0.3,-0.5,1.9000000000000035,0.1,0.1,"[0.23 0.24 0.25 0.26 0.27 0.28 0.29 0.3  0.31 0.32 0.33 0.34 0.35 0.36
 0.37 0.38 0.39 0.4  0.41 0.42 0.43 0.44 0.45 0.46 0.47 0.48 0.49 0.5
 0.51 0.52 0.53 0.54 0.55 0.56 0.57 0.58 0.59 0.6  0.61 0.62 0.63 0.64
 0.65 0.66 0.67 0.68 0.69 0.7  0.71 0.72 0.73 0.74 0.75 0.76 0.77 0.78
 0.79 0.8  0.81 0.82 0.83 0.84 0.85 0.86 0.87 0.88 0.89 0.9  0.91 0.92
 0.93 0.94 0.95 0.96 0.97 0.98 0.99 1.   1.01 1.02 1.03 1.04 1.05 1.06
 1.07 1.08 1.09 1.1  1.11 1.12 1.13 1.14 1.15 1.16 1.17 1.18 1.19 1.2
 1.21 1.22 1.23 1.24 1.25 1.26 1.27 1.28 1.29 1.3  1.31 1.32 1.33]","[-0.00238225 -0.03243081 -0.07889007 -0.14991788 -0.14813347 -0.14636028
 -0.14459825 -0.14284729 -0.14110732 -0.13937821 -0.13765987 -0.13595215
 -0.13425493 -0.13256808 -0.13089144 -0.12922486 -0.12756821 -0.12592131
 -0.12428402 -0.12265618 -0.12103763 -0.1194282  -0.11782775 -0.11623612
 -0.11465314 -0.11307868 -0.11151256 -0.10995466 -0.10840481 -0.10686288
 -0.10532872 -0.1038022  -0.10228318 -0.10077153 -0.09926712 -0.09776983
 -0.09627954 -0.09479614 -0.0933195  -0.09184952 -0.09038609 -0.08892911
 -0.08747848 -0.0860341  -0.08459589 -0.08316375 -0.08173759 -0.08031734
 -0.07890291 -0.07749423 -0.07609123 -0.07469382 -0.07330196 -0.07191556
 -0.07053458 -0.06915894 -0.06778859 -0.06642348 -0.06506355 -0.06370876
 -0.06235905 -0.06101438 -0.0596747  -0.05833998 -0.05701017 -0.05568523
 -0.05436513 -0.05304984 -0.05173931 -0.05043352 -0.04913244 -0.04783604
 -0.04654429 -0.04525716 -0.04397464 -0.04269669 -0.04142329 -0.04015443
 -0.03889007 -0.03763021 -0.03637483 -0.0351239  -0.03387741 -0.03263535
 -0.0313977  -0.03016444 -0.02893557 -0.02771106 -0.02649091 -0.02527512
 -0.02406365 -0.02285651 -0.02165369 -0.02045518 -0.01926097 -0.01807104
 -0.01688541 -0.01570404 -0.01452695 -0.01335412 -0.01218555 -0.01102124
 -0.00986116 -0.00870534 -0.00755375 -0.00640639 -0.00526326 -0.00412436
 -0.00298968 -0.00185922 -0.00073298]"
