sigma0re,sigma0im,beta0re,beta0im,mu0re,mu0im,beta1re,beta1im,sigma1re,sigma1im,mu1re,mu1im,alpha0,alpha1,b_star,corresponding_negative_eigenvalues
0.2,0.3,1,1.1,1.0,1.900000000000004,1,1.1,0.2,0.3,-0.5,0.10000000000000187,0.1,0.1,"[0.01 0.02 0.03 0.04 0.05 0.06 0.07 0.08 0.09 0.1  0.11 0.12 0.13 0.14
 0.15 0.16 0.17 0.18 0.19 0.2  0.21 0.22 0.23 0.24 0.25]","[-9.83523977e-05 -3.91268913e-04 -8.72235410e-04 -1.53009650e-03
 -2.34864061e-03 -3.30609548e-03 -4.37463379e-03 -5.52004437e-03
 -6.70178465e-03 -7.87366975e-03 -8.98543355e-03 -9.98526827e-03
 -1.08231970e-02 -1.14548127e-02 -1.18446679e-02 -1.19685823e-02
 -1.18144095e-02 -1.13812514e-02 -1.06775158e-02 -9.71840706e-03
 -8.52339862e-03 -7.11405667e-03 -5.51237808e-03 -3.73965084e-03
 -1.81575903e-03]"
