sigma0re,sigma0im,beta0re,beta0im,mu0re,mu0im,beta1re,beta1im,sigma1re,sigma1im,mu1re,mu1im,alpha0,alpha1,b_star,corresponding_negative_eigenvalues
0.2,0.3,1,1.1,1.0,-2.2999999999999994,1,1.1,0.2,0.3,-0.5,-0.3999999999999986,0.0,0.0,"[0.3  0.31 0.32 0.33 0.34 0.35 0.36 0.37 0.38 0.39 0.4  0.41 0.42 0.43
 0.44 0.45 0.46 0.47 0.48 0.49 0.5  0.51]","[-0.00436158 -0.06149902 -0.05832548 -0.05516891 -0.05202849 -0.04890346
 -0.04579305 -0.04269652 -0.03961318 -0.03654235 -0.03348339 -0.03043568
 -0.02739863 -0.02437167 -0.02135428 -0.01834594 -0.01534617 -0.0123545
 -0.00937049 -0.00639373 -0.00342382 -0.00046037]"
