sigma0re,sigma0im,beta0re,beta0im,mu0re,mu0im,beta1re,beta1im,sigma1re,sigma1im,mu1re,mu1im,alpha0,alpha1,b_star,corresponding_negative_eigenvalues
0.2,0.3,1,1.1,1.0,-2.5999999999999996,1,1.1,0.2,0.3,-0.5,-0.899999999999999,0.0,0.0,"[0.24 0.25 0.26 0.27 0.28 0.29 0.3  0.31 0.32 0.33 0.34 0.35 0.36 0.37
 0.38 0.39 0.4  0.41 0.42 0.43 0.44 0.45 0.46 0.47 0.48 0.49 0.5  0.51
 0.52 0.53 0.54 0.55 0.56 0.57 0.58 0.59 0.6  0.61 0.62 0.63 0.64 0.65
 0.66 0.67 0.68 0.69 0.7  0.71 0.72 0.73 0.74 0.75 0.76 0.77 0.78 0.79
 0.8  0.81 0.82 0.83 0.84 0.85 0.86 0.87 0.88 0.89 0.9  0.91 0.92 0.93
 0.94 0.95 0.96 0.97 0.98 0.99 1.   1.01 1.02 1.03 1.04 1.05 1.06 1.07
 1.08 1.09 1.1  1.11 1.12 1.13 1.14 1.15 1.16 1.17 1.18 1.19 1.2  1.21
 1.22 1.23 1.24 1.25 1.26 1.27 1.28 1.29 1.3  1.31 1.32 1.33 1.34 1.35
 1.36 1.37 1.38 1.39 1.4  1.41 1.42 1.43 1.44 1.45 1.46 1.47 1.48 1.49
 1.5  1.51 1.52]","[-0.01706575 -0.04488906 -0.08639948 -0.16121414 -0.15979916 -0.15838635
 -0.15697573 -0.15556737 -0.15416129 -0.15275754 -0.15135615 -0.14995716
 -0.14856059 -0.14716648 -0.14577485 -0.14438572 -0.14299912 -0.14161506
 -0.14023357 -0.13885465 -0.13747832 -0.1361046  -0.13473348 -0.13336498
 -0.13199911 -0.13063585 -0.12927523 -0.12791723 -0.12656186 -0.1252091
 -0.12385897 -0.12251145 -0.12116653 -0.11982421 -0.11848448 -0.11714732
 -0.11581272 -0.11448067 -0.11315116 -0.11182417 -0.11049969 -0.10917769
 -0.10785816 -0.10654109 -0.10522645 -0.10391423 -0.1026044  -0.10129695
 -0.09999184 -0.09868907 -0.09738861 -0.09609043 -0.09479452 -0.09350085
 -0.09220939 -0.09092013 -0.08963304 -0.08834809 -0.08706527 -0.08578454
 -0.08450589 -0.08322928 -0.08195469 -0.08068211 -0.0794115  -0.07814283
 -0.07687609 -0.07561125 -0.07434829 -0.07308717 -0.07182788 -0.07057039
 -0.06931467 -0.06806071 -0.06680847 -0.06555794 -0.06430908 -0.06306188
 -0.06181632 -0.06057236 -0.05932998 -0.05808917 -0.0568499  -0.05561214
 -0.05437587 -0.05314108 -0.05190773 -0.05067581 -0.0494453  -0.04821617
 -0.04698839 -0.04576197 -0.04453686 -0.04331304 -0.04209051 -0.04086924
 -0.0396492  -0.03843038 -0.03721276 -0.03599632 -0.03478104 -0.03356691
 -0.03235389 -0.03114198 -0.02993115 -0.0287214  -0.02751269 -0.02630502
 -0.02509836 -0.02389271 -0.02268803 -0.02148432 -0.02028156 -0.01907973
 -0.01787882 -0.01667881 -0.01547969 -0.01428143 -0.01308404 -0.01188748
 -0.01069175 -0.00949683 -0.00830271 -0.00710937 -0.0059168  -0.00472499
 -0.00353392 -0.00234358 -0.00115396]"
