sigma0re,sigma0im,beta0re,beta0im,mu0re,mu0im,beta1re,beta1im,sigma1re,sigma1im,mu1re,mu1im,alpha0,alpha1,b_star,corresponding_negative_eigenvalues
0.2,0.3,1,1.1,1.0,-0.2999999999999976,1,1.1,0.2,0.3,-0.5,-1.6999999999999997,0.0,0.0,"[0.01 0.02 0.03 0.04 0.05 0.06 0.07 0.08 0.09 0.1  0.11 0.12 0.13 0.14
 0.15 0.16 0.17 0.18]","[-0.00028122 -0.00111804 -0.00248828 -0.00434936 -0.00662944 -0.0092149
 -0.01193674 -0.0145636  -0.01681562 -0.01841102 -0.01913519 -0.01889269
 -0.01770868 -0.01568819 -0.01296744 -0.00968029 -0.00594268 -0.0018487 ]"
