sigma0re,sigma0im,beta0re,beta0im,mu0re,mu0im,beta1re,beta1im,sigma1re,sigma1im,mu1re,mu1im,alpha0,alpha1,b_star,corresponding_negative_eigenvalues
0.2,0.3,1,1.1,1.0,-0.5999999999999979,1,1.1,0.2,0.3,-0.5,-0.7999999999999989,0.1,0.1,"[0.01 0.02 0.03 0.04 0.05 0.06 0.07 0.08 0.09 0.1  0.11 0.12 0.13 0.14
 0.15 0.16 0.17 0.18 0.19 0.2  0.21 0.22 0.23 0.24 0.25 0.26 0.27 0.28
 0.29 0.3  0.31 0.32 0.33 0.34 0.35 0.36 0.37 0.38 0.39 0.4  0.41 0.42
 0.43 0.44 0.45 0.46 0.47 0.48 0.49 0.5  0.51 0.52 0.53 0.54 0.55 0.56
 0.57 0.58 0.59 0.6 ]","[-0.00020968 -0.00083955 -0.00189207 -0.0033712  -0.00528225 -0.00763146
 -0.0104253  -0.01366927 -0.01736576 -0.02151037 -0.02608572 -0.03105137
 -0.03632868 -0.04178135 -0.04719923 -0.05230395 -0.0567989  -0.06045542
 -0.06317918 -0.06500821 -0.06605968 -0.0664744  -0.06638379 -0.06589754
 -0.06510253 -0.06406602 -0.06283966 -0.06146318 -0.05996731 -0.05837598
 -0.05670801 -0.05497829 -0.05319876 -0.05137901 -0.04952685 -0.04764866
 -0.04574971 -0.04383435 -0.0419062  -0.03996833 -0.03802328 -0.03607322
 -0.03412    -0.03216518 -0.0302101  -0.02825591 -0.0263036  -0.02435402
 -0.02240791 -0.02046592 -0.01852858 -0.01659638 -0.01466975 -0.01274904
 -0.01083457 -0.00892663 -0.00702544 -0.00513122 -0.00324416 -0.00136442]"
