sigma0re,sigma0im,beta0re,beta0im,mu0re,mu0im,beta1re,beta1im,sigma1re,sigma1im,mu1re,mu1im,alpha0,alpha1,b_star,corresponding_negative_eigenvalues
0.2,0.3,1,1.1,1.0,-0.5999999999999979,1,1.1,0.2,0.3,-0.5,-1.3999999999999995,0.0,0.0,"[0.01 0.02 0.03 0.04 0.05 0.06 0.07 0.08 0.09 0.1  0.11 0.12 0.13 0.14
 0.15 0.16 0.17 0.18 0.19 0.2  0.21 0.22 0.23 0.24 0.25 0.26 0.27 0.28
 0.29 0.3  0.31 0.32 0.33]","[-0.00046482 -0.00186802 -0.00423643 -0.00761672 -0.01207814 -0.01771474
 -0.02464187 -0.03296635 -0.04265746 -0.05312169 -0.06250198 -0.06852463
 -0.0709426  -0.07090293 -0.069398   -0.067016   -0.06408812 -0.06080638
 -0.05728716 -0.05360411 -0.04980554 -0.04592416 -0.0419827  -0.03799723
 -0.03397936 -0.02993757 -0.02587813 -0.02180568 -0.01772372 -0.01363488
 -0.0095411  -0.00544388 -0.0013443 ]"
