sigma0re,sigma0im,beta0re,beta0im,mu0re,mu0im,beta1re,beta1im,sigma1re,sigma1im,mu1re,mu1im,alpha0,alpha1,b_star,corresponding_negative_eigenvalues
0.2,0.3,1,1.1,1.0,-1.2999999999999985,1,1.1,0.2,0.3,-0.5,-1.4999999999999996,0.1,0.1,"[0.17 0.18 0.19 0.2  0.21 0.22 0.23 0.24 0.25 0.26 0.27 0.28 0.29 0.3
 0.31 0.32 0.33 0.34 0.35 0.36 0.37 0.38 0.39 0.4  0.41 0.42 0.43 0.44
 0.45 0.46 0.47 0.48 0.49 0.5  0.51 0.52 0.53 0.54 0.55 0.56 0.57 0.58
 0.59 0.6  0.61 0.62 0.63 0.64 0.65 0.66 0.67 0.68 0.69 0.7  0.71 0.72
 0.73]","[-0.00675043 -0.01499277 -0.02422863 -0.03453969 -0.04603342 -0.0588532
 -0.07319495 -0.08933588 -0.10768829 -0.12033479 -0.11745802 -0.11459719
 -0.11175236 -0.10892357 -0.10611085 -0.10331421 -0.10053365 -0.09776919
 -0.0950208  -0.09228847 -0.08957217 -0.08687188 -0.08418757 -0.08151919
 -0.0788667  -0.07623007 -0.07360924 -0.07100418 -0.06841483 -0.06584115
 -0.06328308 -0.06074059 -0.05821361 -0.05570211 -0.05320603 -0.05072533
 -0.04825996 -0.04580987 -0.04337501 -0.04095535 -0.03855083 -0.03616141
 -0.03378704 -0.03142769 -0.0290833  -0.02675385 -0.02443927 -0.02213954
 -0.0198546  -0.01758442 -0.01532895 -0.01308815 -0.01086197 -0.00865038
 -0.00645331 -0.00427074 -0.00210261]"
