sigma0re,sigma0im,beta0re,beta0im,mu0re,mu0im,beta1re,beta1im,sigma1re,sigma1im,mu1re,mu1im,alpha0,alpha1,b_star,corresponding_negative_eigenvalues
0.2,0.3,1,1.1,1.0,-1.5999999999999988,1,1.1,0.2,0.3,-0.5,-2.0,0.1,0.1,"[0.17 0.18 0.19 0.2  0.21 0.22 0.23 0.24 0.25 0.26 0.27 0.28 0.29 0.3
 0.31 0.32 0.33 0.34 0.35 0.36 0.37 0.38 0.39 0.4  0.41 0.42 0.43 0.44
 0.45 0.46 0.47 0.48 0.49 0.5  0.51 0.52 0.53 0.54 0.55 0.56 0.57 0.58
 0.59 0.6  0.61 0.62 0.63 0.64 0.65 0.66 0.67]","[-0.01071243 -0.02343985 -0.03800243 -0.05469778 -0.07396826 -0.09651624
 -0.12357928 -0.12283484 -0.11973512 -0.1166465  -0.11356916 -0.11050328
 -0.10744902 -0.10440653 -0.10137599 -0.09835753 -0.09535131 -0.09235746
 -0.08937612 -0.08640742 -0.08345148 -0.08050842 -0.07757837 -0.07466143
 -0.07175771 -0.06886731 -0.06599034 -0.06312688 -0.06027702 -0.05744086
 -0.05461846 -0.05180991 -0.04901528 -0.04623464 -0.04346805 -0.04071556
 -0.03797724 -0.03525313 -0.03254328 -0.02984773 -0.02716652 -0.02449967
 -0.02184721 -0.01920916 -0.01658555 -0.01397637 -0.01138164 -0.00880136
 -0.00623552 -0.00368411 -0.00114711]"
