sigma0re,sigma0im,beta0re,beta0im,mu0re,mu0im,beta1re,beta1im,sigma1re,sigma1im,mu1re,mu1im,alpha0,alpha1,b_star,corresponding_negative_eigenvalues
0.2,0.3,1,1.1,1.0,-0.799999999999998,1,1.1,0.2,0.3,-0.5,-2.0,0.0,0.0,"[0.01 0.02 0.03 0.04 0.05 0.06 0.07 0.08 0.09 0.1  0.11 0.12 0.13 0.14
 0.15 0.16 0.17 0.18 0.19 0.2  0.21 0.22 0.23 0.24 0.25 0.26 0.27 0.28
 0.29 0.3  0.31]","[-0.00088829 -0.00360679 -0.00833505 -0.01545186 -0.02575252 -0.04127375
 -0.06361715 -0.05039081 -0.05162899 -0.05526923 -0.06025054 -0.0662576
 -0.0731755  -0.08096864 -0.08685999 -0.08137669 -0.07593594 -0.07053698
 -0.06517809 -0.05985699 -0.05457121 -0.04931823 -0.04409552 -0.0389007
 -0.03373146 -0.02858565 -0.02346126 -0.01835639 -0.01326931 -0.00819839
 -0.00314213]"
