sigma0re,sigma0im,beta0re,beta0im,mu0re,mu0im,beta1re,beta1im,sigma1re,sigma1im,mu1re,mu1im,alpha0,alpha1,b_star,corresponding_negative_eigenvalues
0.2,0.3,1,1.1,1.0,1.7000000000000046,1,1.1,0.2,0.3,-0.5,1.9000000000000035,0.1,0.1,"[0.26 0.27 0.28 0.29 0.3  0.31 0.32 0.33 0.34 0.35 0.36 0.37 0.38 0.39
 0.4  0.41 0.42 0.43 0.44 0.45 0.46 0.47 0.48 0.49 0.5  0.51 0.52 0.53
 0.54 0.55 0.56 0.57 0.58 0.59 0.6  0.61 0.62 0.63 0.64 0.65 0.66 0.67
 0.68 0.69 0.7  0.71 0.72 0.73 0.74 0.75 0.76 0.77 0.78 0.79 0.8  0.81
 0.82 0.83 0.84 0.85 0.86]","[-0.02375263 -0.07443505 -0.12507142 -0.1226373  -0.12021935 -0.11781723
 -0.11543063 -0.11305918 -0.11070256 -0.1083604  -0.10603237 -0.10371811
 -0.10141727 -0.09912952 -0.09685451 -0.09459191 -0.0923414  -0.09010267
 -0.0878754  -0.08565928 -0.08345403 -0.08125937 -0.07907501 -0.07690069
 -0.07473616 -0.07258117 -0.07043547 -0.06829884 -0.06617106 -0.06405192
 -0.0619412  -0.05983873 -0.0577443  -0.05565774 -0.05357889 -0.05150757
 -0.04944362 -0.04738691 -0.04533728 -0.04329461 -0.04125875 -0.03922959
 -0.03720701 -0.03519089 -0.03318114 -0.03117764 -0.0291803  -0.02718903
 -0.02520375 -0.02322436 -0.02125079 -0.01928297 -0.01732082 -0.01536429
 -0.01341329 -0.01146778 -0.0095277  -0.00759299 -0.0056636  -0.00373948
 -0.00182059]"
