sigma0re,sigma0im,beta0re,beta0im,mu0re,mu0im,beta1re,beta1im,sigma1re,sigma1im,mu1re,mu1im,alpha0,alpha1,b_star,corresponding_negative_eigenvalues
0.2,0.3,1,1.1,1.0,0.8000000000000034,1,1.1,0.2,0.3,-0.5,1.500000000000003,0.0,0.0,[0.3  0.31 0.32 0.33 0.34 0.35 0.36 0.37 0.38 0.39],"[-0.03902534 -0.03499407 -0.03097978 -0.02698132 -0.02299761 -0.01902764
 -0.01507045 -0.01112514 -0.00719086 -0.00326681]"
