sigma0re,sigma0im,beta0re,beta0im,mu0re,mu0im,beta1re,beta1im,sigma1re,sigma1im,mu1re,mu1im,alpha0,alpha1,b_star,corresponding_negative_eigenvalues
0.2,0.3,1,1.1,1.0,1.600000000000004,1,1.1,0.2,0.3,-0.5,0.20000000000000195,0.1,0.1,"[0.01 0.02 0.03 0.04 0.05 0.06 0.07 0.08 0.09 0.1  0.11 0.12 0.13 0.14
 0.15 0.16 0.17 0.18 0.19 0.2  0.21 0.22 0.23 0.24 0.25 0.26 0.27 0.28
 0.29 0.3  0.31 0.32 0.33 0.34 0.35 0.36 0.37 0.38 0.39 0.4  0.41 0.42
 0.43 0.44 0.45 0.46 0.47 0.48 0.49 4.64 4.65 4.66 4.67 4.68 4.69 4.7
 4.71 4.72 4.73 4.74 4.75 4.76 4.77 4.78 4.79 4.8  4.81 4.82 4.83 4.84
 4.85 4.86 4.87 4.88 4.89 4.9  4.91 4.92 4.93 4.94 4.95 4.96 4.97 4.98
 4.99 5.  ]","[-0.00015557 -0.00062176 -0.00139698 -0.00247825 -0.00386077 -0.00553719
 -0.0074966  -0.00972316 -0.01219434 -0.01487879 -0.017734   -0.02070416
 -0.02371904 -0.02669508 -0.02953976 -0.03215986 -0.03447225 -0.03641429
 -0.03795021 -0.03907164 -0.03979295 -0.04014404 -0.04016308 -0.03989082
 -0.0393668  -0.03862725 -0.03770427 -0.03662561 -0.03541498 -0.03409242
 -0.03267486 -0.03117653 -0.02960939 -0.02798356 -0.02630754 -0.02458855
 -0.02283271 -0.02104525 -0.0192306  -0.01739259 -0.0155345  -0.01365916
 -0.01176901 -0.00986618 -0.00795251 -0.00602961 -0.0040989  -0.0021616
 -0.00021882 -0.00071509 -0.00411022 -0.00752839 -0.01096965 -0.01443405
 -0.01792164 -0.02143249 -0.02496663 -0.02852412 -0.03210501 -0.03570936
 -0.03933722 -0.04298864 -0.04666367 -0.05036236 -0.05408477 -0.05783095
 -0.06160095 -0.06539482 -0.06921262 -0.0730544  -0.0769202  -0.08081009
 -0.08472412 -0.08866233 -0.09262479 -0.09661153 -0.10062263 -0.10465812
 -0.10871806 -0.1128025  -0.1169115  -0.1210451  -0.12520337 -0.12938635
 -0.1335941  -0.13782666]"
