sigma0re,sigma0im,beta0re,beta0im,mu0re,mu0im,beta1re,beta1im,sigma1re,sigma1im,mu1re,mu1im,alpha0,alpha1,b_star,corresponding_negative_eigenvalues
0.2,0.3,1,1.1,1.0,1.0000000000000036,1,1.1,0.2,0.3,-0.5,1.9000000000000035,0.1,0.1,"[0.31 0.32 0.33 0.34 0.35 0.36 0.37 0.38 0.39 0.4  0.41 0.42 0.43 0.44
 0.45 0.46]","[-0.05593445 -0.05216843 -0.04842561 -0.04470457 -0.04100398 -0.03732263
 -0.0336594  -0.03001324 -0.02638319 -0.02276835 -0.01916789 -0.01558106
 -0.01200713 -0.00844544 -0.0048954  -0.00135643]"
