sigma0re,sigma0im,beta0re,beta0im,mu0re,mu0im,beta1re,beta1im,sigma1re,sigma1im,mu1re,mu1im,alpha0,alpha1,b_star,corresponding_negative_eigenvalues
0.2,0.3,1,1.1,1.0,1.3000000000000043,1,1.1,0.2,0.3,-0.5,1.300000000000003,0.1,0.1,"[0.31 0.32 0.33 0.34 0.35 0.36 0.37 0.38 0.39 0.4  0.41 0.42 0.43 0.44
 0.45 0.46 0.47 0.48 0.49 0.5  0.51 0.52 0.53 0.54 0.55 0.56 0.57 0.58
 0.59 0.6  0.61 0.62 0.63 0.64 0.65 0.66 0.67 0.68 0.69 0.7  0.71 0.72
 0.73 0.74 0.75 0.76 0.77 0.78 0.79 0.8  0.81 0.82 0.83 0.84 0.85 0.86
 0.87 0.88 0.89 0.9  0.91 0.92 0.93 0.94 0.95 0.96 0.97 0.98 0.99 1.
 1.01 1.02 1.03 1.04 1.05 1.06 1.07 1.08 1.09 1.1  1.11]","[-0.01433911 -0.04202432 -0.09560476 -0.12022445 -0.11826767 -0.11632951
 -0.11440945 -0.112507   -0.11062167 -0.10875297 -0.10690044 -0.10506361
 -0.10324204 -0.10143529 -0.09964294 -0.09786457 -0.09609979 -0.09434822
 -0.09260948 -0.0908832  -0.08916905 -0.08746669 -0.08577578 -0.08409603
 -0.08242712 -0.08076877 -0.07912071 -0.07748265 -0.07585434 -0.07423554
 -0.07262601 -0.07102551 -0.06943383 -0.06785075 -0.06627608 -0.06470961
 -0.06315116 -0.06160056 -0.06005762 -0.05852219 -0.0569941  -0.0554732
 -0.05395936 -0.05245242 -0.05095226 -0.04945875 -0.04797176 -0.04649118
 -0.04501689 -0.0435488  -0.04208678 -0.04063076 -0.03918062 -0.03773629
 -0.03629767 -0.03486469 -0.03343726 -0.0320153  -0.03059876 -0.02918755
 -0.02778161 -0.02638088 -0.0249853  -0.02359481 -0.02220935 -0.02082888
 -0.01945334 -0.01808268 -0.01671687 -0.01535585 -0.01399959 -0.01264804
 -0.01130117 -0.00995895 -0.00862133 -0.00728829 -0.00595979 -0.0046358
 -0.00331631 -0.00200127 -0.00069068]"
