sigma0re,sigma0im,beta0re,beta0im,mu0re,mu0im,beta1re,beta1im,sigma1re,sigma1im,mu1re,mu1im,alpha0,alpha1,b_star,corresponding_negative_eigenvalues
0.2,0.3,1,1.1,1.0,1.1000000000000032,1,1.1,0.2,0.3,-0.5,1.0000000000000027,0.0,0.0,"[0.28 0.29 0.3  0.31 0.32 0.33 0.34 0.35 0.36 0.37 0.38 0.39 0.4  0.41
 0.42 0.43 0.44 0.45 0.46 0.47 0.48 0.49 0.5  0.51 0.52 0.53 0.54 0.55
 0.56 0.57 0.58 0.59 0.6  0.61 0.62 0.63 0.64 0.65 0.66 0.67 0.68 0.69
 0.7  0.71 0.72 0.73 0.74 0.75 0.76 0.77 0.78 0.79 0.8  0.81 0.82 0.83
 0.84 0.85 0.86 0.87 0.88 0.89 0.9  0.91 0.92 0.93]","[-0.00515604 -0.02674114 -0.0588574  -0.11963125 -0.11738837 -0.11516375
 -0.11295682 -0.11076702 -0.10859381 -0.10643667 -0.10429507 -0.10216851
 -0.1000565  -0.09795857 -0.09587425 -0.09380309 -0.09174467 -0.08969855
 -0.08766434 -0.08564165 -0.08363009 -0.08162929 -0.0796389  -0.07765859
 -0.07568801 -0.07372685 -0.07177481 -0.06983158 -0.06789688 -0.06597043
 -0.06405197 -0.06214123 -0.06023796 -0.05834194 -0.05645291 -0.05457067
 -0.05269499 -0.05082566 -0.04896248 -0.04710526 -0.0452538  -0.04340793
 -0.04156747 -0.03973224 -0.03790208 -0.03607684 -0.03425636 -0.03244048
 -0.03062907 -0.02882198 -0.02701909 -0.02522025 -0.02342535 -0.02163425
 -0.01984685 -0.01806302 -0.01628266 -0.01450565 -0.0127319  -0.01096129
 -0.00919374 -0.00742914 -0.00566741 -0.00390845 -0.00215219 -0.00039852]"
