sigma0re,sigma0im,beta0re,beta0im,mu0re,mu0im,beta1re,beta1im,sigma1re,sigma1im,mu1re,mu1im,alpha0,alpha1,b_star,corresponding_negative_eigenvalues
0.2,0.3,1,1.1,1.0,0.9000000000000035,1,1.1,0.2,0.3,-0.5,1.9000000000000035,0.0,0.0,[0.27 0.28 0.29 0.3  0.31 0.32 0.33 0.34 0.35 0.36],"[-0.0068595  -0.03738373 -0.03268669 -0.02801188 -0.02335746 -0.01872174
 -0.01410316 -0.00950028 -0.00491179 -0.00033647]"
