sigma0re,sigma0im,beta0re,beta0im,mu0re,mu0im,beta1re,beta1im,sigma1re,sigma1im,mu1re,mu1im,alpha0,alpha1,b_star,corresponding_negative_eigenvalues
0.2,0.3,1,1.1,1.0,-0.4999999999999978,1,1.1,0.2,0.3,-0.5,-0.7999999999999989,0.0,0.0,"[0.01 0.02 0.03 0.04 0.05 0.06 0.07 0.08 0.09 0.1  0.11 0.12 0.13 0.14
 0.15 0.16 0.17 0.18 0.19 0.2  0.21 0.22 0.23 0.24 0.25 0.26 0.27 0.28
 0.29 0.3  0.31 0.32 0.33 0.34 0.35 0.36 0.37 0.38 0.39 0.4  0.41 0.42
 0.43 0.44 0.45]","[-0.00022101 -0.00088412 -0.00198944 -0.00353668 -0.00552431 -0.00794816
 -0.01079928 -0.01406052 -0.01770151 -0.02167167 -0.02589116 -0.03024167
 -0.03456158 -0.03865353 -0.04231138 -0.04536251 -0.04770546 -0.04932137
 -0.05025714 -0.05059602 -0.05043202 -0.04985431 -0.04894034 -0.04775433
 -0.04634819 -0.04476345 -0.04303316 -0.04118367 -0.03923603 -0.03720715
 -0.03511068 -0.03295769 -0.03075723 -0.02851674 -0.02624234 -0.02393913
 -0.02161133 -0.0192625  -0.01689563 -0.01451322 -0.01211741 -0.00971001
 -0.00729256 -0.00486637 -0.00243256]"
