sigma0re,sigma0im,beta0re,beta0im,mu0re,mu0im,beta1re,beta1im,sigma1re,sigma1im,mu1re,mu1im,alpha0,alpha1,b_star,corresponding_negative_eigenvalues
0.2,0.3,1,1.1,1.0,0.8000000000000034,1,1.1,0.2,0.3,-0.5,1.0000000000000027,0.1,0.1,"[0.35 0.36 0.37 0.38 0.39 0.4  0.41 0.42 0.43 0.44 0.45 0.46 0.47 0.48
 0.49 0.5  0.51 0.52 0.53 0.54 0.55 0.56 0.57 0.58 0.59 0.6  0.61 0.62
 0.63 0.64 0.65 0.66 0.67 0.68 0.69 0.7  0.71 0.72 0.73 0.74 0.75 0.76
 0.77 0.78]","[-0.01261105 -0.04644672 -0.07753304 -0.07542929 -0.07334229 -0.07127148
 -0.06921632 -0.06717629 -0.06515089 -0.06313963 -0.06114204 -0.05915767
 -0.05718609 -0.05522688 -0.05327965 -0.05134402 -0.04941962 -0.04750609
 -0.04560312 -0.04371038 -0.04182756 -0.03995438 -0.03809055 -0.03623581
 -0.03438991 -0.0325526  -0.03072365 -0.02890284 -0.02708997 -0.02528482
 -0.02348721 -0.02169695 -0.01991387 -0.01813781 -0.0163686  -0.01460608
 -0.01285013 -0.01110059 -0.00935734 -0.00762025 -0.0058892  -0.00416408
 -0.00244478 -0.0007312 ]"
