sigma0re,sigma0im,beta0re,beta0im,mu0re,mu0im,beta1re,beta1im,sigma1re,sigma1im,mu1re,mu1im,alpha0,alpha1,b_star,corresponding_negative_eigenvalues
0.2,0.3,1,1.1,1.0,-0.799999999999998,1,1.1,0.2,0.3,-0.5,-0.1999999999999984,0.0,0.0,"[0.01 0.02 0.03 0.04 0.05 0.06 0.07 0.08 0.09 0.1  0.11 0.12 0.13 0.14
 0.15 0.16 0.17 0.18 0.19 0.2  0.21 0.22 0.23 0.24 0.25 0.26 0.27 0.28
 0.29 0.3  0.31 0.32 0.33 0.34 0.35 0.36 0.37 0.38 0.39 0.4  0.41 0.42
 0.43 0.44 0.45 0.46 0.47 0.48 0.49 0.5  0.51 0.52 0.53 0.54 0.55 0.56
 0.57 0.58 0.59 0.6  0.61 0.62 0.63 0.64 0.65 0.66 0.67 0.68 0.69 0.7
 0.71 0.72 0.73 0.74 0.75 0.76 0.77 0.78 0.79]","[-8.83379658e-05 -3.52605369e-04 -7.90547274e-04 -1.39835511e-03
 -2.17059531e-03 -3.10011833e-03 -4.17795769e-03 -5.39323313e-03
 -6.73307589e-03 -8.18259889e-03 -9.72493722e-03 -1.13413857e-02
 -1.30116563e-02 -1.47142696e-02 -1.64270790e-02 -1.81279076e-02
 -1.97952546e-02 -2.14090111e-02 -2.29511163e-02 -2.44060874e-02
 -2.57613751e-02 -2.70075195e-02 -2.81381125e-02 -2.91495942e-02
 -3.00409289e-02 -3.08132087e-02 -3.14692319e-02 -3.20130927e-02
 -3.24498076e-02 -3.27849923e-02 -3.30245959e-02 -3.31746901e-02
 -3.32413094e-02 -3.32303342e-02 -3.31474101e-02 -3.29978960e-02
 -3.27868337e-02 -3.25189348e-02 -3.21985783e-02 -3.18298184e-02
 -3.14163963e-02 -3.09617566e-02 -3.04690653e-02 -2.99412290e-02
 -2.93809138e-02 -2.87905643e-02 -2.81724214e-02 -2.75285397e-02
 -2.68608028e-02 -2.61709388e-02 -2.54605333e-02 -2.47310425e-02
 -2.39838041e-02 -2.32200482e-02 -2.24409067e-02 -2.16474218e-02
 -2.08405539e-02 -2.00211891e-02 -1.91901449e-02 -1.83481769e-02
 -1.74959836e-02 -1.66342113e-02 -1.57634587e-02 -1.48842806e-02
 -1.39971916e-02 -1.31026696e-02 -1.22011585e-02 -1.12930710e-02
 -1.03787911e-02 -9.45867631e-03 -8.53305988e-03 -7.60225244e-03
 -6.66654384e-03 -5.72620472e-03 -4.78148792e-03 -3.83262981e-03
 -2.87985150e-03 -1.92335992e-03 -9.63348886e-04]"
