sigma0re,sigma0im,beta0re,beta0im,mu0re,mu0im,beta1re,beta1im,sigma1re,sigma1im,mu1re,mu1im,alpha0,alpha1,b_star,corresponding_negative_eigenvalues
0.2,0.3,1,1.1,1.0,-0.4999999999999978,1,1.1,0.2,0.3,-0.5,-0.49999999999999867,0.0,0.0,"[0.01 0.02 0.03 0.04 0.05 0.06 0.07 0.08 0.09 0.1  0.11 0.12 0.13 0.14
 0.15 0.16 0.17 0.18 0.19 0.2  0.21 0.22 0.23 0.24 0.25 0.26 0.27 0.28
 0.29 0.3  0.31 0.32 0.33 0.34 0.35 0.36 0.37 0.38 0.39 0.4  0.41 0.42
 0.43 0.44 0.45 0.46 0.47 0.48 0.49 0.5  0.51 0.52 0.53 0.54 0.55 0.56
 0.57 0.58 0.59 0.6  0.61 0.62 0.63 0.64 0.65 0.66 0.67 0.68 0.69 0.7
 0.71 0.72 0.73 0.74 0.75 0.76 0.77 0.78 0.79]","[-0.00013808 -0.00055182 -0.00123962 -0.00219871 -0.00342483 -0.00491197
 -0.00665184 -0.00863335 -0.01084188 -0.01325848 -0.01585908 -0.01861369
 -0.02148588 -0.02443267 -0.02740523 -0.03035043 -0.03321353 -0.03594157
 -0.0384872  -0.04081199 -0.04288871 -0.04470198 -0.04624756 -0.04753052
 -0.04856282 -0.04936102 -0.04994414 -0.0503321  -0.05054455 -0.05060019
 -0.0505163  -0.05030862 -0.04999125 -0.04957676 -0.04907625 -0.04849949
 -0.04785511 -0.04715065 -0.04639274 -0.04558722 -0.0447392  -0.04385319
 -0.04293317 -0.04198265 -0.04100472 -0.04000214 -0.03897734 -0.03793249
 -0.03686953 -0.03579017 -0.03469597 -0.03358829 -0.03246838 -0.03133734
 -0.03019619 -0.02904581 -0.02788703 -0.02672057 -0.02554711 -0.02436724
 -0.02318152 -0.02199043 -0.02079443 -0.01959393 -0.01838931 -0.0171809
 -0.01596901 -0.01475394 -0.01353593 -0.01231523 -0.01109205 -0.0098666
 -0.00863906 -0.00740958 -0.00617833 -0.00494545 -0.00371106 -0.00247528
 -0.00123823]"
