sigma0re,sigma0im,beta0re,beta0im,mu0re,mu0im,beta1re,beta1im,sigma1re,sigma1im,mu1re,mu1im,alpha0,alpha1,b_star,corresponding_negative_eigenvalues
0.2,0.3,1,1.1,1.0,-0.2999999999999976,1,1.1,0.2,0.3,-0.5,-1.4999999999999996,0.1,0.1,"[0.01 0.02 0.03 0.04 0.05 0.06 0.07 0.08 0.09 0.1  0.11 0.12 0.13 0.14
 0.15 0.16 0.17 0.18 0.19 0.2  0.21]","[-0.00019366 -0.00077068 -0.0017186  -0.00301472 -0.00462318 -0.00649086
 -0.00854256 -0.01067671 -0.01276421 -0.01465395 -0.01618828 -0.01722689
 -0.01767131 -0.01747879 -0.01665987 -0.01526374 -0.01335993 -0.01102343
 -0.00832533 -0.0053284  -0.00208579]"
