sigma0re,sigma0im,beta0re,beta0im,mu0re,mu0im,beta1re,beta1im,sigma1re,sigma1im,mu1re,mu1im,alpha0,alpha1,b_star,corresponding_negative_eigenvalues
0.2,0.3,1,1.1,1.0,1.7000000000000046,1,1.1,0.2,0.3,-0.5,0.5000000000000022,0.0,0.0,"[0.11 0.12 0.13 0.14 0.15 0.16 0.17 0.18 0.19 0.2  0.21 0.22 0.23 0.24
 0.25 0.26 0.27 0.28 0.29 0.3  0.31 0.32 0.33 0.34 0.35 0.36 0.37 0.38
 0.39 0.4  0.41 0.42 0.43 0.44 0.45 0.46 0.47 0.48 0.49 0.5  0.51 0.52
 0.53 0.54 0.55 0.56 0.57 0.58 0.59 0.6  0.61 0.62 0.63 0.64 0.65 0.66
 0.67 0.68 0.69 0.7  0.71 0.72 0.73 0.74 0.75 0.76 0.77 0.78 0.79 0.8
 0.81 0.82 0.83 0.84 0.85 0.86 0.87 0.88 0.89 0.9  0.91 0.92 0.93 0.94
 0.95 0.96 0.97 0.98 0.99 1.   1.01 1.02 1.03 1.04 1.05]","[-0.00041589 -0.00377667 -0.00763627 -0.01200073 -0.01688109 -0.02229367
 -0.02826071 -0.03481118 -0.04198212 -0.04982043 -0.05838568 -0.06775402
 -0.07802441 -0.08932822 -0.10184537 -0.1158329  -0.13142583 -0.12930843
 -0.12721456 -0.12514336 -0.12309397 -0.12106558 -0.11905739 -0.11706865
 -0.11509864 -0.11314665 -0.11121203 -0.10929412 -0.10739232 -0.10550604
 -0.10363473 -0.10177783 -0.09993485 -0.09810528 -0.09628865 -0.09448452
 -0.09269244 -0.09091201 -0.08914282 -0.0873845  -0.08563668 -0.083899
 -0.08217113 -0.08045275 -0.07874355 -0.07704322 -0.07535149 -0.07366807
 -0.0719927  -0.07032512 -0.0686651  -0.06701239 -0.06536676 -0.063728
 -0.0620959  -0.06047025 -0.05885085 -0.05723752 -0.05563008 -0.05402834
 -0.05243213 -0.05084131 -0.04925569 -0.04767513 -0.04609949 -0.04452861
 -0.04296237 -0.04140062 -0.03984323 -0.03829008 -0.03674106 -0.03519603
 -0.03365489 -0.03211753 -0.03058383 -0.0290537  -0.02752703 -0.02600373
 -0.02448371 -0.02296686 -0.0214531  -0.01994235 -0.01843452 -0.01692953
 -0.0154273  -0.01392775 -0.01243082 -0.01093642 -0.00944448 -0.00795494
 -0.00646774 -0.0049828  -0.00350006 -0.00201947 -0.00054095]"
