sigma0re,sigma0im,beta0re,beta0im,mu0re,mu0im,beta1re,beta1im,sigma1re,sigma1im,mu1re,mu1im,alpha0,alpha1,b_star,corresponding_negative_eigenvalues
0.2,0.3,1,1.1,1.0,-2.099999999999999,1,1.1,0.2,0.3,-0.5,-1.7999999999999998,0.1,0.1,"[0.19 0.2  0.21 0.22 0.23 0.24 0.25 0.26 0.27 0.28 0.29 0.3  0.31 0.32
 0.33 0.34 0.35 0.36 0.37 0.38 0.39 0.4  0.41 0.42 0.43 0.44 0.45 0.46
 0.47 0.48 0.49 0.5  0.51 0.52 0.53 0.54 0.55 0.56 0.57 0.58 0.59 0.6
 0.61 0.62 0.63 0.64 0.65 0.66 0.67 0.68 0.69 0.7  0.71 0.72 0.73 0.74
 0.75 0.76 0.77 0.78 0.79 0.8  0.81 0.82 0.83 0.84 0.85 0.86 0.87 0.88
 0.89 0.9  0.91 0.92 0.93 0.94 0.95 0.96 0.97 0.98 0.99 1.   1.01 1.02
 1.03 1.04 1.05 1.06 1.07 1.08 1.09 1.1  1.11 1.12 1.13 1.14 1.15 1.16
 1.17 1.18 1.19 1.2  1.21 1.22 1.23 1.24 1.25 1.26 1.27 1.28 1.29 1.3
 1.31 1.32 1.33 1.34 1.35 1.36 1.37 1.38 1.39 1.4  1.41 1.42 1.43 1.44
 1.45 1.46]","[-0.01526703 -0.0336025  -0.05545678 -0.08214551 -0.11645349 -0.15664085
 -0.15485857 -0.15307655 -0.15129459 -0.14951251 -0.14773012 -0.14594721
 -0.14416363 -0.14237918 -0.14059369 -0.13880701 -0.13701897 -0.13522944
 -0.13343827 -0.13164535 -0.12985057 -0.12805385 -0.1262551  -0.12445429
 -0.12265139 -0.12084638 -0.1190393  -0.11723021 -0.11541918 -0.11360634
 -0.11179184 -0.10997589 -0.1081587  -0.10634058 -0.10452183 -0.10270282
 -0.10088398 -0.09906575 -0.09724866 -0.09543326 -0.09362015 -0.09181
 -0.0900035  -0.08820138 -0.08640445 -0.08461352 -0.08282944 -0.08105312
 -0.07928547 -0.07752744 -0.07577998 -0.07404409 -0.07232075 -0.07061096
 -0.06891571 -0.06723599 -0.06557278 -0.06392705 -0.06229975 -0.06069181
 -0.05910411 -0.05753753 -0.05599289 -0.05447097 -0.05297254 -0.05149828
 -0.05004886 -0.04862486 -0.04722684 -0.04585528 -0.04451063 -0.04319326
 -0.04190347 -0.04064151 -0.03940758 -0.0382018  -0.03702421 -0.03587481
 -0.03475352 -0.0336602  -0.03259464 -0.03155654 -0.03054558 -0.02956133
 -0.02860333 -0.02767102 -0.02676382 -0.02588105 -0.025022   -0.0241859
 -0.02337193 -0.02257921 -0.02180684 -0.02105385 -0.02031926 -0.01960207
 -0.01890122 -0.01821568 -0.01754436 -0.0168862  -0.01624013 -0.01560507
 -0.01497999 -0.01436383 -0.0137556  -0.0131543  -0.01255898 -0.01196873
 -0.01138268 -0.01079999 -0.01021988 -0.00964161 -0.00906451 -0.00848793
 -0.00791129 -0.00733407 -0.00675577 -0.00617597 -0.00559429 -0.0050104
 -0.00442399 -0.00383483 -0.00324271 -0.00264746 -0.00204895 -0.00144708
 -0.00084179 -0.00023303]"
