sigma0re,sigma0im,beta0re,beta0im,mu0re,mu0im,beta1re,beta1im,sigma1re,sigma1im,mu1re,mu1im,alpha0,alpha1,b_star,corresponding_negative_eigenvalues
0.2,0.3,1,1.1,1.0,1.5000000000000036,1,1.1,0.2,0.3,-0.5,0.20000000000000195,0.1,0.1,"[0.01 0.02 0.03 0.04 0.05 0.06 0.07 0.08 0.09 0.1  0.11 0.12 0.13 0.14
 0.15 0.16 0.17 0.18 0.19 0.2  0.21 0.22 0.23 0.24 0.25 0.26 0.27 0.28
 0.29 0.3  0.31 0.32 0.33 0.34 0.35 0.36 0.37 0.38 0.39 0.4  0.41 0.42
 0.43 0.44 0.45 0.46 0.47 0.48 0.49 0.5  0.51 0.52 4.48 4.49 4.5  4.51
 4.52 4.53 4.54 4.55 4.56 4.57 4.58 4.59 4.6  4.61 4.62 4.63 4.64 4.65
 4.66 4.67 4.68 4.69 4.7  4.71 4.72 4.73 4.74 4.75 4.76 4.77 4.78 4.79
 4.8  4.81 4.82 4.83 4.84 4.85 4.86 4.87 4.88 4.89 4.9  4.91 4.92 4.93
 4.94 4.95 4.96 4.97 4.98 4.99 5.  ]","[-1.46066050e-04 -5.83757447e-04 -1.31148281e-03 -2.32634704e-03
 -3.62376731e-03 -5.19689650e-03 -7.03581888e-03 -9.12648140e-03
 -1.14493383e-02 -1.39777292e-02 -1.66761041e-02 -1.94983702e-02
 -2.23868698e-02 -2.52727417e-02 -2.80785082e-02 -3.07234006e-02
 -3.31310290e-02 -3.52377629e-02 -3.69993974e-02 -3.83940921e-02
 -3.94210824e-02 -4.00962828e-02 -4.04466395e-02 -4.05048314e-02
 -4.03051773e-02 -3.98809264e-02 -3.92627275e-02 -3.84779440e-02
 -3.75505058e-02 -3.65010660e-02 -3.53473049e-02 -3.41042883e-02
 -3.27848256e-02 -3.13998027e-02 -2.99584764e-02 -2.84687301e-02
 -2.69372909e-02 -2.53699128e-02 -2.37715302e-02 -2.21463861e-02
 -2.04981392e-02 -1.88299533e-02 -1.71445716e-02 -1.54443793e-02
 -1.37314561e-02 -1.20076199e-02 -1.02744640e-02 -8.53338839e-03
 -6.78562626e-03 -5.03226653e-03 -3.27427302e-03 -1.51250091e-03
 -1.02413784e-03 -4.03536177e-03 -7.06792731e-03 -1.01218855e-02
 -1.31972876e-02 -1.62941846e-02 -1.94126278e-02 -2.25526687e-02
 -2.57143584e-02 -2.88977484e-02 -3.21028902e-02 -3.53298354e-02
 -3.85786354e-02 -4.18493420e-02 -4.51420069e-02 -4.84566818e-02
 -5.17934186e-02 -5.51522690e-02 -5.85332851e-02 -6.19365187e-02
 -6.53620220e-02 -6.88098470e-02 -7.22800458e-02 -7.57726707e-02
 -7.92877738e-02 -8.28254076e-02 -8.63856242e-02 -8.99684762e-02
 -9.35740159e-02 -9.72022959e-02 -1.00853369e-01 -1.04527287e-01
 -1.08224103e-01 -1.11943870e-01 -1.15686640e-01 -1.19452467e-01
 -1.23241403e-01 -1.27053501e-01 -1.30888813e-01 -1.34747394e-01
 -1.38629295e-01 -1.42534570e-01 -1.46463273e-01 -1.50415455e-01
 -1.54391171e-01 -1.58390474e-01 -1.62413416e-01 -1.66460051e-01
 -1.70530433e-01 -1.74624615e-01 -1.78742650e-01 -1.82884592e-01
 -1.87050494e-01]"
