sigma0re,sigma0im,beta0re,beta0im,mu0re,mu0im,beta1re,beta1im,sigma1re,sigma1im,mu1re,mu1im,alpha0,alpha1,b_star,corresponding_negative_eigenvalues
0.2,0.3,1,1.1,1.0,-2.6999999999999997,1,1.1,0.2,0.3,-0.5,-0.3999999999999986,0.0,0.0,[0.3  0.31 0.32 0.33 0.34 0.35 0.36 0.37 0.38 0.39 0.4  0.41 0.42 0.43],"[-0.0381653  -0.04580817 -0.04213821 -0.03848487 -0.03484716 -0.03122413
 -0.02761489 -0.02401859 -0.02043441 -0.0168616  -0.01329944 -0.00974724
 -0.00620436 -0.00267018]"
