sigma0re,sigma0im,beta0re,beta0im,mu0re,mu0im,beta1re,beta1im,sigma1re,sigma1im,mu1re,mu1im,alpha0,alpha1,b_star,corresponding_negative_eigenvalues
0.2,0.3,1,1.1,1.0,2.9000000000000057,1,1.1,0.2,0.3,-0.5,0.5000000000000022,0.0,0.0,"[0.09 0.1  0.11 0.12 0.13 0.14 0.15 0.16 0.17 0.18 0.19 0.2  0.21 0.22
 0.23 0.24 0.25 0.26 0.27 0.28 0.29 0.3  0.31 0.32 0.33 0.34 0.35 0.36
 0.37 0.38 0.39 0.4  0.41 0.42 0.43 0.44 0.45 0.46 0.47 0.48 0.49 0.5 ]","[-0.00195326 -0.00593228 -0.01053149 -0.01575301 -0.02160715 -0.02811207
 -0.03529402 -0.04318796 -0.051839   -0.06130444 -0.07165708 -0.08299016
 -0.09542499 -0.09978509 -0.09596968 -0.09219389 -0.08845521 -0.08475132
 -0.08108005 -0.07743938 -0.07382742 -0.07024242 -0.06668273 -0.06314683
 -0.05963329 -0.05614077 -0.05266801 -0.04921385 -0.04577718 -0.04235698
 -0.03895228 -0.03556218 -0.03218581 -0.02882238 -0.02547114 -0.02213137
 -0.0188024  -0.01548361 -0.01217441 -0.00887422 -0.00558253 -0.00229884]"
