sigma0re,sigma0im,beta0re,beta0im,mu0re,mu0im,beta1re,beta1im,sigma1re,sigma1im,mu1re,mu1im,alpha0,alpha1,b_star,corresponding_negative_eigenvalues
0.2,0.3,1,1.1,1.0,2.0000000000000044,1,1.1,0.2,0.3,-0.5,1.7000000000000033,0.0,0.0,"[0.22 0.23 0.24 0.25 0.26 0.27 0.28 0.29 0.3  0.31 0.32 0.33 0.34 0.35
 0.36 0.37 0.38 0.39 0.4  0.41 0.42 0.43 0.44 0.45 0.46 0.47 0.48 0.49
 0.5  0.51 0.52 0.53 0.54 0.55 0.56 0.57 0.58 0.59 0.6  0.61 0.62 0.63
 0.64 0.65 0.66 0.67 0.68 0.69 0.7  0.71 0.72 0.73 0.74 0.75 0.76 0.77
 0.78 0.79 0.8  0.81 0.82 0.83 0.84 0.85 0.86 0.87 0.88 0.89 0.9  0.91
 0.92 0.93 0.94 0.95 0.96 0.97 0.98 0.99 1.   1.01 1.02 1.03 1.04 1.05]","[-0.02628759 -0.07180934 -0.15149298 -0.14950283 -0.14751606 -0.14553274
 -0.14355292 -0.14157666 -0.13960399 -0.13763497 -0.13566962 -0.13370797
 -0.13175005 -0.12979588 -0.12784546 -0.12589881 -0.12395593 -0.12201682
 -0.12008148 -0.1181499  -0.11622206 -0.11429796 -0.11237757 -0.11046087
 -0.10854784 -0.10663846 -0.10473268 -0.10283049 -0.10093184 -0.0990367
 -0.09714503 -0.0952568  -0.09337196 -0.09149047 -0.08961228 -0.08773736
 -0.08586566 -0.08399712 -0.08213171 -0.08026937 -0.07841006 -0.07655373
 -0.07470032 -0.0728498  -0.07100211 -0.06915719 -0.06731501 -0.06547551
 -0.06363864 -0.06180435 -0.05997259 -0.05814332 -0.05631649 -0.05449204
 -0.05266993 -0.05085011 -0.04903253 -0.04721715 -0.04540392 -0.0435928
 -0.04178374 -0.03997669 -0.03817162 -0.03636847 -0.03456721 -0.03276779
 -0.03097017 -0.02917431 -0.02738017 -0.02558772 -0.0237969  -0.02200768
 -0.02022003 -0.0184339  -0.01664927 -0.01486609 -0.01308433 -0.01130396
 -0.00952493 -0.00774723 -0.00597081 -0.00419564 -0.00242169 -0.00064893]"
