sigma0re,sigma0im,beta0re,beta0im,mu0re,mu0im,beta1re,beta1im,sigma1re,sigma1im,mu1re,mu1im,alpha0,alpha1,b_star,corresponding_negative_eigenvalues
0.2,0.3,1,1.1,1.0,1.1000000000000032,1,1.1,0.2,0.3,-0.5,1.400000000000003,0.0,0.0,"[0.28 0.29 0.3  0.31 0.32 0.33 0.34 0.35 0.36 0.37 0.38 0.39 0.4  0.41
 0.42 0.43 0.44 0.45 0.46 0.47 0.48 0.49 0.5  0.51 0.52 0.53 0.54 0.55
 0.56 0.57 0.58]","[-0.01978255 -0.08950401 -0.08623441 -0.08298861 -0.07976546 -0.07656384
 -0.07338269 -0.07022101 -0.06707782 -0.06395222 -0.06084333 -0.05775033
 -0.05467243 -0.0516089  -0.04855901 -0.04552209 -0.0424975  -0.03948464
 -0.03648293 -0.03349181 -0.03051075 -0.02753927 -0.02457689 -0.02162316
 -0.01867764 -0.01573994 -0.01280965 -0.00988642 -0.00696988 -0.00405971
 -0.00115558]"
