sigma0re,sigma0im,beta0re,beta0im,mu0re,mu0im,beta1re,beta1im,sigma1re,sigma1im,mu1re,mu1im,alpha0,alpha1,b_star,corresponding_negative_eigenvalues
0.2,0.3,1,1.1,1.0,-0.4999999999999978,1,1.1,0.2,0.3,-0.5,-1.4999999999999996,0.1,0.1,"[0.01 0.02 0.03 0.04 0.05 0.06 0.07 0.08 0.09 0.1  0.11 0.12 0.13 0.14
 0.15 0.16 0.17 0.18 0.19 0.2  0.21 0.22 0.23 0.24 0.25 0.26 0.27 0.28
 0.29 0.3 ]","[-0.00032729 -0.00131092 -0.00295578 -0.00526876 -0.00825608 -0.01191794
 -0.01623792 -0.0211626  -0.02656524 -0.03219124 -0.03760935 -0.04224925
 -0.04560125 -0.0474517  -0.04790815 -0.04723769 -0.04571812 -0.04357614
 -0.04098003 -0.03805057 -0.03487391 -0.03151188 -0.02800936 -0.02439936
 -0.02070652 -0.01694942 -0.01314227 -0.00929604 -0.0054193  -0.00151878]"
