sigma0re,sigma0im,beta0re,beta0im,mu0re,mu0im,beta1re,beta1im,sigma1re,sigma1im,mu1re,mu1im,alpha0,alpha1,b_star,corresponding_negative_eigenvalues
0.2,0.3,1,1.1,1.0,2.5000000000000053,1,1.1,0.2,0.3,-0.5,0.30000000000000204,0.0,0.0,"[0.01 0.02 0.03 0.04 0.05 0.06 0.07 0.08 0.09 0.1  0.11 0.12 0.13 0.14
 0.15 0.16 0.17 0.18 0.19 0.2  0.21 0.22 0.23 0.24 0.25 0.26 0.27 0.28
 0.29 0.3  0.31 0.32 0.33 0.34 0.35 0.36]","[-0.00041492 -0.0016662  -0.0037738  -0.0067721  -0.0107113  -0.01565847
 -0.02169528 -0.02890331 -0.03730765 -0.0466981  -0.05621704 -0.06411869
 -0.06898093 -0.07096419 -0.07096479 -0.06972417 -0.067705   -0.06518268
 -0.06232423 -0.05923453 -0.05598185 -0.05261203 -0.04915673 -0.04563832
 -0.04207292 -0.03847234 -0.03484534 -0.03119849 -0.02753675 -0.02386391
 -0.02018288 -0.01649587 -0.01280458 -0.00911034 -0.00541412 -0.0017167 ]"
