sigma0re,sigma0im,beta0re,beta0im,mu0re,mu0im,beta1re,beta1im,sigma1re,sigma1im,mu1re,mu1im,alpha0,alpha1,b_star,corresponding_negative_eigenvalues
0.2,0.3,1,1.1,1.0,1.1000000000000032,1,1.1,0.2,0.3,-0.5,1.2000000000000028,0.1,0.1,"[0.33 0.34 0.35 0.36 0.37 0.38 0.39 0.4  0.41 0.42 0.43 0.44 0.45 0.46
 0.47 0.48 0.49 0.5  0.51 0.52 0.53 0.54 0.55 0.56 0.57 0.58 0.59 0.6
 0.61 0.62 0.63 0.64 0.65 0.66 0.67 0.68 0.69 0.7  0.71 0.72 0.73 0.74
 0.75 0.76 0.77 0.78 0.79 0.8  0.81 0.82 0.83 0.84 0.85 0.86 0.87 0.88
 0.89 0.9  0.91 0.92 0.93 0.94 0.95]","[-0.01781201 -0.04958829 -0.10535399 -0.1032344  -0.10113643 -0.09905928
 -0.0970022  -0.09496443 -0.09294527 -0.09094406 -0.08896015 -0.08699293
 -0.08504181 -0.08310622 -0.08118565 -0.07927956 -0.07738749 -0.07550895
 -0.07364352 -0.07179075 -0.06995026 -0.06812165 -0.06630456 -0.06449863
 -0.06270352 -0.06091893 -0.05914453 -0.05738005 -0.0556252  -0.05387971
 -0.05214334 -0.05041583 -0.04869697 -0.04698652 -0.04528429 -0.04359006
 -0.04190365 -0.04022487 -0.03855354 -0.03688951 -0.03523262 -0.0335827
 -0.03193962 -0.03030324 -0.02867343 -0.02705005 -0.025433   -0.02382215
 -0.0222174  -0.02061865 -0.01902578 -0.01743872 -0.01585736 -0.01428163
 -0.01271143 -0.0111467  -0.00958736 -0.00803333 -0.00648456 -0.00494097
 -0.0034025  -0.0018691  -0.0003407 ]"
