sigma0re,sigma0im,beta0re,beta0im,mu0re,mu0im,beta1re,beta1im,sigma1re,sigma1im,mu1re,mu1im,alpha0,alpha1,b_star,corresponding_negative_eigenvalues
0.2,0.3,1,1.1,1.0,1.7000000000000046,1,1.1,0.2,0.3,-0.5,1.7000000000000033,0.0,0.0,"[0.23 0.24 0.25 0.26 0.27 0.28 0.29 0.3  0.31 0.32 0.33 0.34 0.35 0.36
 0.37 0.38 0.39 0.4  0.41 0.42 0.43 0.44 0.45 0.46 0.47 0.48 0.49 0.5
 0.51 0.52 0.53 0.54 0.55 0.56 0.57 0.58 0.59 0.6  0.61 0.62 0.63 0.64
 0.65 0.66 0.67 0.68 0.69 0.7  0.71 0.72 0.73 0.74 0.75 0.76 0.77 0.78
 0.79 0.8 ]","[-9.08691742e-03 -4.86748378e-02 -1.32884458e-01 -1.30290094e-01
 -1.27704153e-01 -1.25126636e-01 -1.22557524e-01 -1.19996784e-01
 -1.17444365e-01 -1.14900205e-01 -1.12364228e-01 -1.09836347e-01
 -1.07316465e-01 -1.04804476e-01 -1.02300266e-01 -9.98037135e-02
 -9.73146906e-02 -9.48330646e-02 -9.23586982e-02 -8.98914501e-02
 -8.74311761e-02 -8.49777293e-02 -8.25309611e-02 -8.00907216e-02
 -7.76568598e-02 -7.52292245e-02 -7.28076644e-02 -7.03920285e-02
 -6.79821667e-02 -6.55779296e-02 -6.31791691e-02 -6.07857388e-02
 -5.83974937e-02 -5.60142908e-02 -5.36359891e-02 -5.12624496e-02
 -4.88935357e-02 -4.65291133e-02 -4.41690506e-02 -4.18132181e-02
 -3.94614893e-02 -3.71137401e-02 -3.47698489e-02 -3.24296970e-02
 -3.00931683e-02 -2.77601494e-02 -2.54305295e-02 -2.31042006e-02
 -2.07810572e-02 -1.84609964e-02 -1.61439183e-02 -1.38297250e-02
 -1.15183216e-02 -9.20961562e-03 -6.90351688e-03 -4.59993779e-03
 -2.29879312e-03 -3.33066907e-16]"
