sigma0re,sigma0im,beta0re,beta0im,mu0re,mu0im,beta1re,beta1im,sigma1re,sigma1im,mu1re,mu1im,alpha0,alpha1,b_star,corresponding_negative_eigenvalues
0.2,0.3,1,1.1,1.0,1.3000000000000043,1,1.1,0.2,0.3,-0.5,1.300000000000003,0.0,0.0,"[0.27 0.28 0.29 0.3  0.31 0.32 0.33 0.34 0.35 0.36 0.37 0.38 0.39 0.4
 0.41 0.42 0.43 0.44 0.45 0.46 0.47 0.48 0.49 0.5  0.51 0.52 0.53 0.54
 0.55 0.56 0.57 0.58 0.59 0.6  0.61 0.62 0.63 0.64 0.65 0.66 0.67 0.68
 0.69 0.7  0.71 0.72 0.73 0.74 0.75 0.76 0.77 0.78 0.79 0.8 ]","[-1.76647494e-02 -5.58967214e-02 -1.18551059e-01 -1.15974518e-01
 -1.13413186e-01 -1.10866736e-01 -1.08334829e-01 -1.05817117e-01
 -1.03313249e-01 -1.00822871e-01 -9.83456257e-02 -9.58811567e-02
 -9.34291090e-02 -9.09891302e-02 -8.85608715e-02 -8.61439884e-02
 -8.37381414e-02 -8.13429967e-02 -7.89582268e-02 -7.65835105e-02
 -7.42185337e-02 -7.18629893e-02 -6.95165772e-02 -6.71790050e-02
 -6.48499876e-02 -6.25292473e-02 -6.02165141e-02 -5.79115252e-02
 -5.56140252e-02 -5.33237662e-02 -5.10405072e-02 -4.87640144e-02
 -4.64940612e-02 -4.42304274e-02 -4.19728999e-02 -3.97212717e-02
 -3.74753425e-02 -3.52349181e-02 -3.29998104e-02 -3.07698371e-02
 -2.85448219e-02 -2.63245939e-02 -2.41089875e-02 -2.18978425e-02
 -1.96910040e-02 -1.74883218e-02 -1.52896506e-02 -1.30948498e-02
 -1.09037832e-02 -8.71631917e-03 -6.53233023e-03 -4.35169299e-03
 -2.17428809e-03 -1.11022302e-16]"
