sigma0re,sigma0im,beta0re,beta0im,mu0re,mu0im,beta1re,beta1im,sigma1re,sigma1im,mu1re,mu1im,alpha0,alpha1,b_star,corresponding_negative_eigenvalues
0.2,0.3,1,1.1,1.0,1.900000000000004,1,1.1,0.2,0.3,-0.5,1.9000000000000035,0.1,0.1,"[0.25 0.26 0.27 0.28 0.29 0.3  0.31 0.32 0.33 0.34 0.35 0.36 0.37 0.38
 0.39 0.4  0.41 0.42 0.43 0.44 0.45 0.46 0.47 0.48 0.49 0.5  0.51 0.52
 0.53 0.54 0.55 0.56 0.57 0.58 0.59 0.6  0.61 0.62 0.63 0.64 0.65 0.66
 0.67 0.68 0.69 0.7  0.71 0.72 0.73 0.74 0.75 0.76 0.77 0.78 0.79 0.8
 0.81 0.82 0.83 0.84 0.85 0.86 0.87 0.88 0.89 0.9  0.91 0.92 0.93 0.94
 0.95 0.96 0.97 0.98 0.99 1.   1.01 1.02 1.03 1.04 1.05 1.06]","[-0.03006525 -0.07947962 -0.13850205 -0.13640577 -0.13432289 -0.13225325
 -0.13019668 -0.12815299 -0.12612198 -0.12410345 -0.12209718 -0.12010295
 -0.11812055 -0.11614974 -0.1141903  -0.11224201 -0.11030464 -0.10837795
 -0.10646174 -0.10455577 -0.10265983 -0.1007737  -0.09889718 -0.09703006
 -0.09517213 -0.09332321 -0.09148309 -0.0896516  -0.08782855 -0.08601377
 -0.08420709 -0.08240834 -0.08061737 -0.07883401 -0.07705813 -0.07528958
 -0.07352823 -0.07177393 -0.07002657 -0.06828601 -0.06655215 -0.06482487
 -0.06310406 -0.06138962 -0.05968145 -0.05797944 -0.05628353 -0.0545936
 -0.05290959 -0.0512314  -0.04955897 -0.04789223 -0.04623109 -0.0445755
 -0.0429254  -0.04128071 -0.03964139 -0.03800739 -0.03637863 -0.03475509
 -0.03313671 -0.03152344 -0.02991525 -0.02831209 -0.02671393 -0.02512072
 -0.02353244 -0.02194905 -0.02037051 -0.01879681 -0.01722791 -0.01566378
 -0.01410441 -0.01254976 -0.01099982 -0.00945456 -0.00791397 -0.00637802
 -0.0048467  -0.00331999 -0.00179787 -0.00028034]"
