sigma0re,sigma0im,beta0re,beta0im,mu0re,mu0im,beta1re,beta1im,sigma1re,sigma1im,mu1re,mu1im,alpha0,alpha1,b_star,corresponding_negative_eigenvalues
0.2,0.3,1,1.1,1.0,-1.4999999999999987,1,1.1,0.2,0.3,-0.5,-0.2999999999999985,0.0,0.0,"[0.28 0.29 0.3  0.31 0.32 0.33 0.34 0.35 0.36 0.37 0.38 0.39 0.4  0.41
 0.42 0.43 0.44 0.45 0.46 0.47 0.48 0.49 0.5  0.51 0.52 0.53 0.54 0.55
 0.56 0.57 0.58 0.59]","[-0.00086523 -0.02368316 -0.06035344 -0.05853075 -0.05666004 -0.05475011
 -0.05280802 -0.05083949 -0.04884918 -0.04684092 -0.04481787 -0.04278265
 -0.04073742 -0.03868401 -0.03662394 -0.03455847 -0.03248869 -0.0304155
 -0.02833967 -0.02626183 -0.02418254 -0.02210224 -0.02002133 -0.01794014
 -0.01585892 -0.01377791 -0.0116973  -0.00961724 -0.00753786 -0.00545927
 -0.00338154 -0.00130473]"
