sigma0re,sigma0im,beta0re,beta0im,mu0re,mu0im,beta1re,beta1im,sigma1re,sigma1im,mu1re,mu1im,alpha0,alpha1,b_star,corresponding_negative_eigenvalues
0.2,0.3,1,1.1,1.0,-1.4999999999999987,1,1.1,0.2,0.3,-0.5,-2.0,0.0,0.0,"[0.15 0.16 0.17 0.18 0.19 0.2  0.21 0.22 0.23 0.24 0.25 0.26 0.27 0.28
 0.29 0.3  0.31 0.32 0.33 0.34 0.35 0.36 0.37 0.38 0.39 0.4  0.41 0.42
 0.43 0.44 0.45 0.46 0.47 0.48 0.49 0.5  0.51 0.52 0.53 0.54 0.55]","[-0.00790938 -0.0199578  -0.03375529 -0.04954067 -0.06766329 -0.08865952
 -0.11341948 -0.11501046 -0.11135103 -0.10771012 -0.10408732 -0.10048219
 -0.09689425 -0.09332301 -0.08976795 -0.08622856 -0.08270431 -0.07919467
 -0.0756991  -0.0722171  -0.06874812 -0.06529167 -0.06184723 -0.05841432
 -0.05499245 -0.05158115 -0.04817997 -0.04478846 -0.0414062  -0.03803277
 -0.03466777 -0.03131081 -0.02796153 -0.02461955 -0.02128453 -0.01795615
 -0.01463408 -0.01131802 -0.00800766 -0.00470273 -0.00140297]"
