sigma0re,sigma0im,beta0re,beta0im,mu0re,mu0im,beta1re,beta1im,sigma1re,sigma1im,mu1re,mu1im,alpha0,alpha1,b_star,corresponding_negative_eigenvalues
0.2,0.3,1,1.1,1.0,0.7000000000000033,1,1.1,0.2,0.3,-0.5,1.7000000000000033,0.1,0.1,[0.34 0.35 0.36 0.37],[-0.01496048 -0.01104128 -0.00713205 -0.00323232]
