sigma0re,sigma0im,beta0re,beta0im,mu0re,mu0im,beta1re,beta1im,sigma1re,sigma1im,mu1re,mu1im,alpha0,alpha1,b_star,corresponding_negative_eigenvalues
0.2,0.3,1,1.1,1.0,-1.4999999999999987,1,1.1,0.2,0.3,-0.5,-0.49999999999999867,0.0,0.0,"[0.26 0.27 0.28 0.29 0.3  0.31 0.32 0.33 0.34 0.35 0.36 0.37 0.38 0.39
 0.4  0.41 0.42 0.43 0.44 0.45 0.46 0.47 0.48 0.49 0.5  0.51 0.52 0.53
 0.54 0.55 0.56 0.57 0.58 0.59 0.6  0.61 0.62 0.63 0.64 0.65 0.66 0.67
 0.68 0.69 0.7  0.71 0.72 0.73 0.74 0.75 0.76 0.77 0.78 0.79 0.8  0.81
 0.82 0.83 0.84 0.85 0.86 0.87 0.88 0.89 0.9  0.91 0.92 0.93 0.94 0.95
 0.96 0.97 0.98 0.99 1.   1.01 1.02 1.03 1.04 1.05 1.06 1.07 1.08 1.09
 1.1  1.11 1.12 1.13 1.14 1.15 1.16 1.17 1.18 1.19 1.2  1.21 1.22 1.23
 1.24 1.25 1.26 1.27 1.28 1.29 1.3  1.31 1.32 1.33 1.34 1.35 1.36 1.37
 1.38]","[-0.0008377  -0.01283767 -0.02746212 -0.04605927 -0.07216423 -0.13694363
 -0.13525554 -0.13358485 -0.13193101 -0.13029351 -0.12867184 -0.12706548
 -0.12547398 -0.12389685 -0.12233365 -0.12078394 -0.1192473  -0.11772334
 -0.11621165 -0.11471187 -0.11322362 -0.11174656 -0.11028035 -0.10882466
 -0.10737918 -0.10594362 -0.10451767 -0.10310105 -0.1016935  -0.10029476
 -0.09890457 -0.09752269 -0.09614888 -0.09478293 -0.0934246  -0.0920737
 -0.09073001 -0.08939334 -0.0880635  -0.08674031 -0.08542358 -0.08411316
 -0.08280886 -0.08151054 -0.08021803 -0.07893119 -0.07764986 -0.07637392
 -0.07510322 -0.07383762 -0.07257701 -0.07132126 -0.07007025 -0.06882385
 -0.06758196 -0.06634447 -0.06511127 -0.06388226 -0.06265733 -0.06143639
 -0.06021935 -0.0590061  -0.05779657 -0.05659067 -0.0553883  -0.05418939
 -0.05299386 -0.05180163 -0.05061263 -0.04942677 -0.048244   -0.04706423
 -0.04588741 -0.04471346 -0.04354232 -0.04237393 -0.04120822 -0.04004514
 -0.03888463 -0.03772663 -0.03657108 -0.03541794 -0.03426715 -0.03311865
 -0.03197241 -0.03082836 -0.02968646 -0.02854667 -0.02740894 -0.02627323
 -0.02513948 -0.02400767 -0.02287774 -0.02174966 -0.02062339 -0.01949889
 -0.01837612 -0.01725505 -0.01613563 -0.01501784 -0.01390164 -0.012787
 -0.01167388 -0.01056225 -0.00945208 -0.00834333 -0.00723599 -0.00613001
 -0.00502538 -0.00392206 -0.00282002 -0.00171924 -0.00061968]"
