sigma0re,sigma0im,beta0re,beta0im,mu0re,mu0im,beta1re,beta1im,sigma1re,sigma1im,mu1re,mu1im,alpha0,alpha1,b_star,corresponding_negative_eigenvalues
0.2,0.3,1,1.1,1.0,-2.9,1,1.1,0.2,0.3,-0.5,-0.5999999999999988,0.0,0.0,"[0.27 0.28 0.29 0.3  0.31 0.32 0.33 0.34 0.35 0.36 0.37 0.38 0.39 0.4
 0.41 0.42 0.43 0.44 0.45 0.46 0.47 0.48 0.49 0.5  0.51 0.52 0.53 0.54
 0.55 0.56 0.57 0.58 0.59 0.6  0.61 0.62]","[-0.01245595 -0.06724667 -0.09687502 -0.09372132 -0.09058851 -0.08747574
 -0.08438219 -0.08130707 -0.0782496  -0.07520904 -0.07218467 -0.06917579
 -0.06618173 -0.06320185 -0.06023553 -0.05728217 -0.05434121 -0.05141209
 -0.0484943  -0.04558731 -0.04269067 -0.03980389 -0.03692654 -0.03405819
 -0.03119844 -0.02834691 -0.0255032  -0.02266698 -0.01983789 -0.01701562
 -0.01419985 -0.01139028 -0.00858662 -0.0057886  -0.00299596 -0.00020845]"
