sigma0re,sigma0im,beta0re,beta0im,mu0re,mu0im,beta1re,beta1im,sigma1re,sigma1im,mu1re,mu1im,alpha0,alpha1,b_star,corresponding_negative_eigenvalues
0.2,0.3,1,1.1,1.0,-1.3999999999999986,1,1.1,0.2,0.3,-0.5,-1.6999999999999997,0.0,0.0,"[0.15 0.16 0.17 0.18 0.19 0.2  0.21 0.22 0.23 0.24 0.25 0.26 0.27 0.28
 0.29 0.3  0.31 0.32 0.33 0.34 0.35 0.36 0.37 0.38 0.39 0.4  0.41 0.42
 0.43 0.44 0.45 0.46 0.47 0.48 0.49 0.5  0.51 0.52 0.53 0.54 0.55 0.56
 0.57 0.58 0.59 0.6  0.61]","[-0.00137571 -0.01084888 -0.02162369 -0.03382375 -0.04761979 -0.06325226
 -0.081072   -0.10161989 -0.11869629 -0.11537947 -0.11208151 -0.10880201
 -0.10554055 -0.10229666 -0.09906986 -0.09585966 -0.09266556 -0.08948707
 -0.08632366 -0.08317484 -0.0800401  -0.07691895 -0.07381089 -0.07071545
 -0.06763214 -0.06456052 -0.06150012 -0.0584505  -0.05541125 -0.05238194
 -0.04936216 -0.04635154 -0.04334969 -0.04035625 -0.03737086 -0.03439318
 -0.03142289 -0.02845967 -0.02550321 -0.02255322 -0.01960941 -0.01667152
 -0.01373927 -0.01081243 -0.00789074 -0.00497397 -0.00206191]"
