sigma0re,sigma0im,beta0re,beta0im,mu0re,mu0im,beta1re,beta1im,sigma1re,sigma1im,mu1re,mu1im,alpha0,alpha1,b_star,corresponding_negative_eigenvalues
0.2,0.3,1,1.1,1.0,-1.9999999999999991,1,1.1,0.2,0.3,-0.5,-0.2999999999999985,0.0,0.0,[0.31 0.32 0.33 0.34 0.35 0.36 0.37 0.38 0.39 0.4  0.41 0.42 0.43 0.44],"[-0.02187194 -0.03609779 -0.03317992 -0.03025233 -0.0273173  -0.02437666
 -0.02143185 -0.01848405 -0.01553419 -0.01258302 -0.00963111 -0.00667895
 -0.00372689 -0.00077521]"
