sigma0re,sigma0im,beta0re,beta0im,mu0re,mu0im,beta1re,beta1im,sigma1re,sigma1im,mu1re,mu1im,alpha0,alpha1,b_star,corresponding_negative_eigenvalues
0.2,0.3,1,1.1,1.0,-1.6999999999999988,1,1.1,0.2,0.3,-0.5,-1.9,0.1,0.1,"[0.17 0.18 0.19 0.2  0.21 0.22 0.23 0.24 0.25 0.26 0.27 0.28 0.29 0.3
 0.31 0.32 0.33 0.34 0.35 0.36 0.37 0.38 0.39 0.4  0.41 0.42 0.43 0.44
 0.45 0.46 0.47 0.48 0.49 0.5  0.51 0.52 0.53 0.54 0.55 0.56 0.57 0.58
 0.59 0.6  0.61 0.62 0.63 0.64 0.65 0.66 0.67 0.68 0.69 0.7  0.71 0.72
 0.73 0.74 0.75 0.76 0.77 0.78]","[-1.67357499e-03 -1.39221304e-02 -2.80057496e-02 -4.42175146e-02
 -6.29914351e-02 -8.50131070e-02 -1.11480951e-01 -1.32931557e-01
 -1.30209242e-01 -1.27493523e-01 -1.24784537e-01 -1.22082431e-01
 -1.19387356e-01 -1.16699470e-01 -1.14018939e-01 -1.11345934e-01
 -1.08680632e-01 -1.06023218e-01 -1.03373881e-01 -1.00732815e-01
 -9.81002194e-02 -9.54762988e-02 -9.28612620e-02 -9.02553212e-02
 -8.76586928e-02 -8.50715958e-02 -8.24942521e-02 -7.99268857e-02
 -7.73697225e-02 -7.48229895e-02 -7.22869145e-02 -6.97617257e-02
 -6.72476510e-02 -6.47449176e-02 -6.22537514e-02 -5.97743769e-02
 -5.73070160e-02 -5.48518883e-02 -5.24092099e-02 -4.99791934e-02
 -4.75620474e-02 -4.51579755e-02 -4.27671767e-02 -4.03898443e-02
 -3.80261656e-02 -3.56763216e-02 -3.33404866e-02 -3.10188277e-02
 -2.87115043e-02 -2.64186679e-02 -2.41404619e-02 -2.18770207e-02
 -1.96284700e-02 -1.73949260e-02 -1.51764953e-02 -1.29732747e-02
 -1.07853505e-02 -8.61279879e-03 -6.45568487e-03 -4.31406306e-03
 -2.18797653e-03 -7.74570806e-05]"
