sigma0re,sigma0im,beta0re,beta0im,mu0re,mu0im,beta1re,beta1im,sigma1re,sigma1im,mu1re,mu1im,alpha0,alpha1,b_star,corresponding_negative_eigenvalues
0.2,0.3,1,1.1,1.0,1.900000000000004,1,1.1,0.2,0.3,-0.5,1.9000000000000035,0.0,0.0,"[0.22 0.23 0.24 0.25 0.26 0.27 0.28 0.29 0.3  0.31 0.32 0.33 0.34 0.35
 0.36 0.37 0.38 0.39 0.4  0.41 0.42 0.43 0.44 0.45 0.46 0.47 0.48 0.49
 0.5  0.51 0.52 0.53 0.54 0.55 0.56 0.57 0.58 0.59 0.6  0.61 0.62 0.63
 0.64 0.65 0.66 0.67 0.68 0.69 0.7  0.71 0.72 0.73 0.74 0.75 0.76 0.77
 0.78 0.79]","[-0.03665126 -0.12277115 -0.13646059 -0.13387668 -0.13129921 -0.12872821
 -0.1261637  -0.1236057  -0.1210542  -0.1185092  -0.11597065 -0.11343853
 -0.1109128  -0.10839339 -0.10588025 -0.1033733  -0.10087247 -0.09837768
 -0.09588883 -0.09340584 -0.0909286  -0.08845703 -0.08599101 -0.08353043
 -0.0810752  -0.07862519 -0.0761803  -0.07374042 -0.07130543 -0.06887522
 -0.06644968 -0.06402869 -0.06161214 -0.05919992 -0.05679191 -0.05438801
 -0.0519881  -0.04959208 -0.04719985 -0.04481129 -0.0424263  -0.04004478
 -0.03766663 -0.03529176 -0.03292006 -0.03055144 -0.0281858  -0.02582307
 -0.02346313 -0.02110592 -0.01875135 -0.01639932 -0.01404977 -0.0117026
 -0.00935775 -0.00701514 -0.00467469 -0.00233633]"
