sigma0re,sigma0im,beta0re,beta0im,mu0re,mu0im,beta1re,beta1im,sigma1re,sigma1im,mu1re,mu1im,alpha0,alpha1,b_star,corresponding_negative_eigenvalues
0.2,0.3,1,1.1,1.0,2.9000000000000057,1,1.1,0.2,0.3,-0.5,0.30000000000000204,0.1,0.1,"[0.01 0.02 0.03 0.04 0.05 0.06 0.07 0.08 0.09 0.1  0.11 0.12 0.13 0.14
 0.15 0.16 0.17 0.18 0.19 0.2  0.21 0.22 0.23 0.24 0.25 0.26 0.27 0.28
 0.29 0.3  0.31 0.32 0.33 0.34 0.35 0.36 0.37 0.38 0.39]","[-0.00041007 -0.00164782 -0.00373648 -0.00671687 -0.01065073 -0.01562559
 -0.02176034 -0.02920655 -0.03812181 -0.04851773 -0.05968707 -0.06931484
 -0.0750669  -0.07725835 -0.07723974 -0.07594988 -0.0739062  -0.07139367
 -0.06857686 -0.06555583 -0.06239423 -0.05913407 -0.05580397 -0.05242391
 -0.04900814 -0.04556698 -0.04210802 -0.03863691 -0.03515787 -0.03167408
 -0.02818797 -0.02470137 -0.02121568 -0.01773196 -0.01425102 -0.01077346
 -0.00729975 -0.00383021 -0.0003651 ]"
