sigma0re,sigma0im,beta0re,beta0im,mu0re,mu0im,beta1re,beta1im,sigma1re,sigma1im,mu1re,mu1im,alpha0,alpha1,b_star,corresponding_negative_eigenvalues
0.2,0.3,1,1.1,1.0,1.600000000000004,1,1.1,0.2,0.3,-0.5,1.8000000000000034,0.0,0.0,"[0.23 0.24 0.25 0.26 0.27 0.28 0.29 0.3  0.31 0.32 0.33 0.34 0.35 0.36
 0.37 0.38 0.39 0.4  0.41 0.42 0.43 0.44 0.45 0.46 0.47 0.48 0.49 0.5
 0.51 0.52 0.53 0.54 0.55 0.56 0.57 0.58 0.59 0.6  0.61 0.62 0.63 0.64
 0.65 0.66 0.67]","[-0.00204134 -0.04321973 -0.12108935 -0.11807554 -0.11507391 -0.11208433
 -0.10910662 -0.10614061 -0.10318607 -0.1002428  -0.09731056 -0.0943891
 -0.09147818 -0.08857754 -0.08568692 -0.08280605 -0.07993466 -0.0770725
 -0.07421928 -0.07137474 -0.06853862 -0.06571065 -0.06289057 -0.06007814
 -0.05727309 -0.05447518 -0.05168417 -0.04889981 -0.04612189 -0.04335016
 -0.04058441 -0.03782443 -0.03507    -0.03232092 -0.02957698 -0.02683801
 -0.02410381 -0.02137419 -0.01864898 -0.01592802 -0.01321113 -0.01049816
 -0.00778894 -0.00508334 -0.0023812 ]"
