sigma0re,sigma0im,beta0re,beta0im,mu0re,mu0im,beta1re,beta1im,sigma1re,sigma1im,mu1re,mu1im,alpha0,alpha1,b_star,corresponding_negative_eigenvalues
0.2,0.3,1,1.1,1.0,-0.09999999999999742,1,1.1,0.2,0.3,-0.5,-0.5999999999999988,0.0,0.0,"[0.01 0.02 0.03 0.04 0.05 0.06 0.07 0.08 0.09 0.1  0.11 0.12 0.13 0.14
 0.15 0.16 0.17]","[-3.30129312e-05 -1.30409909e-04 -2.87288904e-04 -4.95563018e-04
 -7.44102277e-04 -1.01896344e-03 -1.30373210e-03 -1.57999791e-03
 -1.82797216e-03 -2.02723770e-03 -2.15759575e-03 -2.19994839e-03
 -2.13713645e-03 -1.95464728e-03 -1.64111957e-03 -1.18860089e-03
 -5.92551212e-04]"
