sigma0re,sigma0im,beta0re,beta0im,mu0re,mu0im,beta1re,beta1im,sigma1re,sigma1im,mu1re,mu1im,alpha0,alpha1,b_star,corresponding_negative_eigenvalues
0.2,0.3,1,1.1,1.0,-1.9999999999999991,1,1.1,0.2,0.3,-0.5,-0.49999999999999867,0.0,0.0,"[0.29 0.3  0.31 0.32 0.33 0.34 0.35 0.36 0.37 0.38 0.39 0.4  0.41 0.42
 0.43 0.44 0.45 0.46 0.47 0.48 0.49 0.5  0.51 0.52 0.53 0.54 0.55 0.56
 0.57 0.58 0.59 0.6  0.61 0.62 0.63 0.64 0.65 0.66 0.67 0.68 0.69 0.7
 0.71 0.72 0.73 0.74 0.75 0.76 0.77 0.78 0.79]","[-0.01234083 -0.04024961 -0.10587468 -0.10340821 -0.10096402 -0.09854113
 -0.09613861 -0.09375556 -0.09139116 -0.08904459 -0.08671511 -0.08440198
 -0.08210451 -0.07982207 -0.07755402 -0.07529977 -0.07305877 -0.07083047
 -0.06861436 -0.06640995 -0.06421679 -0.06203441 -0.05986241 -0.05770037
 -0.05554791 -0.05340466 -0.05127026 -0.04914437 -0.04702667 -0.04491685
 -0.04281461 -0.04071967 -0.03863174 -0.03655057 -0.03447591 -0.03240751
 -0.03034514 -0.02828858 -0.02623761 -0.02419203 -0.02215164 -0.02011625
 -0.01808567 -0.01605972 -0.01403825 -0.01202108 -0.01000805 -0.00799902
 -0.00599384 -0.00399237 -0.00199446]"
