sigma0re,sigma0im,beta0re,beta0im,mu0re,mu0im,beta1re,beta1im,sigma1re,sigma1im,mu1re,mu1im,alpha0,alpha1,b_star,corresponding_negative_eigenvalues
0.2,0.3,1,1.1,1.0,0.6000000000000032,1,1.1,0.2,0.3,-0.5,1.0000000000000027,0.1,0.1,"[0.36 0.37 0.38 0.39 0.4  0.41 0.42 0.43 0.44 0.45 0.46 0.47 0.48 0.49
 0.5  0.51 0.52 0.53 0.54]","[-0.01634231 -0.04160399 -0.03926617 -0.0369281  -0.03459084 -0.03225525
 -0.02992204 -0.02759175 -0.02526485 -0.02294168 -0.02062252 -0.01830761
 -0.0159971  -0.01369112 -0.01138977 -0.00909311 -0.00680118 -0.004514
 -0.00223157]"
