sigma0re,sigma0im,beta0re,beta0im,mu0re,mu0im,beta1re,beta1im,sigma1re,sigma1im,mu1re,mu1im,alpha0,alpha1,b_star,corresponding_negative_eigenvalues
0.2,0.3,1,1.1,1.0,0.7000000000000033,1,1.1,0.2,0.3,-0.5,0.9000000000000026,0.1,0.1,"[0.35 0.36 0.37 0.38 0.39 0.4  0.41 0.42 0.43 0.44 0.45 0.46 0.47 0.48
 0.49 0.5  0.51 0.52 0.53 0.54 0.55 0.56 0.57 0.58 0.59 0.6  0.61 0.62
 0.63 0.64 0.65 0.66 0.67 0.68 0.69 0.7  0.71 0.72 0.73 0.74 0.75 0.76]","[-0.0120099  -0.04476065 -0.06993145 -0.06800995 -0.06609634 -0.06419101
 -0.06229424 -0.06040623 -0.05852708 -0.05665687 -0.05479558 -0.0529432
 -0.05109967 -0.04926491 -0.0474388  -0.04562125 -0.04381212 -0.04201127
 -0.04021858 -0.03843389 -0.03665707 -0.03488796 -0.03312642 -0.0313723
 -0.02962547 -0.02788577 -0.02615308 -0.02442725 -0.02270816 -0.02099566
 -0.01928965 -0.01759    -0.01589658 -0.01420929 -0.01252801 -0.01085264
 -0.00918308 -0.00751922 -0.00586097 -0.00420825 -0.00256095 -0.000919  ]"
