sigma0re,sigma0im,beta0re,beta0im,mu0re,mu0im,beta1re,beta1im,sigma1re,sigma1im,mu1re,mu1im,alpha0,alpha1,b_star,corresponding_negative_eigenvalues
0.2,0.3,1,1.1,1.0,2.100000000000005,1,1.1,0.2,0.3,-0.5,0.20000000000000195,0.1,0.1,"[0.01 0.02 0.03 0.04 0.05 0.06 0.07 0.08 0.09 0.1  0.11 0.12 0.13 0.14
 0.15 0.16 0.17 0.18 0.19 0.2  0.21 0.22 0.23 0.24 0.25 0.26 0.27 0.28
 0.29 0.3  0.31 0.32 0.33 0.34 0.35 0.36 0.37]","[-0.00020307 -0.00081184 -0.00182476 -0.00323857 -0.00504726 -0.00724023
 -0.00979965 -0.01269649 -0.01588528 -0.01929739 -0.02283437 -0.02636409
 -0.02972504 -0.03274363 -0.03526395 -0.03717867 -0.03844541 -0.03908171
 -0.03914546 -0.0387132  -0.03786394 -0.03667025 -0.03519463 -0.03348902
 -0.03159574 -0.02954899 -0.02737629 -0.02509981 -0.02273744 -0.02030367
 -0.01781033 -0.01526706 -0.01268183 -0.01006119 -0.00741062 -0.00473467
 -0.00203717]"
