sigma0re,sigma0im,beta0re,beta0im,mu0re,mu0im,beta1re,beta1im,sigma1re,sigma1im,mu1re,mu1im,alpha0,alpha1,b_star,corresponding_negative_eigenvalues
0.2,0.3,1,1.1,1.0,-2.5999999999999996,1,1.1,0.2,0.3,-0.5,-0.3999999999999986,0.1,0.1,"[0.32 0.33 0.34 0.35 0.36 0.37 0.38 0.39 0.4  0.41 0.42 0.43 0.44 0.45
 0.46 0.47 0.48 0.49 4.62 4.63 4.64 4.65 4.66 4.67 4.68 4.69 4.7  4.71
 4.72 4.73 4.74 4.75 4.76 4.77 4.78 4.79 4.8  4.81 4.82 4.83 4.84 4.85
 4.86 4.87 4.88 4.89 4.9  4.91 4.92 4.93 4.94 4.95 4.96 4.97 4.98 4.99
 5.  ]","[-5.33680883e-02 -5.01101181e-02 -4.68755922e-02 -4.36640919e-02
 -4.04751972e-02 -3.73084924e-02 -3.41635698e-02 -3.10400331e-02
 -2.79374987e-02 -2.48555976e-02 -2.17939753e-02 -1.87522927e-02
 -1.57302257e-02 -1.27274655e-02 -9.74371792e-03 -6.77870303e-03
 -3.83215476e-03 -9.03820296e-04 -1.65389540e-05 -3.82789985e-03
 -7.66347643e-03 -1.15233021e-02 -1.54074099e-02 -1.93158332e-02
 -2.32486048e-02 -2.72057577e-02 -3.11873246e-02 -3.51933382e-02
 -3.92238310e-02 -4.32788355e-02 -4.73583839e-02 -5.14625085e-02
 -5.55912412e-02 -5.97446142e-02 -6.39226592e-02 -6.81254080e-02
 -7.23528921e-02 -7.66051431e-02 -8.08821923e-02 -8.51840710e-02
 -8.95108103e-02 -9.38624412e-02 -9.82389946e-02 -1.02640501e-01
 -1.07066992e-01 -1.11518497e-01 -1.15995047e-01 -1.20496672e-01
 -1.25023403e-01 -1.29575269e-01 -1.34152300e-01 -1.38754527e-01
 -1.43381978e-01 -1.48034684e-01 -1.52712673e-01 -1.57415975e-01
 -1.62144620e-01]"
