sigma0re,sigma0im,beta0re,beta0im,mu0re,mu0im,beta1re,beta1im,sigma1re,sigma1im,mu1re,mu1im,alpha0,alpha1,b_star,corresponding_negative_eigenvalues
0.2,0.3,1,1.1,1.0,-1.799999999999999,1,1.1,0.2,0.3,-0.5,-0.3999999999999986,0.0,0.0,"[0.3  0.31 0.32 0.33 0.34 0.35 0.36 0.37 0.38 0.39 0.4  0.41 0.42 0.43
 0.44 0.45 0.46 0.47 0.48 0.49 0.5  0.51 0.52 0.53 0.54 0.55 0.56 0.57
 0.58 0.59 0.6  0.61 0.62 0.63 0.64 0.65 0.66 0.67]","[-0.01989888 -0.06575411 -0.08143811 -0.07899128 -0.07655888 -0.07414055
 -0.07173589 -0.0693445  -0.06696596 -0.06459984 -0.0622457  -0.05990314
 -0.05757171 -0.05525103 -0.05294068 -0.05064027 -0.04834943 -0.04606779
 -0.04379498 -0.04153068 -0.03927454 -0.03702625 -0.0347855  -0.03255198
 -0.03032542 -0.02810554 -0.02589207 -0.02368476 -0.02148336 -0.01928764
 -0.01709736 -0.01491231 -0.01273227 -0.01055705 -0.00838645 -0.00622028
 -0.00405836 -0.00190051]"
