sigma0re,sigma0im,beta0re,beta0im,mu0re,mu0im,beta1re,beta1im,sigma1re,sigma1im,mu1re,mu1im,alpha0,alpha1,b_star,corresponding_negative_eigenvalues
0.2,0.3,1,1.1,1.0,-1.0999999999999983,1,1.1,0.2,0.3,-0.5,-0.2999999999999985,0.0,0.0,"[0.2  0.21 0.22 0.23 0.24 0.25 0.26 0.27 0.28 0.29 0.3  0.31 0.32 0.33
 0.34 0.35 0.36 0.37 0.38 0.39 0.4  0.41 0.42 0.43 0.44 0.45 0.46 0.47
 0.48 0.49 0.5  0.51 0.52 0.53 0.54 0.55 0.56 0.57 0.58 0.59 0.6  0.61
 0.62 0.63 0.64 0.65 0.66 0.67 0.68 0.69 0.7  0.71 0.72 0.73 0.74 0.75
 0.76 0.77 0.78 0.79 0.8  0.81 0.82 0.83 0.84 0.85 0.86 0.87 0.88 0.89
 0.9  0.91]","[-0.00522445 -0.01406634 -0.02605311 -0.04563253 -0.06888203 -0.06991171
 -0.07060036 -0.0709993  -0.07115384 -0.07110274 -0.07087868 -0.07050891
 -0.07001608 -0.06941898 -0.06873324 -0.06797187 -0.06714574 -0.06626398
 -0.06533427 -0.06436311 -0.06335602 -0.0623177  -0.06125217 -0.06016289
 -0.05905284 -0.0579246  -0.05678041 -0.0556222  -0.05445169 -0.05327035
 -0.05207948 -0.05088024 -0.04967364 -0.04846056 -0.04724179 -0.04601803
 -0.04478991 -0.04355797 -0.04232271 -0.04108455 -0.03984389 -0.03860108
 -0.03735643 -0.03611021 -0.03486268 -0.03361405 -0.03236452 -0.03111427
 -0.02986347 -0.02861224 -0.02736073 -0.02610903 -0.02485726 -0.0236055
 -0.02235384 -0.02110234 -0.01985108 -0.01860009 -0.01734944 -0.01609917
 -0.01484932 -0.01359991 -0.01235098 -0.01110256 -0.00985466 -0.0086073
 -0.00736049 -0.00611426 -0.0048686  -0.00362353 -0.00237904 -0.00113515]"
