sigma0re,sigma0im,beta0re,beta0im,mu0re,mu0im,beta1re,beta1im,sigma1re,sigma1im,mu1re,mu1im,alpha0,alpha1,b_star,corresponding_negative_eigenvalues
0.2,0.3,1,1.1,1.0,-1.4999999999999987,1,1.1,0.2,0.3,-0.5,-0.1999999999999984,0.1,0.1,"[0.3  0.31 0.32 0.33 0.34 0.35 0.36 0.37 0.38 0.39 0.4  0.41 0.42 4.49
 4.5  4.51 4.52 4.53 4.54 4.55 4.56 4.57 4.58 4.59 4.6  4.61 4.62 4.63
 4.64 4.65 4.66 4.67 4.68 4.69 4.7  4.71 4.72 4.73 4.74 4.75 4.76 4.77
 4.78 4.79 4.8  4.81 4.82 4.83 4.84 4.85 4.86 4.87 4.88 4.89 4.9  4.91
 4.92 4.93 4.94 4.95 4.96 4.97 4.98 4.99 5.  ]","[-2.19487431e-02 -2.04296565e-02 -1.88278518e-02 -1.71547559e-02
 -1.54202487e-02 -1.36328698e-02 -1.18000044e-02 -9.92804658e-03
 -8.02254166e-03 -6.08830807e-03 -4.12954173e-03 -2.14990488e-03
 -1.52601589e-04 -2.09521224e-03 -5.15264204e-03 -8.23119132e-03
 -1.13309139e-02 -1.44518636e-02 -1.75940945e-02 -2.07576603e-02
 -2.39426151e-02 -2.71490129e-02 -3.03769077e-02 -3.36263536e-02
 -3.68974047e-02 -4.01901152e-02 -4.35045391e-02 -4.68407308e-02
 -5.01987444e-02 -5.35786343e-02 -5.69804547e-02 -6.04042599e-02
 -6.38501044e-02 -6.73180426e-02 -7.08081288e-02 -7.43204175e-02
 -7.78549633e-02 -8.14118206e-02 -8.49910440e-02 -8.85926881e-02
 -9.22168076e-02 -9.58634570e-02 -9.95326910e-02 -1.03224564e-01
 -1.06939132e-01 -1.10676448e-01 -1.14436568e-01 -1.18219546e-01
 -1.22025438e-01 -1.25854297e-01 -1.29706180e-01 -1.33581141e-01
 -1.37479234e-01 -1.41400516e-01 -1.45345040e-01 -1.49312863e-01
 -1.53304038e-01 -1.57318621e-01 -1.61356668e-01 -1.65418232e-01
 -1.69503370e-01 -1.73612137e-01 -1.77744587e-01 -1.81900776e-01
 -1.86080759e-01]"
