sigma0re,sigma0im,beta0re,beta0im,mu0re,mu0im,beta1re,beta1im,sigma1re,sigma1im,mu1re,mu1im,alpha0,alpha1,b_star,corresponding_negative_eigenvalues
0.2,0.3,1,1.1,1.0,-0.4999999999999978,1,1.1,0.2,0.3,-0.5,-0.9999999999999991,0.1,0.1,"[0.01 0.02 0.03 0.04 0.05 0.06 0.07 0.08 0.09 0.1  0.11 0.12 0.13 0.14
 0.15 0.16 0.17 0.18 0.19 0.2  0.21 0.22 0.23 0.24 0.25 0.26 0.27 0.28
 0.29 0.3  0.31 0.32 0.33 0.34 0.35 0.36 0.37 0.38 0.39 0.4  0.41]","[-0.00021803 -0.00087231 -0.0019633  -0.00349123 -0.00545535 -0.00785241
 -0.01067438 -0.01390475 -0.01751291 -0.02144587 -0.02561751 -0.02989698
 -0.03410258 -0.03801185 -0.04139729 -0.04408004 -0.04597221 -0.04708169
 -0.04748366 -0.04728347 -0.0465891  -0.04549712 -0.04408807 -0.04242677
 -0.04056452 -0.03854166 -0.03638993 -0.03413436 -0.0317948  -0.02938711
 -0.02692402 -0.02441583 -0.02187091 -0.01929614 -0.01669715 -0.01407865
 -0.01144452 -0.00879801 -0.00614187 -0.0034784  -0.00080955]"
