sigma0re,sigma0im,beta0re,beta0im,mu0re,mu0im,beta1re,beta1im,sigma1re,sigma1im,mu1re,mu1im,alpha0,alpha1,b_star,corresponding_negative_eigenvalues
0.2,0.3,1,1.1,1.0,1.5000000000000036,1,1.1,0.2,0.3,-0.5,1.9000000000000035,0.1,0.1,"[0.27 0.28 0.29 0.3  0.31 0.32 0.33 0.34 0.35 0.36 0.37 0.38 0.39 0.4
 0.41 0.42 0.43 0.44 0.45 0.46 0.47 0.48 0.49 0.5  0.51 0.52 0.53 0.54
 0.55 0.56 0.57 0.58 0.59 0.6  0.61 0.62 0.63 0.64 0.65 0.66 0.67 0.68
 0.69 0.7  0.71 0.72]","[-0.01316789 -0.06260382 -0.10914386 -0.10634751 -0.10357056 -0.1008124
 -0.09807245 -0.09535014 -0.0926449  -0.08995617 -0.08728341 -0.08462609
 -0.08198369 -0.07935574 -0.07674174 -0.07414123 -0.07155377 -0.06897894
 -0.06641632 -0.06386553 -0.06132618 -0.05879791 -0.05628038 -0.05377327
 -0.05127626 -0.04878906 -0.04631137 -0.04384293 -0.04138348 -0.03893277
 -0.03649058 -0.03405668 -0.03163087 -0.02921294 -0.02680271 -0.0244
 -0.02200464 -0.01961646 -0.01723532 -0.01486108 -0.0124936  -0.01013275
 -0.0077784  -0.00543046 -0.0030888  -0.00075332]"
