sigma0re,sigma0im,beta0re,beta0im,mu0re,mu0im,beta1re,beta1im,sigma1re,sigma1im,mu1re,mu1im,alpha0,alpha1,b_star,corresponding_negative_eigenvalues
0.2,0.3,1,1.1,1.0,0.7000000000000033,1,1.1,0.2,0.3,-0.5,1.0000000000000027,0.1,0.1,"[0.36 0.37 0.38 0.39 0.4  0.41 0.42 0.43 0.44 0.45 0.46 0.47 0.48 0.49
 0.5  0.51 0.52 0.53 0.54 0.55 0.56 0.57 0.58 0.59 0.6  0.61 0.62 0.63
 0.64 0.65]","[-0.02976475 -0.06005423 -0.05782773 -0.05561066 -0.05340316 -0.05120526
 -0.04901695 -0.04683817 -0.04466883 -0.0425088  -0.04035796 -0.03821613
 -0.03608315 -0.03395885 -0.03184305 -0.02973557 -0.02763622 -0.02554483
 -0.02346122 -0.0213852  -0.01931661 -0.01725528 -0.01520104 -0.01315374
 -0.01111322 -0.00907933 -0.00705192 -0.00503086 -0.00301602 -0.00100726]"
