sigma0re,sigma0im,beta0re,beta0im,mu0re,mu0im,beta1re,beta1im,sigma1re,sigma1im,mu1re,mu1im,alpha0,alpha1,b_star,corresponding_negative_eigenvalues
0.2,0.3,1,1.1,1.0,-2.2999999999999994,1,1.1,0.2,0.3,-0.5,-2.0,0.0,0.0,"[0.16 0.17 0.18 0.19 0.2  0.21 0.22 0.23 0.24 0.25 0.26 0.27 0.28 0.29
 0.3  0.31 0.32 0.33 0.34 0.35 0.36 0.37 0.38 0.39 0.4  0.41 0.42 0.43
 0.44 0.45 0.46 0.47 0.48 0.49 0.5  0.51 0.52 0.53 0.54 0.55 0.56 0.57
 0.58 0.59 0.6  0.61 0.62 0.63 0.64 0.65 0.66 0.67 0.68 0.69 0.7  0.71
 0.72 0.73 0.74 0.75 0.76 0.77 0.78 0.79 0.8  0.81 0.82 0.83 0.84 0.85
 0.86 0.87 0.88 0.89 0.9  0.91 0.92 0.93 0.94 0.95 0.96 0.97 0.98 0.99
 1.  ]","[-0.00492701 -0.02507958 -0.04963454 -0.08044801 -0.12195093 -0.15639145
 -0.15433393 -0.15227885 -0.15022628 -0.14817628 -0.14612891 -0.14408422
 -0.14204226 -0.14000307 -0.13796668 -0.13593314 -0.13390247 -0.1318747
 -0.12984985 -0.12782793 -0.12580896 -0.12379295 -0.12177991 -0.11976983
 -0.11776272 -0.11575857 -0.11375738 -0.11175913 -0.10976382 -0.10777143
 -0.10578194 -0.10379534 -0.1018116  -0.0998307  -0.09785261 -0.0958773
 -0.09390476 -0.09193494 -0.08996781 -0.08800336 -0.08604153 -0.0840823
 -0.08212562 -0.08017148 -0.07821981 -0.0762706  -0.0743238  -0.07237937
 -0.07043727 -0.06849747 -0.06655992 -0.06462459 -0.06269143 -0.06076041
 -0.05883148 -0.05690461 -0.05497975 -0.05305687 -0.05113593 -0.04921688
 -0.04729969 -0.04538433 -0.04347074 -0.0415589  -0.03964876 -0.0377403
 -0.03583346 -0.03392822 -0.03202454 -0.03012239 -0.02822172 -0.02632251
 -0.02442472 -0.02252831 -0.02063326 -0.01873953 -0.0168471  -0.01495591
 -0.01306596 -0.0111772  -0.00928961 -0.00740316 -0.00551782 -0.00363355
 -0.00175034]"
