sigma0re,sigma0im,beta0re,beta0im,mu0re,mu0im,beta1re,beta1im,sigma1re,sigma1im,mu1re,mu1im,alpha0,alpha1,b_star,corresponding_negative_eigenvalues
0.2,0.3,1,1.1,1.0,-0.09999999999999742,1,1.1,0.2,0.3,-0.5,-0.899999999999999,0.1,0.1,[0.01 0.02 0.03 0.04 0.05 0.06 0.07 0.08 0.09 0.1  0.11 0.12 0.13 0.14],"[-3.70826492e-05 -1.45996846e-04 -3.19754303e-04 -5.46763559e-04
 -8.10956206e-04 -1.09204496e-03 -1.36598309e-03 -1.60569276e-03
 -1.78210601e-03 -1.86551214e-03 -1.82713347e-03 -1.64077398e-03
 -1.28433053e-03 -7.40950056e-04]"
