sigma0re,sigma0im,beta0re,beta0im,mu0re,mu0im,beta1re,beta1im,sigma1re,sigma1im,mu1re,mu1im,alpha0,alpha1,b_star,corresponding_negative_eigenvalues
0.2,0.3,1,1.1,1.0,1.5000000000000036,1,1.1,0.2,0.3,-0.5,1.9000000000000035,0.0,0.0,"[0.24 0.25 0.26 0.27 0.28 0.29 0.3  0.31 0.32 0.33 0.34 0.35 0.36 0.37
 0.38 0.39 0.4  0.41 0.42 0.43 0.44 0.45 0.46 0.47 0.48 0.49 0.5  0.51
 0.52 0.53 0.54 0.55 0.56 0.57 0.58]","[-0.03604668 -0.1090123  -0.10558546 -0.10217498 -0.09878046 -0.09540147
 -0.09203758 -0.08868833 -0.08535327 -0.08203194 -0.07872388 -0.07542864
 -0.07214574 -0.06887475 -0.06561522 -0.06236672 -0.0591288  -0.05590107
 -0.0526831  -0.0494745  -0.04627489 -0.04308389 -0.03990114 -0.03672627
 -0.03355897 -0.03039888 -0.0272457  -0.02409913 -0.02095885 -0.0178246
 -0.01469609 -0.01157306 -0.00845526 -0.00534244 -0.00223438]"
