sigma0re,sigma0im,beta0re,beta0im,mu0re,mu0im,beta1re,beta1im,sigma1re,sigma1im,mu1re,mu1im,alpha0,alpha1,b_star,corresponding_negative_eigenvalues
0.2,0.3,1,1.1,1.0,1.0000000000000036,1,1.1,0.2,0.3,-0.5,1.9000000000000035,0.0,0.0,[0.27 0.28 0.29 0.3  0.31 0.32 0.33 0.34 0.35 0.36 0.37 0.38 0.39],"[-0.05445251 -0.0499373  -0.04544864 -0.04098454 -0.03654314 -0.03212273
 -0.02772173 -0.02333867 -0.0189722  -0.01462106 -0.01028409 -0.0059602
 -0.0016484 ]"
