sigma0re,sigma0im,beta0re,beta0im,mu0re,mu0im,beta1re,beta1im,sigma1re,sigma1im,mu1re,mu1im,alpha0,alpha1,b_star,corresponding_negative_eigenvalues
0.2,0.3,1,1.1,1.0,2.0000000000000044,1,1.1,0.2,0.3,-0.5,0.10000000000000187,0.1,0.1,"[0.01 0.02 0.03 0.04 0.05 0.06 0.07 0.08 0.09 0.1  0.11 0.12 0.13 0.14
 0.15 0.16 0.17 0.18 0.19 0.2  0.21 0.22 0.23 0.24]","[-0.00010336 -0.0004111  -0.00091608 -0.00160605 -0.00246312 -0.00346317
 -0.00457524 -0.00576117 -0.00697562 -0.00816702 -0.00927955 -0.01025629
 -0.0110434  -0.01159443 -0.01187414 -0.01186064 -0.01154567 -0.01093309
 -0.01003616 -0.00887454 -0.00747144 -0.00585135 -0.00403839 -0.00205532]"
