sigma0re,sigma0im,beta0re,beta0im,mu0re,mu0im,beta1re,beta1im,sigma1re,sigma1im,mu1re,mu1im,alpha0,alpha1,b_star,corresponding_negative_eigenvalues
0.2,0.3,1,1.1,1.0,-2.1999999999999993,1,1.1,0.2,0.3,-0.5,-2.0,0.1,0.1,"[0.18 0.19 0.2  0.21 0.22 0.23 0.24 0.25 0.26 0.27 0.28 0.29 0.3  0.31
 0.32 0.33 0.34 0.35 0.36 0.37 0.38 0.39 0.4  0.41 0.42 0.43 0.44 0.45
 0.46 0.47 0.48 0.49 0.5  0.51 0.52 0.53 0.54 0.55 0.56 0.57 0.58 0.59
 0.6  0.61 0.62 0.63 0.64 0.65 0.66 0.67 0.68 0.69 0.7  0.71 0.72 0.73
 0.74 0.75 0.76 0.77 0.78 0.79 0.8  0.81 0.82 0.83 0.84 0.85 0.86 0.87
 0.88 0.89 0.9  0.91 0.92 0.93 0.94 0.95 0.96 0.97 0.98 0.99 1.   1.01
 1.02 1.03 1.04 1.05 1.06 1.07 1.08 1.09 1.1  1.11 1.12 1.13 1.14 1.15
 1.16 1.17]","[-0.01500062 -0.03473801 -0.05852634 -0.08805244 -0.12721908 -0.15407871
 -0.15211043 -0.15014312 -0.14817663 -0.14621081 -0.14424551 -0.14228059
 -0.14031591 -0.13835136 -0.1363868  -0.13442214 -0.13245727 -0.13049212
 -0.12852661 -0.12656068 -0.12459429 -0.12262742 -0.12066008 -0.11869228
 -0.11672407 -0.11475552 -0.11278672 -0.1108178  -0.10884892 -0.10688028
 -0.10491208 -0.1029446  -0.10097813 -0.099013   -0.09704959 -0.09508831
 -0.09312962 -0.09117401 -0.089222   -0.08727418 -0.08533115 -0.08339356
 -0.08146209 -0.07953745 -0.07762038 -0.07571165 -0.07381207 -0.07192243
 -0.07004358 -0.06817635 -0.0663216  -0.06448017 -0.06265293 -0.06084071
 -0.05904437 -0.05726473 -0.05550259 -0.05375874 -0.05203393 -0.0503289
 -0.04864433 -0.04698088 -0.04533917 -0.04371976 -0.04212318 -0.04054989
 -0.03900032 -0.03747483 -0.03597373 -0.03449727 -0.03304563 -0.03161896
 -0.03021731 -0.0288407  -0.02748906 -0.02616228 -0.02486017 -0.02358248
 -0.02232892 -0.02109911 -0.01989264 -0.01870901 -0.01754769 -0.0164081
 -0.01528959 -0.01419148 -0.01311304 -0.01205351 -0.01101209 -0.00998794
 -0.00898021 -0.00798802 -0.00701049 -0.0060467  -0.00509575 -0.00415673
 -0.00322874 -0.00231087 -0.00140226 -0.00050204]"
