sigma0re,sigma0im,beta0re,beta0im,mu0re,mu0im,beta1re,beta1im,sigma1re,sigma1im,mu1re,mu1im,alpha0,alpha1,b_star,corresponding_negative_eigenvalues
0.2,0.3,1,1.1,1.0,-2.2999999999999994,1,1.1,0.2,0.3,-0.5,-0.5999999999999988,0.0,0.0,"[0.28 0.29 0.3  0.31 0.32 0.33 0.34 0.35 0.36 0.37 0.38 0.39 0.4  0.41
 0.42 0.43 0.44 0.45 0.46 0.47 0.48 0.49 0.5  0.51 0.52 0.53 0.54 0.55
 0.56 0.57 0.58 0.59 0.6  0.61 0.62 0.63 0.64 0.65 0.66 0.67 0.68 0.69
 0.7  0.71 0.72 0.73 0.74 0.75 0.76 0.77 0.78 0.79 0.8  0.81 0.82 0.83
 0.84 0.85]","[-0.01837402 -0.05147623 -0.11878109 -0.11635486 -0.11394533 -0.11155208
 -0.10917467 -0.10681266 -0.10446563 -0.10213315 -0.09981479 -0.09751013
 -0.09521877 -0.0929403  -0.09067433 -0.08842046 -0.08617832 -0.08394753
 -0.08172775 -0.07951861 -0.07731978 -0.07513093 -0.07295173 -0.07078187
 -0.06862104 -0.06646896 -0.06432534 -0.0621899  -0.06006237 -0.0579425
 -0.05583003 -0.05372472 -0.05162633 -0.04953464 -0.04744943 -0.04537048
 -0.04329758 -0.04123054 -0.03916916 -0.03711325 -0.03506264 -0.03301715
 -0.0309766  -0.02894084 -0.02690971 -0.02488304 -0.0228607  -0.02084254
 -0.01882842 -0.01681821 -0.01481177 -0.01280897 -0.01080971 -0.00881385
 -0.00682128 -0.0048319  -0.00284559 -0.00086225]"
