sigma0re,sigma0im,beta0re,beta0im,mu0re,mu0im,beta1re,beta1im,sigma1re,sigma1im,mu1re,mu1im,alpha0,alpha1,b_star,corresponding_negative_eigenvalues
0.2,0.3,1,1.1,1.0,-0.3999999999999977,1,1.1,0.2,0.3,-0.5,-1.6999999999999997,0.1,0.1,"[0.01 0.02 0.03 0.04 0.05 0.06 0.07 0.08 0.09 0.1  0.11 0.12 0.13 0.14
 0.15 0.16 0.17 0.18 0.19 0.2  0.21 0.22 0.23 0.24]","[-0.00029513 -0.00117882 -0.00264509 -0.00468088 -0.00726068 -0.01033722
 -0.01382708 -0.01759063 -0.02141127 -0.02498932 -0.02797738 -0.03006809
 -0.03109035 -0.03104096 -0.03003787 -0.02824803 -0.02583616 -0.02294227
 -0.0196772  -0.01612592 -0.01235277 -0.00840639 -0.00432366 -0.0001328 ]"
