sigma0re,sigma0im,beta0re,beta0im,mu0re,mu0im,beta1re,beta1im,sigma1re,sigma1im,mu1re,mu1im,alpha0,alpha1,b_star,corresponding_negative_eigenvalues
0.2,0.3,1,1.1,1.0,1.5000000000000036,1,1.1,0.2,0.3,-0.5,1.500000000000003,0.1,0.1,"[0.29 0.3  0.31 0.32 0.33 0.34 0.35 0.36 0.37 0.38 0.39 0.4  0.41 0.42
 0.43 0.44 0.45 0.46 0.47 0.48 0.49 0.5  0.51 0.52 0.53 0.54 0.55 0.56
 0.57 0.58 0.59 0.6  0.61 0.62 0.63 0.64 0.65 0.66 0.67 0.68 0.69 0.7
 0.71 0.72 0.73 0.74 0.75 0.76 0.77 0.78 0.79 0.8  0.81 0.82 0.83 0.84
 0.85 0.86 0.87 0.88 0.89 0.9  0.91 0.92 0.93 0.94 0.95 0.96 0.97 0.98
 0.99 1.   1.01 1.02 1.03 1.04 1.05 1.06 1.07 1.08 1.09]","[-0.02117487 -0.056064   -0.12817129 -0.12614015 -0.12412578 -0.12212784
 -0.12014598 -0.11817983 -0.11622903 -0.11429323 -0.11237207 -0.11046519
 -0.10857224 -0.10669287 -0.10482675 -0.10297354 -0.10113291 -0.09930454
 -0.09748812 -0.09568335 -0.09388993 -0.09210756 -0.09033598 -0.08857492
 -0.0868241  -0.08508327 -0.0833522  -0.08163064 -0.07991836 -0.07821515
 -0.07652079 -0.07483507 -0.0731578  -0.07148879 -0.06982786 -0.06817483
 -0.06652952 -0.06489179 -0.06326146 -0.0616384  -0.06002246 -0.0584135
 -0.05681139 -0.055216   -0.05362722 -0.05204492 -0.05046899 -0.04889933
 -0.04733583 -0.0457784  -0.04422695 -0.04268138 -0.04114161 -0.03960756
 -0.03807914 -0.03655629 -0.03503894 -0.033527   -0.03202043 -0.03051916
 -0.02902313 -0.02753227 -0.02604655 -0.02456591 -0.02309029 -0.02161965
 -0.02015395 -0.01869315 -0.0172372  -0.01578607 -0.01433972 -0.01289811
 -0.01146121 -0.010029   -0.00860144 -0.0071785  -0.00576015 -0.00434638
 -0.00293716 -0.00153246 -0.00013226]"
