sigma0re,sigma0im,beta0re,beta0im,mu0re,mu0im,beta1re,beta1im,sigma1re,sigma1im,mu1re,mu1im,alpha0,alpha1,b_star,corresponding_negative_eigenvalues
0.2,0.3,1,1.1,1.0,-1.799999999999999,1,1.1,0.2,0.3,-0.5,-1.5999999999999996,0.0,0.0,"[0.18 0.19 0.2  0.21 0.22 0.23 0.24 0.25 0.26 0.27 0.28 0.29 0.3  0.31
 0.32 0.33 0.34 0.35 0.36 0.37 0.38 0.39 0.4  0.41 0.42 0.43 0.44 0.45
 0.46 0.47 0.48 0.49 0.5  0.51 0.52 0.53 0.54 0.55 0.56 0.57 0.58 0.59
 0.6  0.61 0.62 0.63 0.64 0.65 0.66 0.67 0.68 0.69 0.7  0.71 0.72 0.73
 0.74 0.75 0.76 0.77 0.78 0.79 0.8  0.81 0.82 0.83 0.84 0.85 0.86 0.87
 0.88 0.89 0.9  0.91 0.92 0.93 0.94 0.95 0.96]","[-0.00987204 -0.02478642 -0.04213713 -0.06252386 -0.08696624 -0.11747538
 -0.14667773 -0.14450531 -0.1423381  -0.14017616 -0.13801956 -0.13586833
 -0.13372252 -0.13158216 -0.12944725 -0.12731782 -0.12519387 -0.12307538
 -0.12096234 -0.11885474 -0.11675255 -0.11465573 -0.11256425 -0.11047807
 -0.10839713 -0.10632139 -0.10425079 -0.10218527 -0.10012477 -0.09806922
 -0.09601856 -0.09397271 -0.0919316  -0.08989517 -0.08786332 -0.08583599
 -0.0838131  -0.08179457 -0.07978032 -0.07777027 -0.07576434 -0.07376245
 -0.07176452 -0.06977047 -0.06778023 -0.0657937  -0.06381081 -0.06183149
 -0.05985565 -0.05788323 -0.05591413 -0.05394829 -0.05198563 -0.05002607
 -0.04806955 -0.046116   -0.04416533 -0.04221749 -0.0402724  -0.03832999
 -0.03639021 -0.03445297 -0.03251823 -0.03058591 -0.02865596 -0.02672831
 -0.02480291 -0.02287969 -0.0209586  -0.01903958 -0.01712257 -0.01520754
 -0.01329441 -0.01138314 -0.00947368 -0.00756598 -0.00565999 -0.00375566
 -0.00185295]"
