sigma0re,sigma0im,beta0re,beta0im,mu0re,mu0im,beta1re,beta1im,sigma1re,sigma1im,mu1re,mu1im,alpha0,alpha1,b_star,corresponding_negative_eigenvalues
0.2,0.3,1,1.1,1.0,-2.1999999999999993,1,1.1,0.2,0.3,-0.5,-2.0,0.0,0.0,"[0.16 0.17 0.18 0.19 0.2  0.21 0.22 0.23 0.24 0.25 0.26 0.27 0.28 0.29
 0.3  0.31 0.32 0.33 0.34 0.35 0.36 0.37 0.38 0.39 0.4  0.41 0.42 0.43
 0.44 0.45 0.46 0.47 0.48 0.49 0.5  0.51 0.52 0.53 0.54 0.55 0.56 0.57
 0.58 0.59 0.6  0.61 0.62 0.63 0.64 0.65 0.66 0.67 0.68 0.69 0.7  0.71
 0.72 0.73 0.74 0.75 0.76 0.77 0.78 0.79 0.8  0.81 0.82 0.83 0.84 0.85
 0.86 0.87 0.88 0.89 0.9  0.91 0.92 0.93]","[-0.00473439 -0.02380929 -0.04682983 -0.0752568  -0.11225034 -0.15268664
 -0.15045919 -0.14823495 -0.14601401 -0.14379644 -0.1415823  -0.13937164
 -0.13716451 -0.13496096 -0.13276102 -0.13056473 -0.12837209 -0.12618315
 -0.12399789 -0.12181634 -0.1196385  -0.11746436 -0.11529391 -0.11312715
 -0.11096405 -0.10880461 -0.10664879 -0.10449657 -0.10234792 -0.10020281
 -0.0980612  -0.09592305 -0.09378833 -0.091657   -0.089529   -0.0874043
 -0.08528285 -0.08316459 -0.08104948 -0.07893748 -0.07682852 -0.07472256
 -0.07261954 -0.07051941 -0.06842212 -0.06632761 -0.06423582 -0.06214672
 -0.06006023 -0.05797631 -0.0558949  -0.05381595 -0.0517394  -0.04966521
 -0.04759331 -0.04552367 -0.04345621 -0.04139091 -0.03932769 -0.03726652
 -0.03520734 -0.03315011 -0.03109478 -0.0290413  -0.02698962 -0.02493969
 -0.02289148 -0.02084494 -0.01880002 -0.01675668 -0.01471489 -0.01267459
 -0.01063575 -0.00859832 -0.00656228 -0.00452758 -0.00249418 -0.00046204]"
