sigma0re,sigma0im,beta0re,beta0im,mu0re,mu0im,beta1re,beta1im,sigma1re,sigma1im,mu1re,mu1im,alpha0,alpha1,b_star,corresponding_negative_eigenvalues
0.2,0.3,1,1.1,1.0,-0.2999999999999976,1,1.1,0.2,0.3,-0.5,-1.7999999999999998,0.1,0.1,"[0.01 0.02 0.03 0.04 0.05 0.06 0.07 0.08 0.09 0.1  0.11 0.12 0.13 0.14
 0.15 0.16 0.17 0.18 0.19]","[-0.00023217 -0.00092329 -0.00205613 -0.00359854 -0.00549812 -0.00767472
 -0.01001192 -0.01235088 -0.01449312 -0.01622014 -0.01733161 -0.01768877
 -0.01723956 -0.01601267 -0.01408971 -0.01157437 -0.00857038 -0.0051702
 -0.00145127]"
