sigma0re,sigma0im,beta0re,beta0im,mu0re,mu0im,beta1re,beta1im,sigma1re,sigma1im,mu1re,mu1im,alpha0,alpha1,b_star,corresponding_negative_eigenvalues
0.2,0.3,1,1.1,1.0,-1.5999999999999988,1,1.1,0.2,0.3,-0.5,-1.5999999999999996,0.1,0.1,"[0.18 0.19 0.2  0.21 0.22 0.23 0.24 0.25 0.26 0.27 0.28 0.29 0.3  0.31
 0.32 0.33 0.34 0.35 0.36 0.37 0.38 0.39 0.4  0.41 0.42 0.43 0.44 0.45
 0.46 0.47 0.48 0.49 0.5  0.51 0.52 0.53 0.54 0.55 0.56 0.57 0.58 0.59
 0.6  0.61 0.62 0.63 0.64 0.65 0.66 0.67 0.68 0.69 0.7  0.71 0.72 0.73
 0.74 0.75 0.76 0.77 0.78 0.79 0.8  0.81 0.82 0.83 0.84 0.85 0.86 0.87
 0.88 0.89 0.9  0.91]","[-0.00026208 -0.01088455 -0.02298347 -0.03675786 -0.05248829 -0.07058873
 -0.09171229 -0.11700178 -0.13669991 -0.13432517 -0.13195517 -0.12959001
 -0.12722981 -0.12487467 -0.12252473 -0.12018012 -0.11784099 -0.11550751
 -0.11317985 -0.11085818 -0.10854269 -0.10623358 -0.10393106 -0.10163535
 -0.09934668 -0.09706527 -0.09479136 -0.09252522 -0.09026708 -0.08801722
 -0.08577589 -0.08354338 -0.08131996 -0.07910591 -0.0769015  -0.07470704
 -0.07252281 -0.0703491  -0.06818619 -0.06603439 -0.06389398 -0.06176525
 -0.05964849 -0.05754398 -0.05545202 -0.05337287 -0.05130682 -0.04925413
 -0.04721507 -0.0451899  -0.04317888 -0.04118226 -0.03920027 -0.03723315
 -0.03528112 -0.03334441 -0.03142321 -0.02951774 -0.02762818 -0.02575471
 -0.0238975  -0.02205672 -0.0202325  -0.01842499 -0.01663431 -0.01486058
 -0.0131039  -0.01136435 -0.00964203 -0.00793699 -0.00624927 -0.00457893
 -0.00292599 -0.00129045]"
