sigma0re,sigma0im,beta0re,beta0im,mu0re,mu0im,beta1re,beta1im,sigma1re,sigma1im,mu1re,mu1im,alpha0,alpha1,b_star,corresponding_negative_eigenvalues
0.2,0.3,1,1.1,1.0,0.9000000000000035,1,1.1,0.2,0.3,-0.5,0.10000000000000187,0.0,0.0,"[0.01 0.02 0.03 0.04 0.05 0.06 0.07 0.08 0.09 0.1  0.11 0.12 0.13 0.14
 0.15 0.16 0.17 0.18 0.19 0.2  0.21 0.22 0.23 0.24 0.25 0.26 0.27 0.28
 0.29 0.3  0.31 0.32 0.33 0.34]","[-4.96402732e-05 -1.97544930e-04 -4.40669992e-04 -7.73959251e-04
 -1.19037689e-03 -1.68096660e-03 -2.23494931e-03 -2.83987269e-03
 -3.48182483e-03 -4.14572086e-03 -4.81566477e-03 -5.47537946e-03
 -6.10868722e-03 -6.70001227e-03 -7.23486937e-03 -7.70029926e-03
 -8.08521579e-03 -8.38063860e-03 -8.57979937e-03 -8.67812450e-03
 -8.67311027e-03 -8.56411556e-03 -8.35210127e-03 -8.03934459e-03
 -7.62915233e-03 -7.12559158e-03 -6.53324934e-03 -5.85702739e-03
 -5.10197405e-03 -4.27315128e-03 -3.37553358e-03 -2.41393449e-03
 -1.39295578e-03 -3.16955050e-04]"
