sigma0re,sigma0im,beta0re,beta0im,mu0re,mu0im,beta1re,beta1im,sigma1re,sigma1im,mu1re,mu1im,alpha0,alpha1,b_star,corresponding_negative_eigenvalues
0.2,0.3,1,1.1,1.0,1.0000000000000036,1,1.1,0.2,0.3,-0.5,1.400000000000003,0.1,0.1,"[0.33 0.34 0.35 0.36 0.37 0.38 0.39 0.4  0.41 0.42 0.43 0.44 0.45 0.46
 0.47 0.48 0.49 0.5  0.51 0.52 0.53 0.54 0.55 0.56 0.57 0.58 0.59 0.6
 0.61 0.62 0.63 0.64]","[-0.01570518 -0.0786426  -0.07587256 -0.07312505 -0.07039899 -0.06769336
 -0.0650072  -0.0623396  -0.05968973 -0.05705679 -0.05444003 -0.05183875
 -0.04925229 -0.04668003 -0.04412137 -0.04157578 -0.03904273 -0.03652173
 -0.03401233 -0.03151408 -0.02902658 -0.02654945 -0.02408232 -0.02162484
 -0.0191767  -0.0167376  -0.01430724 -0.01188535 -0.00947169 -0.007066
 -0.00466807 -0.00227768]"
