sigma0re,sigma0im,beta0re,beta0im,mu0re,mu0im,beta1re,beta1im,sigma1re,sigma1im,mu1re,mu1im,alpha0,alpha1,b_star,corresponding_negative_eigenvalues
0.2,0.3,1,1.1,1.0,2.5000000000000053,1,1.1,0.2,0.3,-0.5,1.9000000000000035,0.0,0.0,"[0.19 0.2  0.21 0.22 0.23 0.24 0.25 0.26 0.27 0.28 0.29 0.3  0.31 0.32
 0.33 0.34 0.35 0.36 0.37 0.38 0.39 0.4  0.41 0.42 0.43 0.44 0.45 0.46
 0.47 0.48 0.49 0.5  0.51 0.52 0.53 0.54 0.55 0.56 0.57 0.58 0.59 0.6
 0.61 0.62 0.63 0.64 0.65 0.66 0.67 0.68 0.69 0.7  0.71 0.72 0.73 0.74
 0.75 0.76 0.77 0.78 0.79 0.8  0.81 0.82 0.83 0.84 0.85 0.86 0.87 0.88
 0.89 0.9  0.91 0.92 0.93 0.94 0.95 0.96 0.97 0.98 0.99 1.   1.01 1.02
 1.03 1.04 1.05 1.06 1.07 1.08 1.09 1.1  1.11 1.12 1.13 1.14 1.15 1.16
 1.17 1.18 1.19 1.2  1.21 1.22 1.23 1.24 1.25 1.26 1.27 1.28 1.29 1.3
 1.31 1.32 1.33 1.34]","[-0.0166156  -0.0580633  -0.16722928 -0.1656766  -0.16412495 -0.16257438
 -0.16102492 -0.15947661 -0.15792948 -0.15638356 -0.15483887 -0.15329546
 -0.15175334 -0.15021254 -0.14867308 -0.147135   -0.1455983  -0.14406301
 -0.14252915 -0.14099673 -0.13946578 -0.13793631 -0.13640832 -0.13488184
 -0.13335688 -0.13183343 -0.13031152 -0.12879115 -0.12727233 -0.12575506
 -0.12423935 -0.12272519 -0.1212126  -0.11970157 -0.11819211 -0.1166842
 -0.11517786 -0.11367307 -0.11216984 -0.11066816 -0.10916803 -0.10766943
 -0.10617237 -0.10467684 -0.10318283 -0.10169032 -0.10019932 -0.09870981
 -0.09722179 -0.09573523 -0.09425014 -0.0927665  -0.09128429 -0.08980351
 -0.08832414 -0.08684618 -0.0853696  -0.08389439 -0.08242054 -0.08094804
 -0.07947687 -0.07800702 -0.07653847 -0.07507121 -0.07360522 -0.07214048
 -0.07067699 -0.06921472 -0.06775367 -0.06629381 -0.06483513 -0.06337762
 -0.06192125 -0.06046602 -0.0590119  -0.05755889 -0.05610696 -0.0546561
 -0.0532063  -0.05175753 -0.05030979 -0.04886306 -0.04741732 -0.04597256
 -0.04452876 -0.0430859  -0.04164398 -0.04020298 -0.03876287 -0.03732366
 -0.03588532 -0.03444783 -0.03301119 -0.03157538 -0.03014039 -0.02870619
 -0.02727279 -0.02584016 -0.02440828 -0.02297716 -0.02154677 -0.0201171
 -0.01868814 -0.01725987 -0.01583229 -0.01440537 -0.01297911 -0.0115535
 -0.01012852 -0.00870417 -0.00728042 -0.00585727 -0.0044347  -0.00301272
 -0.00159129 -0.00017042]"
