sigma0re,sigma0im,beta0re,beta0im,mu0re,mu0im,beta1re,beta1im,sigma1re,sigma1im,mu1re,mu1im,alpha0,alpha1,b_star,corresponding_negative_eigenvalues
0.2,0.3,1,1.1,1.0,-1.1999999999999984,1,1.1,0.2,0.3,-0.5,-1.7999999999999998,0.1,0.1,"[0.14 0.15 0.16 0.17 0.18 0.19 0.2  0.21 0.22 0.23 0.24 0.25 0.26 0.27
 0.28 0.29 0.3  0.31 0.32 0.33 0.34 0.35 0.36 0.37 0.38 0.39 0.4  0.41
 0.42 0.43 0.44 0.45 0.46 0.47 0.48 0.49 0.5  0.51 0.52 0.53 0.54]","[-0.00452249 -0.01169286 -0.01977423 -0.02881498 -0.03887993 -0.05005487
 -0.06245359 -0.07622892 -0.09159097 -0.10629967 -0.10258586 -0.09890153
 -0.09524607 -0.09161886 -0.08801928 -0.08444671 -0.08090052 -0.0773801
 -0.07388485 -0.07041418 -0.0669675  -0.06354426 -0.0601439  -0.0567659
 -0.05340975 -0.05007495 -0.04676101 -0.04346749 -0.04019393 -0.03693991
 -0.03370501 -0.03048884 -0.02729102 -0.02411118 -0.02094896 -0.01780403
 -0.01467606 -0.01156474 -0.00846975 -0.00539082 -0.00232765]"
