sigma0re,sigma0im,beta0re,beta0im,mu0re,mu0im,beta1re,beta1im,sigma1re,sigma1im,mu1re,mu1im,alpha0,alpha1,b_star,corresponding_negative_eigenvalues
0.2,0.3,1,1.1,1.0,-1.0999999999999983,1,1.1,0.2,0.3,-0.5,-1.7999999999999998,0.1,0.1,"[0.12 0.13 0.14 0.15 0.16 0.17 0.18 0.19 0.2  0.21 0.22 0.23 0.24 0.25
 0.26 0.27 0.28 0.29 0.3  0.31 0.32 0.33 0.34 0.35 0.36 0.37 0.38 0.39
 0.4  0.41 0.42 0.43 0.44 0.45 0.46 0.47 0.48 0.49 0.5 ]","[-0.0034438  -0.00919023 -0.01570338 -0.02300573 -0.03113011 -0.04012123
 -0.0500381  -0.06095772 -0.07298066 -0.08623986 -0.1009147  -0.09720019
 -0.09325903 -0.08935444 -0.0854851  -0.08164975 -0.07784717 -0.07407619
 -0.07033568 -0.06662458 -0.06294187 -0.05928659 -0.0556578  -0.05205463
 -0.04847626 -0.04492189 -0.04139077 -0.03788219 -0.03439547 -0.03092997
 -0.02748508 -0.02406022 -0.02065484 -0.01726842 -0.01390045 -0.01055046
 -0.00721799 -0.00390263 -0.00060395]"
