sigma0re,sigma0im,beta0re,beta0im,mu0re,mu0im,beta1re,beta1im,sigma1re,sigma1im,mu1re,mu1im,alpha0,alpha1,b_star,corresponding_negative_eigenvalues
0.2,0.3,1,1.1,1.0,2.5000000000000053,1,1.1,0.2,0.3,-0.5,0.7000000000000024,0.0,0.0,"[0.18 0.19 0.2  0.21 0.22 0.23 0.24 0.25 0.26 0.27 0.28 0.29 0.3  0.31
 0.32 0.33 0.34 0.35 0.36 0.37 0.38 0.39 0.4  0.41 0.42 0.43 0.44 0.45
 0.46 0.47 0.48 0.49 0.5  0.51 0.52 0.53 0.54 0.55 0.56 0.57 0.58 0.59
 0.6  0.61 0.62 0.63 0.64 0.65 0.66 0.67 0.68 0.69 0.7  0.71 0.72 0.73
 0.74 0.75 0.76 0.77 0.78 0.79 0.8  0.81 0.82 0.83 0.84 0.85 0.86 0.87
 0.88 0.89 0.9  0.91 0.92 0.93 0.94 0.95 0.96]","[-0.00529189 -0.0146817  -0.02526929 -0.03719388 -0.05064675 -0.06589945
 -0.08335643 -0.1036647  -0.12798096 -0.13654124 -0.13431662 -0.13210246
 -0.1298987  -0.12770528 -0.12552212 -0.12334913 -0.12118619 -0.11903318
 -0.11688998 -0.11475645 -0.11263244 -0.1105178  -0.10841238 -0.10631601
 -0.10422852 -0.10214975 -0.10007953 -0.09801768 -0.09596403 -0.0939184
 -0.09188063 -0.08985053 -0.08782794 -0.08581268 -0.08380458 -0.08180348
 -0.0798092  -0.07782157 -0.07584045 -0.07386565 -0.07189704 -0.06993444
 -0.06797772 -0.06602671 -0.06408127 -0.06214126 -0.06020653 -0.05827694
 -0.05635236 -0.05443266 -0.0525177  -0.05060736 -0.04870151 -0.04680003
 -0.04490281 -0.04300972 -0.04112065 -0.0392355  -0.03735415 -0.0354765
 -0.03360244 -0.03173188 -0.02986471 -0.02800085 -0.0261402  -0.02428267
 -0.02242816 -0.02057661 -0.01872791 -0.01688199 -0.01503877 -0.01319817
 -0.01136011 -0.00952453 -0.00769135 -0.0058605  -0.00403191 -0.00220552
 -0.00038126]"
