sigma0re,sigma0im,beta0re,beta0im,mu0re,mu0im,beta1re,beta1im,sigma1re,sigma1im,mu1re,mu1im,alpha0,alpha1,b_star,corresponding_negative_eigenvalues
0.2,0.3,1,1.1,1.0,-1.9999999999999991,1,1.1,0.2,0.3,-0.5,-1.9,0.1,0.1,"[0.18 0.19 0.2  0.21 0.22 0.23 0.24 0.25 0.26 0.27 0.28 0.29 0.3  0.31
 0.32 0.33 0.34 0.35 0.36 0.37 0.38 0.39 0.4  0.41 0.42 0.43 0.44 0.45
 0.46 0.47 0.48 0.49 0.5  0.51 0.52 0.53 0.54 0.55 0.56 0.57 0.58 0.59
 0.6  0.61 0.62 0.63 0.64 0.65 0.66 0.67 0.68 0.69 0.7  0.71 0.72 0.73
 0.74 0.75 0.76 0.77 0.78 0.79 0.8  0.81 0.82 0.83 0.84 0.85 0.86 0.87
 0.88 0.89 0.9  0.91 0.92 0.93 0.94 0.95 0.96 0.97 0.98 0.99 1.   1.01
 1.02 1.03]","[-7.87860954e-03 -2.40765296e-02 -4.31188997e-02 -6.57961737e-02
 -9.35266421e-02 -1.29404945e-01 -1.47875896e-01 -1.45736584e-01
 -1.43598845e-01 -1.41462599e-01 -1.39327777e-01 -1.37194319e-01
 -1.35062176e-01 -1.32931310e-01 -1.30801697e-01 -1.28673327e-01
 -1.26546203e-01 -1.24420343e-01 -1.22295785e-01 -1.20172579e-01
 -1.18050798e-01 -1.15930533e-01 -1.13811893e-01 -1.11695012e-01
 -1.09580041e-01 -1.07467158e-01 -1.05356561e-01 -1.03248474e-01
 -1.01143144e-01 -9.90408425e-02 -9.69418656e-02 -9.48465348e-02
 -9.27551959e-02 -9.06682192e-02 -8.85859988e-02 -8.65089526e-02
 -8.44375206e-02 -8.23721649e-02 -8.03133678e-02 -7.82616313e-02
 -7.62174747e-02 -7.41814339e-02 -7.21540592e-02 -7.01359132e-02
 -6.81275694e-02 -6.61296097e-02 -6.41426223e-02 -6.21671992e-02
 -6.02039346e-02 -5.82534218e-02 -5.63162513e-02 -5.43930081e-02
 -5.24842699e-02 -5.05906043e-02 -4.87125668e-02 -4.68506985e-02
 -4.50055239e-02 -4.31775491e-02 -4.13672595e-02 -3.95751183e-02
 -3.78015641e-02 -3.60470100e-02 -3.43118412e-02 -3.25964142e-02
 -3.09010549e-02 -2.92260577e-02 -2.75716839e-02 -2.59381611e-02
 -2.43256819e-02 -2.27344032e-02 -2.11644455e-02 -1.96158921e-02
 -1.80887886e-02 -1.65831430e-02 -1.50989246e-02 -1.36360645e-02
 -1.21944555e-02 -1.07739520e-02 -9.37437043e-03 -7.99548963e-03
 -6.63705148e-03 -5.29876161e-03 -3.98029024e-03 -2.68127329e-03
 -1.40131362e-03 -1.39982365e-04]"
