sigma0re,sigma0im,beta0re,beta0im,mu0re,mu0im,beta1re,beta1im,sigma1re,sigma1im,mu1re,mu1im,alpha0,alpha1,b_star,corresponding_negative_eigenvalues
0.2,0.3,1,1.1,1.0,-2.8,1,1.1,0.2,0.3,-0.5,-0.49999999999999867,0.1,0.1,"[0.3  0.31 0.32 0.33 0.34 0.35 0.36 0.37 0.38 0.39 0.4  0.41 0.42 0.43
 0.44 0.45 0.46 0.47 0.48 0.49 0.5  0.51 0.52 0.53 0.54 0.55 0.56 0.57
 4.35 4.36 4.37 4.38 4.39 4.4  4.41 4.42 4.43 4.44 4.45 4.46 4.47 4.48
 4.49 4.5  4.51 4.52 4.53 4.54 4.55 4.56 4.57 4.58 4.59 4.6  4.61 4.62
 4.63 4.64 4.65 4.66 4.67 4.68 4.69 4.7  4.71 4.72 4.73 4.74 4.75 4.76
 4.77 4.78 4.79 4.8  4.81 4.82 4.83 4.84 4.85 4.86 4.87 4.88 4.89 4.9
 4.91 4.92 4.93 4.94 4.95 4.96 4.97 4.98 4.99 5.  ]","[-0.01455859 -0.07830663 -0.07505804 -0.07183896 -0.06864859 -0.06548616
 -0.06235097 -0.05924236 -0.05615972 -0.05310246 -0.05007005 -0.04706198
 -0.04407778 -0.04111702 -0.03817927 -0.03526416 -0.03237133 -0.02950043
 -0.02665115 -0.0238232  -0.0210163  -0.01823018 -0.01546462 -0.01271937
 -0.00999422 -0.00728898 -0.00460345 -0.00193746 -0.00215564 -0.00540145
 -0.00866948 -0.01195977 -0.01527235 -0.01860725 -0.0219645  -0.02534414
 -0.0287462  -0.03217071 -0.0356177  -0.0390872  -0.04257926 -0.04609388
 -0.04963112 -0.053191   -0.05677355 -0.0603788  -0.06400678 -0.06765753
 -0.07133108 -0.07502745 -0.07874668 -0.0824888  -0.08625383 -0.09004182
 -0.09385278 -0.09768676 -0.10154377 -0.10542386 -0.10932704 -0.11325335
 -0.11720283 -0.12117549 -0.12517137 -0.1291905  -0.13323291 -0.13729863
 -0.14138768 -0.1455001  -0.14963591 -0.15379514 -0.15797783 -0.162184
 -0.16641368 -0.17066689 -0.17494367 -0.17924405 -0.18356805 -0.1879157
 -0.19228703 -0.19668206 -0.20110084 -0.20554337 -0.21000969 -0.21449984
 -0.21901382 -0.22355168 -0.22811344 -0.23269912 -0.23730876 -0.24194238
 -0.24660001 -0.25128167 -0.25598739 -0.2607172 ]"
