sigma0re,sigma0im,beta0re,beta0im,mu0re,mu0im,beta1re,beta1im,sigma1re,sigma1im,mu1re,mu1im,alpha0,alpha1,b_star,corresponding_negative_eigenvalues
0.2,0.3,1,1.1,1.0,-0.2999999999999976,1,1.1,0.2,0.3,-0.5,-1.5999999999999996,0.1,0.1,"[0.01 0.02 0.03 0.04 0.05 0.06 0.07 0.08 0.09 0.1  0.11 0.12 0.13 0.14
 0.15 0.16 0.17 0.18 0.19 0.2 ]","[-0.0002065  -0.00082159 -0.0018313  -0.00321002 -0.00491682 -0.00689042
 -0.00904322 -0.01125636 -0.0133792  -0.01523831 -0.01665916 -0.01749671
 -0.01766244 -0.0171342  -0.01594624 -0.01416801 -0.01188316 -0.00917488
 -0.00611808 -0.0027766 ]"
