sigma0re,sigma0im,beta0re,beta0im,mu0re,mu0im,beta1re,beta1im,sigma1re,sigma1im,mu1re,mu1im,alpha0,alpha1,b_star,corresponding_negative_eigenvalues
0.2,0.3,1,1.1,1.0,2.600000000000005,1,1.1,0.2,0.3,-0.5,0.8000000000000025,0.0,0.0,"[0.19 0.2  0.21 0.22 0.23 0.24 0.25 0.26 0.27 0.28 0.29 0.3  0.31 0.32
 0.33 0.34 0.35 0.36 0.37 0.38 0.39 0.4  0.41 0.42 0.43 0.44 0.45 0.46
 0.47 0.48 0.49 0.5  0.51 0.52 0.53 0.54 0.55 0.56 0.57 0.58 0.59 0.6
 0.61 0.62 0.63 0.64 0.65 0.66 0.67 0.68 0.69 0.7  0.71 0.72 0.73 0.74
 0.75 0.76 0.77 0.78 0.79 0.8  0.81 0.82 0.83 0.84 0.85 0.86 0.87 0.88
 0.89 0.9  0.91 0.92 0.93 0.94 0.95 0.96 0.97 0.98 0.99 1.   1.01 1.02
 1.03 1.04 1.05 1.06 1.07 1.08 1.09 1.1  1.11 1.12 1.13 1.14 1.15]","[-0.00597893 -0.01770386 -0.03109269 -0.04643701 -0.06417353 -0.08500554
 -0.11020248 -0.14256883 -0.14804599 -0.14617965 -0.14431868 -0.14246312
 -0.14061302 -0.13876841 -0.13692932 -0.13509576 -0.13326775 -0.13144529
 -0.12962838 -0.127817   -0.12601114 -0.12421078 -0.12241589 -0.12062644
 -0.1188424  -0.11706372 -0.11529036 -0.11352228 -0.11175942 -0.11000173
 -0.10824915 -0.10650162 -0.10475909 -0.10302149 -0.10128876 -0.09956083
 -0.09783763 -0.09611909 -0.09440515 -0.09269573 -0.09099077 -0.08929019
 -0.08759392 -0.08590189 -0.08421402 -0.08253025 -0.08085051 -0.07917472
 -0.0775028  -0.0758347  -0.07417033 -0.07250964 -0.07085254 -0.06919897
 -0.06754886 -0.06590215 -0.06425876 -0.06261863 -0.06098169 -0.05934789
 -0.05771715 -0.05608941 -0.05446462 -0.0528427  -0.0512236  -0.04960727
 -0.04799363 -0.04638264 -0.04477423 -0.04316835 -0.04156495 -0.03996397
 -0.03836536 -0.03676907 -0.03517504 -0.03358322 -0.03199358 -0.03040604
 -0.02882058 -0.02723715 -0.02565568 -0.02407616 -0.02249852 -0.02092272
 -0.01934873 -0.01777649 -0.01620598 -0.01463715 -0.01306996 -0.01150437
 -0.00994034 -0.00837784 -0.00681684 -0.00525729 -0.00369916 -0.00214242
 -0.00058703]"
