sigma0re,sigma0im,beta0re,beta0im,mu0re,mu0im,beta1re,beta1im,sigma1re,sigma1im,mu1re,mu1im,alpha0,alpha1,b_star,corresponding_negative_eigenvalues
0.2,0.3,1,1.1,1.0,-1.1999999999999984,1,1.1,0.2,0.3,-0.5,-1.2999999999999994,0.1,0.1,"[0.16 0.17 0.18 0.19 0.2  0.21 0.22 0.23 0.24 0.25 0.26 0.27 0.28 0.29
 0.3  0.31 0.32 0.33 0.34 0.35 0.36 0.37 0.38 0.39 0.4  0.41 0.42 0.43
 0.44 0.45 0.46 0.47 0.48 0.49 0.5  0.51 0.52 0.53 0.54 0.55 0.56 0.57
 0.58 0.59 0.6  0.61 0.62 0.63 0.64 0.65 0.66 0.67 0.68 0.69 0.7  0.71
 0.72 0.73 0.74 0.75 0.76 0.77 0.78 0.79 0.8 ]","[-0.00217541 -0.00852096 -0.0156317  -0.02354936 -0.03232775 -0.04203624
 -0.05276466 -0.06463104 -0.07779372 -0.09247179 -0.10898172 -0.1211931
 -0.1184931  -0.11581041 -0.11314502 -0.11049687 -0.10786591 -0.10525209
 -0.10265534 -0.10007559 -0.09751274 -0.09496673 -0.09243746 -0.08992484
 -0.08742879 -0.08494921 -0.08248601 -0.0800391  -0.07760839 -0.0751938
 -0.07279523 -0.07041261 -0.06804584 -0.06569486 -0.06335958 -0.06103992
 -0.05873582 -0.0564472  -0.05417401 -0.05191616 -0.04967361 -0.04744629
 -0.04523415 -0.04303713 -0.04085518 -0.03868825 -0.03653629 -0.03439926
 -0.03227712 -0.03016981 -0.0280773  -0.02599956 -0.02393654 -0.02188821
 -0.01985453 -0.01783546 -0.01583098 -0.01384104 -0.01186562 -0.00990468
 -0.00795819 -0.00602612 -0.00410843 -0.00220508 -0.00031605]"
