sigma0re,sigma0im,beta0re,beta0im,mu0re,mu0im,beta1re,beta1im,sigma1re,sigma1im,mu1re,mu1im,alpha0,alpha1,b_star,corresponding_negative_eigenvalues
0.2,0.3,1,1.1,1.0,-1.2999999999999985,1,1.1,0.2,0.3,-0.5,-0.1999999999999984,0.0,0.0,"[0.26 0.27 0.28 0.29 0.3  0.31 0.32 0.33 0.34 0.35 0.36 0.37 0.38 0.39
 0.4  0.41 0.42 0.43 0.44 0.45]","[-0.03157505 -0.03066925 -0.02961457 -0.02843028 -0.02713328 -0.02573819
 -0.02425767 -0.02270262 -0.02108242 -0.01940515 -0.01767779 -0.01590635
 -0.01409601 -0.01225129 -0.01037608 -0.00847379 -0.00654736 -0.0045994
 -0.00263216 -0.00064763]"
