sigma0re,sigma0im,beta0re,beta0im,mu0re,mu0im,beta1re,beta1im,sigma1re,sigma1im,mu1re,mu1im,alpha0,alpha1,b_star,corresponding_negative_eigenvalues
0.2,0.3,1,1.1,1.0,-2.4999999999999996,1,1.1,0.2,0.3,-0.5,-2.0,0.0,0.0,"[0.16 0.17 0.18 0.19 0.2  0.21 0.22 0.23 0.24 0.25 0.26 0.27 0.28 0.29
 0.3  0.31 0.32 0.33 0.34 0.35 0.36 0.37 0.38 0.39 0.4  0.41 0.42 0.43
 0.44 0.45 0.46 0.47 0.48 0.49 0.5  0.51 0.52 0.53 0.54 0.55 0.56 0.57
 0.58 0.59 0.6  0.61 0.62 0.63 0.64 0.65 0.66 0.67 0.68 0.69 0.7  0.71
 0.72 0.73 0.74 0.75 0.76 0.77 0.78 0.79 0.8  0.81 0.82 0.83 0.84 0.85
 0.86 0.87 0.88 0.89 0.9  0.91 0.92 0.93 0.94 0.95 0.96 0.97 0.98 0.99
 1.   1.01 1.02 1.03 1.04 1.05 1.06 1.07 1.08 1.09 1.1  1.11 1.12 1.13
 1.14 1.15 1.16 1.17 1.18 1.19]","[-0.00663029 -0.02923959 -0.05741716 -0.09430405 -0.15009942 -0.16323375
 -0.16149342 -0.15975446 -0.15801692 -0.15628085 -0.15454627 -0.15281324
 -0.15108178 -0.14935193 -0.14762373 -0.1458972  -0.14417237 -0.14244927
 -0.14072792 -0.13900834 -0.13729056 -0.13557459 -0.13386045 -0.13214816
 -0.13043772 -0.12872914 -0.12702244 -0.12531763 -0.1236147  -0.12191366
 -0.12021452 -0.11851728 -0.11682193 -0.11512848 -0.11343691 -0.11174724
 -0.11005944 -0.10837352 -0.10668946 -0.10500726 -0.10332691 -0.1016484
 -0.09997171 -0.09829683 -0.09662375 -0.09495245 -0.09328292 -0.09161515
 -0.08994911 -0.08828479 -0.08662218 -0.08496125 -0.08330198 -0.08164437
 -0.07998838 -0.078334   -0.07668121 -0.07502998 -0.07338031 -0.07173217
 -0.07008553 -0.06844037 -0.06679669 -0.06515444 -0.06351362 -0.0618742
 -0.06023616 -0.05859948 -0.05696414 -0.05533011 -0.05369738 -0.05206592
 -0.05043571 -0.04880673 -0.04717896 -0.04555238 -0.04392697 -0.04230271
 -0.04067957 -0.03905754 -0.0374366  -0.03581672 -0.03419789 -0.03258009
 -0.03096329 -0.02934749 -0.02773265 -0.02611876 -0.0245058  -0.02289376
 -0.02128261 -0.01967234 -0.01806293 -0.01645436 -0.01484662 -0.01323968
 -0.01163353 -0.01002816 -0.00842355 -0.00681968 -0.00521653 -0.0036141
 -0.00201236 -0.0004113 ]"
