sigma0re,sigma0im,beta0re,beta0im,mu0re,mu0im,beta1re,beta1im,sigma1re,sigma1im,mu1re,mu1im,alpha0,alpha1,b_star,corresponding_negative_eigenvalues
0.2,0.3,1,1.1,1.0,-0.09999999999999742,1,1.1,0.2,0.3,-0.5,-0.5999999999999988,0.1,0.1,"[0.01 0.02 0.03 0.04 0.05 0.06 0.07 0.08 0.09 0.1  0.11 0.12 0.13 0.14
 0.15 0.16 0.17 0.18 0.19]","[-2.54101215e-05 -1.00545946e-04 -2.22139228e-04 -3.84796285e-04
 -5.81085332e-04 -8.01672066e-04 -1.03551412e-03 -1.27012405e-03
 -1.49190647e-03 -1.68656809e-03 -1.83958938e-03 -1.93673552e-03
 -1.96457422e-03 -1.91096106e-03 -1.76545223e-03 -1.51961055e-03
 -1.16718288e-03 -7.04142470e-04 -1.28606156e-04]"
