sigma0re,sigma0im,beta0re,beta0im,mu0re,mu0im,beta1re,beta1im,sigma1re,sigma1im,mu1re,mu1im,alpha0,alpha1,b_star,corresponding_negative_eigenvalues
0.2,0.3,1,1.1,1.0,0.8000000000000034,1,1.1,0.2,0.3,-0.5,1.300000000000003,0.1,0.1,"[0.35 0.36 0.37 0.38 0.39 0.4  0.41 0.42 0.43 0.44 0.45 0.46 0.47 0.48
 0.49 0.5  0.51 0.52 0.53 0.54 0.55]","[-0.0309615  -0.05269838 -0.04983283 -0.04698365 -0.0441501  -0.0413315
 -0.03852719 -0.03573654 -0.03295898 -0.03019395 -0.02744093 -0.02469941
 -0.02196895 -0.01924909 -0.01653942 -0.01383956 -0.01114912 -0.00846777
 -0.00579518 -0.00313104 -0.00047506]"
