sigma0re,sigma0im,beta0re,beta0im,mu0re,mu0im,beta1re,beta1im,sigma1re,sigma1im,mu1re,mu1im,alpha0,alpha1,b_star,corresponding_negative_eigenvalues
0.2,0.3,1,1.1,1.0,-1.4999999999999987,1,1.1,0.2,0.3,-0.5,-1.5999999999999996,0.1,0.1,"[0.18 0.19 0.2  0.21 0.22 0.23 0.24 0.25 0.26 0.27 0.28 0.29 0.3  0.31
 0.32 0.33 0.34 0.35 0.36 0.37 0.38 0.39 0.4  0.41 0.42 0.43 0.44 0.45
 0.46 0.47 0.48 0.49 0.5  0.51 0.52 0.53 0.54 0.55 0.56 0.57 0.58 0.59
 0.6  0.61 0.62 0.63 0.64 0.65 0.66 0.67 0.68 0.69 0.7  0.71 0.72 0.73
 0.74 0.75 0.76 0.77 0.78 0.79 0.8  0.81 0.82]","[-0.00558751 -0.01593315 -0.02764424 -0.04089152 -0.05591204 -0.07304797
 -0.09282222 -0.11610539 -0.12999292 -0.1273933  -0.12480182 -0.12221865
 -0.11964394 -0.11707786 -0.11452058 -0.11197226 -0.10943307 -0.1069032
 -0.1043828  -0.10187206 -0.09937116 -0.09688027 -0.09439957 -0.09192925
 -0.08946947 -0.08702044 -0.08458231 -0.08215529 -0.07973954 -0.07733524
 -0.07494258 -0.07256172 -0.07019286 -0.06783615 -0.06549178 -0.06315991
 -0.06084071 -0.05853434 -0.05624097 -0.05396077 -0.05169387 -0.04944045
 -0.04720064 -0.04497459 -0.04276245 -0.04056435 -0.03838042 -0.0362108
 -0.0340556  -0.03191495 -0.02978896 -0.02767773 -0.02558138 -0.02349999
 -0.02143366 -0.01938247 -0.01734651 -0.01532584 -0.01332053 -0.01133063
 -0.00935621 -0.00739731 -0.00545396 -0.00352619 -0.00161403]"
