sigma0re,sigma0im,beta0re,beta0im,mu0re,mu0im,beta1re,beta1im,sigma1re,sigma1im,mu1re,mu1im,alpha0,alpha1,b_star,corresponding_negative_eigenvalues
0.2,0.3,1,1.1,1.0,-1.5999999999999988,1,1.1,0.2,0.3,-0.5,-0.3999999999999986,0.0,0.0,"[0.28 0.29 0.3  0.31 0.32 0.33 0.34 0.35 0.36 0.37 0.38 0.39 0.4  0.41
 0.42 0.43 0.44 0.45 0.46 0.47 0.48 0.49 0.5  0.51 0.52 0.53 0.54 0.55
 0.56 0.57 0.58 0.59 0.6  0.61 0.62 0.63 0.64 0.65 0.66 0.67 0.68 0.69
 0.7  0.71 0.72 0.73 0.74 0.75 0.76 0.77 0.78 0.79]","[-0.00023012 -0.01721496 -0.04228216 -0.09403803 -0.09191034 -0.08979443
 -0.08769041 -0.0855983  -0.083518   -0.08144937 -0.07939222 -0.07734631
 -0.07531139 -0.07328719 -0.07127343 -0.06926981 -0.06727606 -0.06529186
 -0.06331693 -0.06135099 -0.05939375 -0.05744494 -0.05550427 -0.05357149
 -0.05164634 -0.04972856 -0.04781792 -0.04591416 -0.04401708 -0.04212643
 -0.04024201 -0.0383636  -0.03649101 -0.03462403 -0.03276249 -0.03090618
 -0.02905494 -0.0272086  -0.02536699 -0.02352994 -0.02169731 -0.01986895
 -0.0180447  -0.01622443 -0.014408   -0.01259528 -0.01078615 -0.00898048
 -0.00717815 -0.00537904 -0.00358306 -0.00179008]"
