sigma0re,sigma0im,beta0re,beta0im,mu0re,mu0im,beta1re,beta1im,sigma1re,sigma1im,mu1re,mu1im,alpha0,alpha1,b_star,corresponding_negative_eigenvalues
0.2,0.3,1,1.1,1.0,-1.2999999999999985,1,1.1,0.2,0.3,-0.5,-1.3999999999999995,0.1,0.1,"[0.17 0.18 0.19 0.2  0.21 0.22 0.23 0.24 0.25 0.26 0.27 0.28 0.29 0.3
 0.31 0.32 0.33 0.34 0.35 0.36 0.37 0.38 0.39 0.4  0.41 0.42 0.43 0.44
 0.45 0.46 0.47 0.48 0.49 0.5  0.51 0.52 0.53 0.54 0.55 0.56 0.57 0.58
 0.59 0.6  0.61 0.62 0.63 0.64 0.65 0.66 0.67 0.68 0.69 0.7  0.71 0.72
 0.73 0.74 0.75 0.76 0.77 0.78 0.79 0.8  0.81]","[-0.00254875 -0.01015767 -0.01869712 -0.02823719 -0.03886929 -0.05071384
 -0.0639327  -0.0787498  -0.09548809 -0.11464173 -0.12376639 -0.12110279
 -0.11845255 -0.11581579 -0.1131926  -0.11058306 -0.10798727 -0.10540529
 -0.1028372  -0.10028304 -0.09774289 -0.09521678 -0.09270478 -0.09020691
 -0.08772323 -0.08525377 -0.08279855 -0.08035763 -0.07793102 -0.07551875
 -0.07312086 -0.07073736 -0.06836828 -0.06601364 -0.06367348 -0.0613478
 -0.05903663 -0.05673999 -0.0544579  -0.05219038 -0.04993745 -0.04769913
 -0.04547543 -0.04326637 -0.04107197 -0.03889225 -0.03672722 -0.03457689
 -0.03244128 -0.0303204  -0.02821427 -0.02612289 -0.02404627 -0.02198442
 -0.01993736 -0.01790507 -0.01588758 -0.01388487 -0.01189695 -0.00992383
 -0.00796548 -0.00602191 -0.0040931  -0.00217906 -0.00027975]"
