sigma0re,sigma0im,beta0re,beta0im,mu0re,mu0im,beta1re,beta1im,sigma1re,sigma1im,mu1re,mu1im,alpha0,alpha1,b_star,corresponding_negative_eigenvalues
0.2,0.3,1,1.1,1.0,-1.899999999999999,1,1.1,0.2,0.3,-0.5,-1.6999999999999997,0.0,0.0,"[0.17 0.18 0.19 0.2  0.21 0.22 0.23 0.24 0.25 0.26 0.27 0.28 0.29 0.3
 0.31 0.32 0.33 0.34 0.35 0.36 0.37 0.38 0.39 0.4  0.41 0.42 0.43 0.44
 0.45 0.46 0.47 0.48 0.49 0.5  0.51 0.52 0.53 0.54 0.55 0.56 0.57 0.58
 0.59 0.6  0.61 0.62 0.63 0.64 0.65 0.66 0.67 0.68 0.69 0.7  0.71 0.72
 0.73 0.74 0.75 0.76 0.77 0.78 0.79 0.8  0.81 0.82 0.83 0.84 0.85 0.86
 0.87 0.88 0.89 0.9  0.91 0.92 0.93 0.94 0.95]","[-0.00138194 -0.01613657 -0.03339983 -0.05376346 -0.07822537 -0.10872191
 -0.14870649 -0.14651715 -0.14433237 -0.14215223 -0.1399768  -0.13780613
 -0.13564027 -0.13347926 -0.13132312 -0.12917189 -0.12702556 -0.12488415
 -0.12274766 -0.12061608 -0.1184894  -0.1163676  -0.11425065 -0.11213853
 -0.1100312  -0.10792861 -0.10583074 -0.10373753 -0.10164893 -0.09956489
 -0.09748535 -0.09541025 -0.09333954 -0.09127315 -0.08921101 -0.08715306
 -0.08509924 -0.08304947 -0.08100369 -0.07896182 -0.07692379 -0.07488953
 -0.07285897 -0.07083205 -0.06880867 -0.06678879 -0.06477231 -0.06275918
 -0.06074931 -0.05874265 -0.05673912 -0.05473864 -0.05274116 -0.0507466
 -0.0487549  -0.04676599 -0.0447798  -0.04279627 -0.04081534 -0.03883694
 -0.036861   -0.03488748 -0.03291631 -0.03094742 -0.02898077 -0.0270163
 -0.02505394 -0.02309365 -0.02113536 -0.01917904 -0.01722462 -0.01527205
 -0.01332129 -0.01137229 -0.00942499 -0.00747936 -0.00553534 -0.0035929
 -0.00165198]"
