sigma0re,sigma0im,beta0re,beta0im,mu0re,mu0im,beta1re,beta1im,sigma1re,sigma1im,mu1re,mu1im,alpha0,alpha1,b_star,corresponding_negative_eigenvalues
0.2,0.3,1,1.1,1.0,-0.799999999999998,1,1.1,0.2,0.3,-0.5,-1.4999999999999996,0.0,0.0,"[0.01 0.02 0.03 0.04 0.05 0.06 0.07 0.08 0.09 0.1  0.11 0.12 0.13 0.14
 0.15 0.16 0.17 0.18 0.19 0.2  0.21 0.22 0.23 0.24 0.25 0.26 0.27 0.28
 0.29 0.3  0.31 0.32 0.33 0.34 0.35 0.36 0.37 0.38 0.39]","[-0.00066528 -0.00268924 -0.00616303 -0.01126521 -0.01832161 -0.02796137
 -0.04163921 -0.06494137 -0.05705529 -0.05562473 -0.05782218 -0.06159329
 -0.06641268 -0.07208555 -0.07853385 -0.08573351 -0.09357183 -0.0892049
 -0.08486803 -0.08056229 -0.07628763 -0.07204333 -0.0678283  -0.06364123
 -0.0594807  -0.05534524 -0.05123338 -0.04714369 -0.04307479 -0.03902534
 -0.03499407 -0.03097978 -0.02698132 -0.02299761 -0.01902764 -0.01507045
 -0.01112514 -0.00719086 -0.00326681]"
