sigma0re,sigma0im,beta0re,beta0im,mu0re,mu0im,beta1re,beta1im,sigma1re,sigma1im,mu1re,mu1im,alpha0,alpha1,b_star,corresponding_negative_eigenvalues
0.2,0.3,1,1.1,1.0,1.400000000000004,1,1.1,0.2,0.3,-0.5,1.7763568394002505e-15,0.1,0.1,[0.01 0.02 0.03 0.04 0.05 0.06 0.07 0.08 0.09 0.1 ],"[-1.00896186e-05 -3.90383078e-05 -8.29190563e-05 -1.35300934e-04
 -1.87428119e-04 -2.28483793e-04 -2.45946397e-04 -2.26040230e-04
 -1.54272413e-04 -1.60350004e-05]"
