sigma0re,sigma0im,beta0re,beta0im,mu0re,mu0im,beta1re,beta1im,sigma1re,sigma1im,mu1re,mu1im,alpha0,alpha1,b_star,corresponding_negative_eigenvalues
0.2,0.3,1,1.1,1.0,-0.799999999999998,1,1.1,0.2,0.3,-0.5,-1.6999999999999997,0.1,0.1,"[0.01 0.02 0.03 0.04 0.05 0.06 0.07 0.08 0.09 0.1  0.11 0.12 0.13 0.14
 0.15 0.16 0.17 0.18 0.19 0.2  0.21 0.22 0.23 0.24 0.25 0.26 0.27 0.28
 0.29 0.3  0.31 0.32 0.33 0.34 0.35 0.36 0.37 0.38 0.39]","[-0.00059923 -0.00241962 -0.00553422 -0.01008367 -0.01631694 -0.0246898
 -0.03615124 -0.05339294 -0.0655144  -0.05755275 -0.05832673 -0.06132729
 -0.06557203 -0.07073818 -0.07669535 -0.08339173 -0.09081571 -0.0884406
 -0.08406563 -0.07972166 -0.07541002 -0.07113109 -0.06688462 -0.06266999
 -0.05848635 -0.05433275 -0.05020812 -0.04611142 -0.04204157 -0.03799752
 -0.03397826 -0.0299828  -0.02601021 -0.02205958 -0.01813005 -0.01422082
 -0.01033111 -0.00646018 -0.00260736]"
