sigma0re,sigma0im,beta0re,beta0im,mu0re,mu0im,beta1re,beta1im,sigma1re,sigma1im,mu1re,mu1im,alpha0,alpha1,b_star,corresponding_negative_eigenvalues
0.2,0.3,1,1.1,1.0,0.7000000000000033,1,1.1,0.2,0.3,-0.5,1.2000000000000028,0.1,0.1,"[0.36 0.37 0.38 0.39 0.4  0.41 0.42 0.43 0.44 0.45 0.46 0.47 0.48 0.49
 0.5  0.51 0.52]","[-0.04469941 -0.04192229 -0.03915569 -0.03639947 -0.03365345 -0.03091741
 -0.02819112 -0.02547433 -0.0227668  -0.02006825 -0.01737844 -0.01469712
 -0.01202403 -0.00935893 -0.00670158 -0.00405176 -0.00140924]"
