sigma0re,sigma0im,beta0re,beta0im,mu0re,mu0im,beta1re,beta1im,sigma1re,sigma1im,mu1re,mu1im,alpha0,alpha1,b_star,corresponding_negative_eigenvalues
0.2,0.3,1,1.1,1.0,1.8000000000000043,1,1.1,0.2,0.3,-0.5,0.10000000000000187,0.1,0.1,"[0.01 0.02 0.03 0.04 0.05 0.06 0.07 0.08 0.09 0.1  0.11 0.12 0.13 0.14
 0.15 0.16 0.17 0.18 0.19 0.2  0.21 0.22 0.23 0.24 0.25 0.26]","[-9.33430028e-05 -3.71423877e-04 -8.28323079e-04 -1.45393153e-03
 -2.23361370e-03 -3.14779935e-03 -4.17158434e-03 -5.27446298e-03
 -6.42035974e-03 -7.56815950e-03 -8.67292404e-03 -9.68789631e-03
 -1.05672162e-02 -1.12690323e-02 -1.17584852e-02 -1.20099713e-02
 -1.20082444e-02 -1.17482253e-02 -1.12337237e-02 -1.04754941e-02
 -9.48908534e-03 -8.29284574e-03 -6.90628979e-03 -5.34889287e-03
 -3.63928634e-03 -1.79478004e-03]"
