sigma0re,sigma0im,beta0re,beta0im,mu0re,mu0im,beta1re,beta1im,sigma1re,sigma1im,mu1re,mu1im,alpha0,alpha1,b_star,corresponding_negative_eigenvalues
0.2,0.3,1,1.1,1.0,-1.799999999999999,1,1.1,0.2,0.3,-0.5,-1.7999999999999998,0.0,0.0,"[0.17 0.18 0.19 0.2  0.21 0.22 0.23 0.24 0.25 0.26 0.27 0.28 0.29 0.3
 0.31 0.32 0.33 0.34 0.35 0.36 0.37 0.38 0.39 0.4  0.41 0.42 0.43 0.44
 0.45 0.46 0.47 0.48 0.49 0.5  0.51 0.52 0.53 0.54 0.55 0.56 0.57 0.58
 0.59 0.6  0.61 0.62 0.63 0.64 0.65 0.66 0.67 0.68 0.69 0.7  0.71 0.72
 0.73 0.74 0.75 0.76 0.77 0.78 0.79]","[-0.0106302  -0.02605309 -0.044039   -0.06521335 -0.09064477 -0.12245508
 -0.13861932 -0.13601936 -0.13342666 -0.13084128 -0.12826325 -0.12569259
 -0.12312929 -0.12057334 -0.1180247  -0.11548335 -0.11294923 -0.11042227
 -0.1079024  -0.10538954 -0.1028836  -0.10038449 -0.0978921  -0.09540633
 -0.09292707 -0.09045419 -0.08798758 -0.08552711 -0.08307267 -0.08062412
 -0.07818133 -0.07574418 -0.07331254 -0.07088627 -0.06846525 -0.06604935
 -0.06363843 -0.06123237 -0.05883105 -0.05643433 -0.05404209 -0.05165421
 -0.04927057 -0.04689105 -0.04451552 -0.04214388 -0.03977602 -0.03741181
 -0.03505115 -0.03269394 -0.03034007 -0.02798943 -0.02564193 -0.02329747
 -0.02095595 -0.01861728 -0.01628137 -0.01394812 -0.01161746 -0.0092893
 -0.00696355 -0.00464013 -0.00231898]"
