sigma0re,sigma0im,beta0re,beta0im,mu0re,mu0im,beta1re,beta1im,sigma1re,sigma1im,mu1re,mu1im,alpha0,alpha1,b_star,corresponding_negative_eigenvalues
0.2,0.3,1,1.1,1.0,-2.099999999999999,1,1.1,0.2,0.3,-0.5,-0.5999999999999988,0.0,0.0,"[0.28 0.29 0.3  0.31 0.32 0.33 0.34 0.35 0.36 0.37 0.38 0.39 0.4  0.41
 0.42 0.43 0.44 0.45 0.46 0.47 0.48 0.49 0.5  0.51 0.52 0.53 0.54 0.55
 0.56 0.57 0.58 0.59 0.6  0.61 0.62 0.63 0.64 0.65 0.66 0.67 0.68 0.69
 0.7  0.71 0.72 0.73 0.74 0.75 0.76 0.77 0.78 0.79 0.8  0.81 0.82 0.83
 0.84 0.85 0.86 0.87 0.88 0.89 0.9  0.91 0.92 0.93 0.94 0.95 0.96 0.97
 0.98 0.99]","[-0.0169349  -0.043332   -0.08981043 -0.12656762 -0.12443264 -0.12231193
 -0.1202052  -0.11811215 -0.11603249 -0.11396592 -0.11191212 -0.10987081
 -0.10784167 -0.1058244  -0.1038187  -0.10182428 -0.09984084 -0.09786809
 -0.09590576 -0.09395355 -0.09201121 -0.09007845 -0.08815501 -0.08624065
 -0.0843351  -0.08243812 -0.08054948 -0.07866893 -0.07679626 -0.07493123
 -0.07307364 -0.07122327 -0.06937992 -0.06754339 -0.06571349 -0.06389002
 -0.06207281 -0.06026168 -0.05845644 -0.05665695 -0.05486302 -0.05307451
 -0.05129125 -0.04951311 -0.04773992 -0.04597156 -0.04420788 -0.04244875
 -0.04069405 -0.03894363 -0.03719739 -0.0354552  -0.03371695 -0.03198252
 -0.03025181 -0.0285247  -0.02680111 -0.02508091 -0.02336403 -0.02165036
 -0.01993982 -0.0182323  -0.01652773 -0.01482603 -0.0131271  -0.01143087
 -0.00973726 -0.0080462  -0.00635761 -0.00467142 -0.00298756 -0.00130597]"
