sigma0re,sigma0im,beta0re,beta0im,mu0re,mu0im,beta1re,beta1im,sigma1re,sigma1im,mu1re,mu1im,alpha0,alpha1,b_star,corresponding_negative_eigenvalues
0.2,0.3,1,1.1,1.0,0.400000000000003,1,1.1,0.2,0.3,-0.5,0.9000000000000026,0.1,0.1,[0.36 0.37 0.38 0.39 0.4  0.41],[-0.01368985 -0.01146074 -0.00920586 -0.00692887 -0.00463285 -0.00232045]
