sigma0re,sigma0im,beta0re,beta0im,mu0re,mu0im,beta1re,beta1im,sigma1re,sigma1im,mu1re,mu1im,alpha0,alpha1,b_star,corresponding_negative_eigenvalues
0.2,0.3,1,1.1,1.0,-0.799999999999998,1,1.1,0.2,0.3,-0.5,-1.2999999999999994,0.1,0.1,"[0.01 0.02 0.03 0.04 0.05 0.06 0.07 0.08 0.09 0.1  0.11 0.12 0.13 0.14
 0.15 0.16 0.17 0.18 0.19 0.2  0.21 0.22 0.23 0.24 0.25 0.26 0.27 0.28
 0.29 0.3  0.31 0.32 0.33 0.34 0.35 0.36 0.37 0.38 0.39 0.4  0.41 0.42
 0.43 0.44 0.45 0.46 0.47 0.48 0.49 0.5 ]","[-0.00045737 -0.0018417  -0.00419143 -0.00757751 -0.01211656 -0.01799767
 -0.02554075 -0.03534428 -0.04877631 -0.07106125 -0.06987061 -0.06546957
 -0.06641588 -0.06929499 -0.07332724 -0.07822524 -0.08386484 -0.09019337
 -0.09719643 -0.09567149 -0.09218184 -0.08871057 -0.08526065 -0.08183388
 -0.07843126 -0.07505324 -0.07169995 -0.06837123 -0.0650668  -0.06178623
 -0.05852904 -0.05529472 -0.05208271 -0.04889245 -0.04572337 -0.04257492
 -0.03944656 -0.03633775 -0.03324797 -0.03017673 -0.02712354 -0.02408794
 -0.02106949 -0.01806776 -0.01508234 -0.01211283 -0.00915888 -0.00622011
 -0.00329618 -0.00038678]"
