sigma0re,sigma0im,beta0re,beta0im,mu0re,mu0im,beta1re,beta1im,sigma1re,sigma1im,mu1re,mu1im,alpha0,alpha1,b_star,corresponding_negative_eigenvalues
0.2,0.3,1,1.1,1.0,-0.3999999999999977,1,1.1,0.2,0.3,-0.5,-1.5999999999999996,0.0,0.0,"[0.01 0.02 0.03 0.04 0.05 0.06 0.07 0.08 0.09 0.1  0.11 0.12 0.13 0.14
 0.15 0.16 0.17 0.18 0.19 0.2  0.21 0.22]","[-0.00035347 -0.00141223 -0.00316996 -0.00561131 -0.00870302 -0.01237817
 -0.01651063 -0.02088052 -0.02514518 -0.02885683 -0.03157195 -0.03301378
 -0.03315189 -0.03214005 -0.03020126 -0.02754911 -0.02435797 -0.02076056
 -0.01685509 -0.01271363 -0.00838927 -0.00392135]"
