sigma0re,sigma0im,beta0re,beta0im,mu0re,mu0im,beta1re,beta1im,sigma1re,sigma1im,mu1re,mu1im,alpha0,alpha1,b_star,corresponding_negative_eigenvalues
0.2,0.3,1,1.1,1.0,-2.3999999999999995,1,1.1,0.2,0.3,-0.5,-0.3999999999999986,0.1,0.1,"[0.32 0.33 0.34 0.35 0.36 0.37 0.38 0.39 0.4  0.41 0.42 0.43 0.44 0.45
 0.46 0.47 0.48 0.49 0.5  0.51 0.52 0.53 4.43 4.44 4.45 4.46 4.47 4.48
 4.49 4.5  4.51 4.52 4.53 4.54 4.55 4.56 4.57 4.58 4.59 4.6  4.61 4.62
 4.63 4.64 4.65 4.66 4.67 4.68 4.69 4.7  4.71 4.72 4.73 4.74 4.75 4.76
 4.77 4.78 4.79 4.8  4.81 4.82 4.83 4.84 4.85 4.86 4.87 4.88 4.89 4.9
 4.91 4.92 4.93 4.94 4.95 4.96 4.97 4.98 4.99 5.  ]","[-0.03773373 -0.05734534 -0.05431745 -0.05131162 -0.04832756 -0.04536492
 -0.04242341 -0.03950268 -0.03660244 -0.03372237 -0.03086217 -0.02802156
 -0.02520025 -0.02239798 -0.01961449 -0.01684954 -0.01410291 -0.01137436
 -0.00866369 -0.00597069 -0.00329519 -0.00063699 -0.00060959 -0.00393735
 -0.00728767 -0.01066059 -0.01405615 -0.01747437 -0.02091529 -0.02437896
 -0.02786541 -0.03137467 -0.03490679 -0.03846179 -0.04203971 -0.0456406
 -0.04926447 -0.05291138 -0.05658136 -0.06027443 -0.06399065 -0.06773003
 -0.07149262 -0.07527846 -0.07908757 -0.08292    -0.08677578 -0.09065493
 -0.09455751 -0.09848354 -0.10243305 -0.10640609 -0.11040268 -0.11442286
 -0.11846666 -0.12253412 -0.12662528 -0.13074015 -0.13487879 -0.13904123
 -0.14322748 -0.1474376  -0.15167162 -0.15592955 -0.16021145 -0.16451735
 -0.16884727 -0.17320124 -0.17757931 -0.18198151 -0.18640786 -0.1908584
 -0.19533317 -0.19983219 -0.20435549 -0.20890311 -0.21347509 -0.21807145
 -0.22269222 -0.22733743]"
