sigma0re,sigma0im,beta0re,beta0im,mu0re,mu0im,beta1re,beta1im,sigma1re,sigma1im,mu1re,mu1im,alpha0,alpha1,b_star,corresponding_negative_eigenvalues
0.2,0.3,1,1.1,1.0,-0.4999999999999978,1,1.1,0.2,0.3,-0.5,-2.0,0.1,0.1,"[0.01 0.02 0.03 0.04 0.05 0.06 0.07 0.08 0.09 0.1  0.11 0.12 0.13 0.14
 0.15 0.16 0.17 0.18 0.19 0.2  0.21 0.22 0.23 0.24 0.25]","[-0.00043663 -0.00175075 -0.00395434 -0.00706467 -0.01109775 -0.0160525
 -0.02187397 -0.02837358 -0.03508909 -0.0411682  -0.04559037 -0.04779682
 -0.04794867 -0.04654624 -0.04406497 -0.04085033 -0.03713348 -0.03306674
 -0.02875159 -0.02425691 -0.01963046 -0.01490603 -0.01010797 -0.00525411
 -0.0003577 ]"
