sigma0re,sigma0im,beta0re,beta0im,mu0re,mu0im,beta1re,beta1im,sigma1re,sigma1im,mu1re,mu1im,alpha0,alpha1,b_star,corresponding_negative_eigenvalues
0.2,0.3,1,1.1,1.0,-0.09999999999999742,1,1.1,0.2,0.3,-0.5,-2.0,0.1,0.1,[0.01 0.02 0.03 0.04 0.05 0.06 0.07 0.08 0.09],"[-7.95514796e-05 -3.07323452e-04 -6.50413623e-04 -1.05343277e-03
 -1.43873707e-03 -1.70884500e-03 -1.75272619e-03 -1.45688330e-03
 -7.20037445e-04]"
