sigma0re,sigma0im,beta0re,beta0im,mu0re,mu0im,beta1re,beta1im,sigma1re,sigma1im,mu1re,mu1im,alpha0,alpha1,b_star,corresponding_negative_eigenvalues
0.2,0.3,1,1.1,1.0,1.3000000000000043,1,1.1,0.2,0.3,-0.5,1.6000000000000032,0.0,0.0,"[0.26 0.27 0.28 0.29 0.3  0.31 0.32 0.33 0.34 0.35 0.36 0.37 0.38 0.39
 0.4  0.41 0.42 0.43 0.44 0.45 0.46 0.47 0.48 0.49 0.5  0.51 0.52 0.53
 0.54 0.55 0.56 0.57 0.58 0.59 0.6 ]","[-0.01941996 -0.10297342 -0.09969669 -0.09643984 -0.09320219 -0.08998306
 -0.08678177 -0.08359765 -0.08043006 -0.07727834 -0.07414187 -0.07102004
 -0.06791226 -0.06481794 -0.06173652 -0.05866747 -0.05561025 -0.05256437
 -0.04952934 -0.04650468 -0.04348994 -0.04048469 -0.03748852 -0.034501
 -0.03152177 -0.02855045 -0.02558668 -0.02263012 -0.01968044 -0.01673733
 -0.01380049 -0.01086962 -0.00794446 -0.00502472 -0.00211017]"
