sigma0re,sigma0im,beta0re,beta0im,mu0re,mu0im,beta1re,beta1im,sigma1re,sigma1im,mu1re,mu1im,alpha0,alpha1,b_star,corresponding_negative_eigenvalues
0.2,0.3,1,1.1,1.0,-2.8,1,1.1,0.2,0.3,-0.5,-0.3999999999999986,0.1,0.1,"[0.31 0.32 0.33 0.34 0.35 0.36 0.37 0.38 0.39 0.4  0.41 0.42 0.43 0.44
 0.45 0.46 4.78 4.79 4.8  4.81 4.82 4.83 4.84 4.85 4.86 4.87 4.88 4.89
 4.9  4.91 4.92 4.93 4.94 4.95 4.96 4.97 4.98 4.99 5.  ]","[-0.01092562 -0.04664796 -0.04319185 -0.03975991 -0.03635163 -0.0329665
 -0.02960403 -0.02626373 -0.02294516 -0.01964788 -0.01637147 -0.01311552
 -0.00987966 -0.00666353 -0.00346679 -0.0002891  -0.00239433 -0.00666391
 -0.01095908 -0.01527987 -0.01962632 -0.02399845 -0.02839628 -0.03281985
 -0.03726919 -0.04174433 -0.04624529 -0.05077209 -0.05532478 -0.05990337
 -0.0645079  -0.06913839 -0.07379486 -0.07847735 -0.08318589 -0.08792049
 -0.09268119 -0.09746802 -0.10228099]"
