sigma0re,sigma0im,beta0re,beta0im,mu0re,mu0im,beta1re,beta1im,sigma1re,sigma1im,mu1re,mu1im,alpha0,alpha1,b_star,corresponding_negative_eigenvalues
0.2,0.3,1,1.1,1.0,-0.3999999999999977,1,1.1,0.2,0.3,-0.5,-0.49999999999999867,0.1,0.1,"[0.01 0.02 0.03 0.04 0.05 0.06 0.07 0.08 0.09 0.1  0.11 0.12 0.13 0.14
 0.15 0.16 0.17 0.18 0.19 0.2  0.21 0.22 0.23 0.24 0.25 0.26 0.27 0.28
 0.29 0.3  0.31 0.32 0.33 0.34 0.35 0.36 0.37 0.38 0.39 0.4  0.41 0.42
 0.43 0.44 0.45 0.46 0.47 0.48 0.49 0.5  0.51 0.52 0.53 0.54 0.55 0.56
 0.57 0.58 0.59 0.6  0.61 0.62 0.63 0.64]","[-8.70012885e-05 -3.47358002e-04 -7.79109153e-04 -1.37892191e-03
 -2.14199694e-03 -3.06194093e-03 -4.13061243e-03 -5.33795163e-03
 -6.67180920e-03 -8.11779645e-03 -9.65918595e-03 -1.12768989e-02
 -1.29496196e-02 -1.46540757e-02 -1.63655141e-02 -1.80583786e-02
 -1.97071668e-02 -2.12874032e-02 -2.27766339e-02 -2.41553289e-02
 -2.54075819e-02 -2.65215287e-02 -2.74894533e-02 -2.83076006e-02
 -2.89757564e-02 -2.94966782e-02 -2.98754609e-02 -3.01189082e-02
 -3.02349616e-02 -3.02322146e-02 -3.01195223e-02 -2.99057050e-02
 -2.95993345e-02 -2.92085898e-02 -2.87411678e-02 -2.82042362e-02
 -2.76044166e-02 -2.69477891e-02 -2.62399113e-02 -2.54858462e-02
 -2.46901952e-02 -2.38571330e-02 -2.29904435e-02 -2.20935540e-02
 -2.11695686e-02 -2.02212988e-02 -1.92512921e-02 -1.82618579e-02
 -1.72550916e-02 -1.62328955e-02 -1.51969987e-02 -1.41489742e-02
 -1.30902547e-02 -1.20221461e-02 -1.09458406e-02 -9.86242754e-03
 -8.77290360e-03 -7.67818156e-03 -6.57909848e-03 -5.47642280e-03
 -4.37086081e-03 -3.26306239e-03 -2.15362623e-03 -1.04310442e-03]"
