sigma0re,sigma0im,beta0re,beta0im,mu0re,mu0im,beta1re,beta1im,sigma1re,sigma1im,mu1re,mu1im,alpha0,alpha1,b_star,corresponding_negative_eigenvalues
0.2,0.3,1,1.1,1.0,-0.5999999999999979,1,1.1,0.2,0.3,-0.5,-1.6999999999999997,0.0,0.0,"[0.01 0.02 0.03 0.04 0.05 0.06 0.07 0.08 0.09 0.1  0.11 0.12 0.13 0.14
 0.15 0.16 0.17 0.18 0.19 0.2  0.21 0.22 0.23 0.24 0.25 0.26 0.27 0.28]","[-0.00056471 -0.00227287 -0.00516805 -0.00932758 -0.01486937 -0.02195804
 -0.03079162 -0.04147717 -0.05342924 -0.06397288 -0.06977724 -0.07115237
 -0.06993832 -0.0673224  -0.06391222 -0.06002473 -0.05583584 -0.05144917
 -0.0469289  -0.04231638 -0.03763913 -0.03291593 -0.02815985 -0.02338012
 -0.01858335 -0.01377427 -0.00895633 -0.00413201]"
