sigma0re,sigma0im,beta0re,beta0im,mu0re,mu0im,beta1re,beta1im,sigma1re,sigma1im,mu1re,mu1im,alpha0,alpha1,b_star,corresponding_negative_eigenvalues
0.2,0.3,1,1.1,1.0,1.600000000000004,1,1.1,0.2,0.3,-0.5,1.7000000000000033,0.1,0.1,"[0.27 0.28 0.29 0.3  0.31 0.32 0.33 0.34 0.35 0.36 0.37 0.38 0.39 0.4
 0.41 0.42 0.43 0.44 0.45 0.46 0.47 0.48 0.49 0.5  0.51 0.52 0.53 0.54
 0.55 0.56 0.57 0.58 0.59 0.6  0.61 0.62 0.63 0.64 0.65 0.66 0.67 0.68
 0.69 0.7  0.71 0.72 0.73 0.74 0.75 0.76 0.77 0.78 0.79 0.8  0.81 0.82
 0.83 0.84 0.85 0.86 0.87 0.88 0.89 0.9  0.91 0.92 0.93 0.94 0.95]","[-0.00846602 -0.04152532 -0.1270602  -0.12480477 -0.12256599 -0.12034352
 -0.11813701 -0.11594613 -0.11377051 -0.1116098  -0.10946364 -0.10733167
 -0.10521355 -0.10310892 -0.10101745 -0.09893879 -0.09687262 -0.0948186
 -0.09277643 -0.0907458  -0.08872641 -0.08671796 -0.08472017 -0.08273278
 -0.08075551 -0.07878812 -0.07683034 -0.07488196 -0.07294273 -0.07101244
 -0.06909087 -0.06717782 -0.06527309 -0.0633765  -0.06148786 -0.05960701
 -0.05773377 -0.05586798 -0.0540095  -0.05215817 -0.05031387 -0.04847645
 -0.04664578 -0.04482175 -0.04300424 -0.04119314 -0.03938833 -0.03758973
 -0.03579723 -0.03401075 -0.03223018 -0.03045546 -0.0286865  -0.02692322
 -0.02516556 -0.02341344 -0.0216668  -0.01992558 -0.01818971 -0.01645915
 -0.01473384 -0.01301372 -0.01129876 -0.0095889  -0.0078841  -0.00618433
 -0.00448953 -0.00279969 -0.00111475]"
