sigma0re,sigma0im,beta0re,beta0im,mu0re,mu0im,beta1re,beta1im,sigma1re,sigma1im,mu1re,mu1im,alpha0,alpha1,b_star,corresponding_negative_eigenvalues
0.2,0.3,1,1.1,1.0,-0.799999999999998,1,1.1,0.2,0.3,-0.5,-2.0,0.1,0.1,"[0.01 0.02 0.03 0.04 0.05 0.06 0.07 0.08 0.09 0.1  0.11 0.12 0.13 0.14
 0.15 0.16 0.17 0.18 0.19 0.2  0.21 0.22 0.23 0.24 0.25 0.26 0.27 0.28
 0.29 0.3  0.31 0.32 0.33 0.34]","[-0.00070578 -0.00285586 -0.00655712 -0.01202245 -0.0196522  -0.03026321
 -0.04597992 -0.06849725 -0.05436174 -0.0550685  -0.05824465 -0.06274929
 -0.06823505 -0.07456842 -0.08170001 -0.0887717  -0.08379057 -0.07884559
 -0.0739385  -0.06906957 -0.06423828 -0.05944359 -0.05468421 -0.0499587
 -0.04526557 -0.04060333 -0.03597051 -0.0313657  -0.02678754 -0.02223474
 -0.01770607 -0.01320038 -0.00871658 -0.00425363]"
