sigma0re,sigma0im,beta0re,beta0im,mu0re,mu0im,beta1re,beta1im,sigma1re,sigma1im,mu1re,mu1im,alpha0,alpha1,b_star,corresponding_negative_eigenvalues
0.2,0.3,1,1.1,1.0,2.2000000000000046,1,1.1,0.2,0.3,-0.5,1.7763568394002505e-15,0.1,0.1,[0.01 0.02 0.03 0.04 0.05 0.06 0.07],"[-1.43273963e-05 -5.40479842e-05 -1.09452938e-04 -1.64636045e-04
 -1.97978161e-04 -1.82950035e-04 -8.93115478e-05]"
