sigma0re,sigma0im,beta0re,beta0im,mu0re,mu0im,beta1re,beta1im,sigma1re,sigma1im,mu1re,mu1im,alpha0,alpha1,b_star,corresponding_negative_eigenvalues
0.2,0.3,1,1.1,1.0,-0.2999999999999976,1,1.1,0.2,0.3,-0.5,-0.3999999999999986,0.0,0.0,"[0.01 0.02 0.03 0.04 0.05 0.06 0.07 0.08 0.09 0.1  0.11 0.12 0.13 0.14
 0.15 0.16 0.17 0.18 0.19 0.2  0.21 0.22 0.23 0.24 0.25 0.26 0.27 0.28
 0.29 0.3  0.31 0.32 0.33 0.34 0.35 0.36 0.37 0.38 0.39 0.4  0.41 0.42
 0.43 0.44 0.45 0.46 0.47 0.48 0.49 0.5  0.51 0.52 0.53 0.54 0.55]","[-6.62305863e-05 -2.64088783e-04 -5.91069660e-04 -1.04298569e-03
 -1.61395302e-03 -2.29638277e-03 -3.08098756e-03 -3.95681593e-03
 -4.91132877e-03 -5.93053205e-03 -6.99917781e-03 -8.10104095e-03
 -9.21927189e-03 -1.03368152e-02 -1.14368737e-02 -1.25033884e-02
 -1.35214971e-02 -1.44779347e-02 -1.53613439e-02 -1.61624727e-02
 -1.68742523e-02 -1.74917600e-02 -1.80120858e-02 -1.84341254e-02
 -1.87583284e-02 -1.89864265e-02 -1.91211632e-02 -1.91660409e-02
 -1.91250959e-02 -1.90027056e-02 -1.88034293e-02 -1.85318816e-02
 -1.81926353e-02 -1.77901482e-02 -1.73287124e-02 -1.68124199e-02
 -1.62451410e-02 -1.56305146e-02 -1.49719446e-02 -1.42726033e-02
 -1.35354376e-02 -1.27631789e-02 -1.19583542e-02 -1.11232981e-02
 -1.02601651e-02 -9.37094262e-03 -8.45746274e-03 -7.52141413e-03
 -6.56435321e-03 -5.58771464e-03 -4.59282111e-03 -3.58089251e-03
 -2.55305433e-03 -1.51034548e-03 -4.53725435e-04]"
