sigma0re,sigma0im,beta0re,beta0im,mu0re,mu0im,beta1re,beta1im,sigma1re,sigma1im,mu1re,mu1im,alpha0,alpha1,b_star,corresponding_negative_eigenvalues
0.2,0.3,1,1.1,1.0,1.1000000000000032,1,1.1,0.2,0.3,-0.5,1.300000000000003,0.0,0.0,"[0.28 0.29 0.3  0.31 0.32 0.33 0.34 0.35 0.36 0.37 0.38 0.39 0.4  0.41
 0.42 0.43 0.44 0.45 0.46 0.47 0.48 0.49 0.5  0.51 0.52 0.53 0.54 0.55
 0.56 0.57 0.58 0.59 0.6  0.61 0.62 0.63]","[-0.00874257 -0.05224157 -0.0940947  -0.09107113 -0.08806989 -0.08508999
 -0.08213045 -0.07919035 -0.0762688  -0.07336496 -0.07047801 -0.0676072
 -0.06475177 -0.06191104 -0.05908432 -0.05627099 -0.05347043 -0.05068206
 -0.04790533 -0.04513971 -0.04238469 -0.0396398  -0.03690457 -0.03417857
 -0.03146138 -0.02875259 -0.02605184 -0.02335875 -0.02067297 -0.01799418
 -0.01532205 -0.01265629 -0.0099966  -0.0073427  -0.00469433 -0.00205123]"
