sigma0re,sigma0im,beta0re,beta0im,mu0re,mu0im,beta1re,beta1im,sigma1re,sigma1im,mu1re,mu1im,alpha0,alpha1,b_star,corresponding_negative_eigenvalues
0.2,0.3,1,1.1,1.0,1.5000000000000036,1,1.1,0.2,0.3,-0.5,1.6000000000000032,0.0,0.0,"[0.25 0.26 0.27 0.28 0.29 0.3  0.31 0.32 0.33 0.34 0.35 0.36 0.37 0.38
 0.39 0.4  0.41 0.42 0.43 0.44 0.45 0.46 0.47 0.48 0.49 0.5  0.51 0.52
 0.53 0.54 0.55 0.56 0.57 0.58 0.59 0.6  0.61 0.62 0.63 0.64 0.65 0.66
 0.67 0.68 0.69 0.7  0.71 0.72]","[-0.02695491 -0.0903833  -0.11966063 -0.11684978 -0.11405155 -0.11126575
 -0.10849218 -0.10573061 -0.10298083 -0.10024257 -0.09751559 -0.09479963
 -0.09209442 -0.08939969 -0.08671519 -0.08404062 -0.08137573 -0.07872023
 -0.07607386 -0.07343636 -0.07080744 -0.06818687 -0.06557437 -0.0629697
 -0.0603726  -0.05778283 -0.05520015 -0.05262433 -0.05005515 -0.04749237
 -0.04493578 -0.04238517 -0.03984033 -0.03730106 -0.03476717 -0.03223847
 -0.02971476 -0.02719588 -0.02468166 -0.02217191 -0.01966648 -0.01716521
 -0.01466794 -0.01217454 -0.00968484 -0.00719872 -0.00471604 -0.00223667]"
