sigma0re,sigma0im,beta0re,beta0im,mu0re,mu0im,beta1re,beta1im,sigma1re,sigma1im,mu1re,mu1im,alpha0,alpha1,b_star,corresponding_negative_eigenvalues
0.2,0.3,1,1.1,1.0,-1.799999999999999,1,1.1,0.2,0.3,-0.5,-1.9,0.1,0.1,"[0.18 0.19 0.2  0.21 0.22 0.23 0.24 0.25 0.26 0.27 0.28 0.29 0.3  0.31
 0.32 0.33 0.34 0.35 0.36 0.37 0.38 0.39 0.4  0.41 0.42 0.43 0.44 0.45
 0.46 0.47 0.48 0.49 0.5  0.51 0.52 0.53 0.54 0.55 0.56 0.57 0.58 0.59
 0.6  0.61 0.62 0.63 0.64 0.65 0.66 0.67 0.68 0.69 0.7  0.71 0.72 0.73
 0.74 0.75 0.76 0.77 0.78 0.79 0.8  0.81 0.82 0.83 0.84]","[-0.01119278 -0.02590794 -0.04296219 -0.06288196 -0.08652923 -0.11550172
 -0.1382774  -0.13575881 -0.13324457 -0.13073475 -0.12822943 -0.12572871
 -0.12323269 -0.12074149 -0.11825523 -0.11577406 -0.11329813 -0.11082759
 -0.10836263 -0.10590343 -0.10345019 -0.10100312 -0.09856243 -0.09612837
 -0.09370117 -0.09128108 -0.08886837 -0.08646331 -0.08406617 -0.08167724
 -0.07929681 -0.07692519 -0.07456268 -0.07220959 -0.06986624 -0.06753294
 -0.06521002 -0.06289779 -0.06059658 -0.05830672 -0.05602852 -0.0537623
 -0.05150838 -0.04926707 -0.04703869 -0.04482352 -0.04262188 -0.04043405
 -0.03826031 -0.03610093 -0.03395618 -0.03182631 -0.02971155 -0.02761215
 -0.02552832 -0.02346026 -0.02140816 -0.0193722  -0.01735255 -0.01534934
 -0.01336272 -0.0113928  -0.00943967 -0.00750342 -0.00558412 -0.00368181
 -0.00179652]"
