sigma0re,sigma0im,beta0re,beta0im,mu0re,mu0im,beta1re,beta1im,sigma1re,sigma1im,mu1re,mu1im,alpha0,alpha1,b_star,corresponding_negative_eigenvalues
0.2,0.3,1,1.1,1.0,0.8000000000000034,1,1.1,0.2,0.3,-0.5,0.9000000000000026,0.1,0.1,"[0.34 0.35 0.36 0.37 0.38 0.39 0.4  0.41 0.42 0.43 0.44 0.45 0.46 0.47
 0.48 0.49 0.5  0.51 0.52 0.53 0.54 0.55 0.56 0.57 0.58 0.59 0.6  0.61
 0.62 0.63 0.64 0.65 0.66 0.67 0.68 0.69 0.7  0.71 0.72 0.73 0.74 0.75
 0.76 0.77 0.78 0.79 0.8  0.81 0.82 0.83 0.84 0.85 0.86 0.87 0.88 0.89
 0.9  0.91 0.92 0.93 0.94 0.95]","[-0.0039524  -0.02290298 -0.05393812 -0.08817939 -0.08636121 -0.08455958
 -0.08277404 -0.08100414 -0.07924944 -0.07750949 -0.07578386 -0.07407213
 -0.0723739  -0.07068876 -0.06901635 -0.06735628 -0.0657082  -0.06407177
 -0.06244665 -0.06083253 -0.0592291  -0.05763606 -0.05605313 -0.05448004
 -0.05291653 -0.05136234 -0.04981723 -0.04828098 -0.04675335 -0.04523415
 -0.04372315 -0.04222016 -0.04072501 -0.0392375  -0.03775746 -0.03628473
 -0.03481914 -0.03336055 -0.0319088  -0.03046376 -0.02902529 -0.02759327
 -0.02616756 -0.02474805 -0.02333463 -0.02192719 -0.02052562 -0.01912982
 -0.01773969 -0.01635515 -0.01497611 -0.01360248 -0.01223418 -0.01087114
 -0.00951327 -0.00816051 -0.0068128  -0.00547006 -0.00413223 -0.00279926
 -0.00147109 -0.00014766]"
