sigma0re,sigma0im,beta0re,beta0im,mu0re,mu0im,beta1re,beta1im,sigma1re,sigma1im,mu1re,mu1im,alpha0,alpha1,b_star,corresponding_negative_eigenvalues
0.2,0.3,1,1.1,1.0,1.2000000000000037,1,1.1,0.2,0.3,-0.5,0.10000000000000187,0.0,0.0,"[0.01 0.02 0.03 0.04 0.05 0.06 0.07 0.08 0.09 0.1  0.11 0.12 0.13 0.14
 0.15 0.16 0.17 0.18 0.19 0.2  0.21 0.22 0.23 0.24 0.25 0.26 0.27]","[-6.61658100e-05 -2.63050951e-04 -5.85804433e-04 -1.02630009e-03
 -1.57309556e-03 -2.21141678e-03 -2.92320937e-03 -3.68730778e-03
 -4.47977593e-03 -5.27446610e-03 -6.04382101e-03 -6.75990610e-03
 -7.39560953e-03 -7.92589699e-03 -8.32897471e-03 -8.58721107e-03
 -8.68770183e-03 -8.62242759e-03 -8.38802465e-03 -7.98525046e-03
 -7.41825745e-03 -6.69379134e-03 -5.82041006e-03 -4.80778858e-03
 -3.66614375e-03 -2.40578796e-03 -1.03680373e-03]"
