sigma0re,sigma0im,beta0re,beta0im,mu0re,mu0im,beta1re,beta1im,sigma1re,sigma1im,mu1re,mu1im,alpha0,alpha1,b_star,corresponding_negative_eigenvalues
0.2,0.3,1,1.1,1.0,0.8000000000000034,1,1.1,0.2,0.3,-0.5,1.400000000000003,0.0,0.0,[0.3  0.31 0.32 0.33 0.34 0.35 0.36 0.37 0.38 0.39 0.4  0.41 0.42],"[-0.0459273  -0.04212277 -0.03833572 -0.03456506 -0.03080976 -0.02706887
 -0.02334145 -0.01962663 -0.0159236  -0.01223157 -0.00854982 -0.00487765
 -0.0012144 ]"
