sigma0re,sigma0im,beta0re,beta0im,mu0re,mu0im,beta1re,beta1im,sigma1re,sigma1im,mu1re,mu1im,alpha0,alpha1,b_star,corresponding_negative_eigenvalues
0.2,0.3,1,1.1,1.0,-0.9999999999999982,1,1.1,0.2,0.3,-0.5,-0.9999999999999991,0.1,0.1,"[0.11 0.12 0.13 0.14 0.15 0.16 0.17 0.18 0.19 0.2  0.21 0.22 0.23 0.24
 0.25 0.26 0.27 0.28 0.29 0.3  0.31 0.32 0.33 0.34 0.35 0.36 0.37 0.38
 0.39 0.4  0.41 0.42 0.43 0.44 0.45 0.46 0.47 0.48 0.49 0.5  0.51 0.52
 0.53 0.54 0.55 0.56 0.57 0.58 0.59 0.6  0.61 0.62 0.63 0.64 0.65 0.66
 0.67 0.68 0.69 0.7  0.71 0.72 0.73 0.74 0.75 0.76 0.77 0.78 0.79 0.8
 0.81 0.82 0.83 0.84 0.85 0.86 0.87 0.88 0.89]","[-3.17598375e-04 -3.53386629e-03 -7.22747968e-03 -1.14017925e-02
 -1.60641789e-02 -2.12262054e-02 -2.69039547e-02 -3.31185351e-02
 -3.98968296e-02 -4.72725648e-02 -5.52878270e-02 -6.39952219e-02
 -7.34610013e-02 -8.37696994e-02 -9.50312357e-02 -1.07392272e-01
 -1.21055387e-01 -1.18720400e-01 -1.16238403e-01 -1.13780903e-01
 -1.11347298e-01 -1.08937007e-01 -1.06549476e-01 -1.04184170e-01
 -1.01840583e-01 -9.95182285e-02 -9.72166464e-02 -9.49353974e-02
 -9.26740646e-02 -9.04322524e-02 -8.82095856e-02 -8.60057089e-02
 -8.38202858e-02 -8.16529978e-02 -7.95035438e-02 -7.73716394e-02
 -7.52570159e-02 -7.31594195e-02 -7.10786108e-02 -6.90143642e-02
 -6.69664668e-02 -6.49347183e-02 -6.29189297e-02 -6.09189236e-02
 -5.89345328e-02 -5.69656001e-02 -5.50119781e-02 -5.30735280e-02
 -5.11501199e-02 -4.92416317e-02 -4.73479489e-02 -4.54689646e-02
 -4.36045784e-02 -4.17546965e-02 -3.99192311e-02 -3.80981003e-02
 -3.62912277e-02 -3.44985417e-02 -3.27199759e-02 -3.09554682e-02
 -2.92049609e-02 -2.74684002e-02 -2.57457360e-02 -2.40369219e-02
 -2.23419145e-02 -2.06606736e-02 -1.89931617e-02 -1.73393441e-02
 -1.56991883e-02 -1.40726640e-02 -1.24597431e-02 -1.08603990e-02
 -9.27460711e-03 -7.70234401e-03 -6.14358773e-03 -4.59831739e-03
 -3.06651306e-03 -1.54815567e-03 -4.32267717e-05]"
