sigma0re,sigma0im,beta0re,beta0im,mu0re,mu0im,beta1re,beta1im,sigma1re,sigma1im,mu1re,mu1im,alpha0,alpha1,b_star,corresponding_negative_eigenvalues
0.2,0.3,1,1.1,1.0,-0.09999999999999742,1,1.1,0.2,0.3,-0.5,-1.2999999999999994,0.0,0.0,[0.01 0.02 0.03 0.04 0.05 0.06 0.07 0.08 0.09 0.1  0.11],"[-7.12364761e-05 -2.77868735e-04 -5.98573343e-04 -9.97628524e-04
 -1.42507486e-03 -1.81779124e-03 -2.10220707e-03 -2.19920882e-03
 -2.03119605e-03 -1.53026091e-03 -6.45569846e-04]"
