sigma0re,sigma0im,beta0re,beta0im,mu0re,mu0im,beta1re,beta1im,sigma1re,sigma1im,mu1re,mu1im,alpha0,alpha1,b_star,corresponding_negative_eigenvalues
0.2,0.3,1,1.1,1.0,-2.1999999999999993,1,1.1,0.2,0.3,-0.5,-0.2999999999999985,0.1,0.1,"[0.33 0.34 0.35 0.36 0.37 0.38 0.39 0.4  0.41 0.42 0.43 4.75 4.76 4.77
 4.78 4.79 4.8  4.81 4.82 4.83 4.84 4.85 4.86 4.87 4.88 4.89 4.9  4.91
 4.92 4.93 4.94 4.95 4.96 4.97 4.98 4.99 5.  ]","[-0.03060422 -0.02773952 -0.02487046 -0.02199976 -0.01912968 -0.01626205
 -0.01339841 -0.01054002 -0.00768795 -0.00484306 -0.00200611 -0.00310468
 -0.00709863 -0.01111758 -0.01516158 -0.01923067 -0.02332488 -0.02744426
 -0.03158885 -0.03575868 -0.0399538  -0.04417424 -0.04842005 -0.05269125
 -0.05698789 -0.06131002 -0.06565766 -0.07003085 -0.07442964 -0.07885406
 -0.08330415 -0.08777994 -0.09228149 -0.09680881 -0.10136196 -0.10594096
 -0.11054585]"
