sigma0re,sigma0im,beta0re,beta0im,mu0re,mu0im,beta1re,beta1im,sigma1re,sigma1im,mu1re,mu1im,alpha0,alpha1,b_star,corresponding_negative_eigenvalues
0.2,0.3,1,1.1,1.0,2.7000000000000046,1,1.1,0.2,0.3,-0.5,0.40000000000000213,0.1,0.1,"[0.01 0.02 0.03 0.04 0.05 0.06 0.07 0.08 0.09 0.1  0.11 0.12 0.13 0.14
 0.15 0.16 0.17 0.18 0.19 0.2  0.21 0.22 0.23 0.24 0.25 0.26 0.27 0.28
 0.29 0.3  0.31 0.32 0.33 0.34 0.35 0.36 0.37 0.38 0.39 0.4  0.41 0.42
 0.43 0.44 0.45 0.46 0.47 0.48 0.49 0.5  0.51 0.52 0.53 0.54 4.71 4.72
 4.73 4.74 4.75 4.76 4.77 4.78 4.79 4.8  4.81 4.82 4.83 4.84 4.85 4.86
 4.87 4.88 4.89 4.9  4.91 4.92 4.93 4.94 4.95 4.96 4.97 4.98 4.99 5.  ]","[-0.00050418 -0.00203269 -0.0046363  -0.00841023 -0.01351564 -0.02022615
 -0.02904083 -0.04102772 -0.05951928 -0.05441833 -0.0516752  -0.05260675
 -0.05496382 -0.0581914  -0.06207548 -0.06651802 -0.07147175 -0.07691576
 -0.0828449  -0.08926484 -0.09618979 -0.09385217 -0.09061331 -0.08740492
 -0.08422619 -0.08107613 -0.07795367 -0.07485768 -0.07178702 -0.06874058
 -0.06571727 -0.06271602 -0.05973585 -0.05677577 -0.05383489 -0.05091233
 -0.04800729 -0.04511899 -0.04224671 -0.03938977 -0.03654754 -0.03371941
 -0.03090484 -0.0281033  -0.0253143  -0.02253739 -0.01977214 -0.01701816
 -0.01427507 -0.01154255 -0.00882026 -0.00610792 -0.00340524 -0.00071199
 -0.00372552 -0.00778383 -0.01186713 -0.01597545 -0.02010883 -0.02426729
 -0.02845086 -0.03265958 -0.03689347 -0.04115256 -0.04543689 -0.04974649
 -0.05408137 -0.05844158 -0.06282715 -0.06723809 -0.07167445 -0.07613624
 -0.08062351 -0.08513627 -0.08967456 -0.0942384  -0.09882783 -0.10344287
 -0.10808355 -0.11274989 -0.11744194 -0.1221597  -0.12690322 -0.13167251]"
