sigma0re,sigma0im,beta0re,beta0im,mu0re,mu0im,beta1re,beta1im,sigma1re,sigma1im,mu1re,mu1im,alpha0,alpha1,b_star,corresponding_negative_eigenvalues
0.2,0.3,1,1.1,1.0,0.9000000000000035,1,1.1,0.2,0.3,-0.5,1.7763568394002505e-15,0.1,0.1,[0.01 0.02 0.03 0.04 0.05 0.06 0.07 0.08 0.09 0.1  0.11 0.12 0.13 0.14],"[-7.40438630e-06 -2.90721407e-05 -6.33817403e-05 -1.07679548e-04
 -1.58352845e-04 -2.10931150e-04 -2.60214303e-04 -3.00424619e-04
 -3.25378941e-04 -3.28674768e-04 -3.03883065e-04 -2.44739166e-04
 -1.45322595e-04 -2.16952420e-07]"
