sigma0re,sigma0im,beta0re,beta0im,mu0re,mu0im,beta1re,beta1im,sigma1re,sigma1im,mu1re,mu1im,alpha0,alpha1,b_star,corresponding_negative_eigenvalues
0.2,0.3,1,1.1,1.0,-1.2999999999999985,1,1.1,0.2,0.3,-0.5,-1.5999999999999996,0.1,0.1,"[0.16 0.17 0.18 0.19 0.2  0.21 0.22 0.23 0.24 0.25 0.26 0.27 0.28 0.29
 0.3  0.31 0.32 0.33 0.34 0.35 0.36 0.37 0.38 0.39 0.4  0.41 0.42 0.43
 0.44 0.45 0.46 0.47 0.48 0.49 0.5  0.51 0.52 0.53 0.54 0.55 0.56 0.57
 0.58 0.59 0.6  0.61 0.62 0.63 0.64 0.65 0.66 0.67 0.68]","[-0.0030938  -0.01099263 -0.01988112 -0.02983174 -0.04093997 -0.05333265
 -0.06718142 -0.08272522 -0.10031101 -0.11769004 -0.114608   -0.11154421
 -0.10849869 -0.10547141 -0.10246233 -0.09947139 -0.09649853 -0.09354367
 -0.09060673 -0.0876876  -0.08478619 -0.08190239 -0.07903609 -0.07618717
 -0.07335553 -0.07054103 -0.06774357 -0.06496303 -0.06219928 -0.05945221
 -0.0567217  -0.05400763 -0.0513099  -0.04862838 -0.04596297 -0.04331355
 -0.04068002 -0.03806228 -0.03546021 -0.03287373 -0.03030272 -0.02774709
 -0.02520674 -0.02268158 -0.02017151 -0.01767645 -0.0151963  -0.01273097
 -0.01028037 -0.00784442 -0.00542303 -0.00301611 -0.00062358]"
