sigma0re,sigma0im,beta0re,beta0im,mu0re,mu0im,beta1re,beta1im,sigma1re,sigma1im,mu1re,mu1im,alpha0,alpha1,b_star,corresponding_negative_eigenvalues
0.2,0.3,1,1.1,1.0,-0.2999999999999976,1,1.1,0.2,0.3,-0.5,-0.899999999999999,0.1,0.1,"[0.01 0.02 0.03 0.04 0.05 0.06 0.07 0.08 0.09 0.1  0.11 0.12 0.13 0.14
 0.15 0.16 0.17 0.18 0.19 0.2  0.21 0.22 0.23 0.24 0.25 0.26 0.27 0.28
 0.29 0.3 ]","[-0.00011659 -0.00046459 -0.00103862 -0.00182935 -0.002823   -0.0040006
 -0.00533721 -0.00680109 -0.00835306 -0.00994632 -0.01152719 -0.01303693
 -0.014415   -0.01560348 -0.01655191 -0.01722162 -0.01758832 -0.01764256
 -0.01738816 -0.01683926 -0.01601696 -0.01494619 -0.01365316 -0.01216365
 -0.0105019  -0.00869    -0.00674772 -0.00469245 -0.0025394  -0.00030175]"
