sigma0re,sigma0im,beta0re,beta0im,mu0re,mu0im,beta1re,beta1im,sigma1re,sigma1im,mu1re,mu1im,alpha0,alpha1,b_star,corresponding_negative_eigenvalues
0.2,0.3,1,1.1,1.0,0.6000000000000032,1,1.1,0.2,0.3,-0.5,0.9000000000000026,0.1,0.1,"[0.35 0.36 0.37 0.38 0.39 0.4  0.41 0.42 0.43 0.44 0.45 0.46 0.47 0.48
 0.49 0.5  0.51 0.52 0.53 0.54 0.55 0.56 0.57 0.58 0.59 0.6  0.61 0.62]","[-0.00241295 -0.04813973 -0.05078383 -0.04877412 -0.04676097 -0.04474594
 -0.04273031 -0.04071515 -0.0387013  -0.03668948 -0.03468028 -0.03267416
 -0.03067153 -0.02867269 -0.02667789 -0.02468735 -0.02270122 -0.02071963
 -0.01874268 -0.01677042 -0.01480292 -0.01284019 -0.01088227 -0.00892915
 -0.00698082 -0.00503728 -0.0030985  -0.00116446]"
