sigma0re,sigma0im,beta0re,beta0im,mu0re,mu0im,beta1re,beta1im,sigma1re,sigma1im,mu1re,mu1im,alpha0,alpha1,b_star,corresponding_negative_eigenvalues
0.2,0.3,1,1.1,1.0,1.3000000000000043,1,1.1,0.2,0.3,-0.5,1.6000000000000032,0.1,0.1,"[0.3  0.31 0.32 0.33 0.34 0.35 0.36 0.37 0.38 0.39 0.4  0.41 0.42 0.43
 0.44 0.45 0.46 0.47 0.48 0.49 0.5  0.51 0.52 0.53 0.54 0.55 0.56 0.57
 0.58 0.59 0.6  0.61 0.62 0.63 0.64 0.65 0.66 0.67 0.68 0.69 0.7  0.71
 0.72 0.73 0.74 0.75 0.76]","[-0.02116777 -0.07746856 -0.10226655 -0.09965908 -0.09707229 -0.09450544
 -0.09195782 -0.08942874 -0.08691753 -0.08442355 -0.08194619 -0.07948485
 -0.07703896 -0.07460797 -0.07219136 -0.06978863 -0.06739929 -0.06502291
 -0.06265902 -0.06030723 -0.05796712 -0.05563833 -0.05332048 -0.05101324
 -0.04871629 -0.0464293  -0.04415198 -0.04188405 -0.03962524 -0.03737529
 -0.03513398 -0.03290106 -0.03067631 -0.02845954 -0.02625054 -0.02404913
 -0.02185513 -0.01966838 -0.01748871 -0.01531597 -0.01315002 -0.01099073
 -0.00883797 -0.00669161 -0.00455155 -0.00241767 -0.00028987]"
