sigma0re,sigma0im,beta0re,beta0im,mu0re,mu0im,beta1re,beta1im,sigma1re,sigma1im,mu1re,mu1im,alpha0,alpha1,b_star,corresponding_negative_eigenvalues
0.2,0.3,1,1.1,1.0,-1.799999999999999,1,1.1,0.2,0.3,-0.5,-2.0,0.0,0.0,"[0.16 0.17 0.18 0.19 0.2  0.21 0.22 0.23 0.24 0.25 0.26 0.27 0.28 0.29
 0.3  0.31 0.32 0.33 0.34 0.35 0.36 0.37 0.38 0.39 0.4  0.41 0.42 0.43
 0.44 0.45 0.46 0.47 0.48 0.49 0.5  0.51 0.52 0.53 0.54 0.55 0.56 0.57
 0.58 0.59 0.6  0.61 0.62 0.63 0.64 0.65 0.66 0.67 0.68]","[-0.00921739 -0.02482956 -0.04307984 -0.06458789 -0.0904063  -0.12259842
 -0.13238449 -0.12939725 -0.12641921 -0.12345039 -0.12049077 -0.11754032
 -0.11459898 -0.11166668 -0.10874333 -0.10582881 -0.10292301 -0.10002578
 -0.097137   -0.09425649 -0.09138411 -0.08851968 -0.08566302 -0.08281397
 -0.07997233 -0.07713792 -0.07431055 -0.07149005 -0.06867621 -0.06586885
 -0.06306779 -0.06027284 -0.05748381 -0.05470052 -0.05192279 -0.04915045
 -0.04638332 -0.04362123 -0.040864   -0.03811149 -0.03536352 -0.03261993
 -0.02988058 -0.02714531 -0.02441398 -0.02168645 -0.01896257 -0.01624221
 -0.01352524 -0.01081153 -0.00810096 -0.00539341 -0.00268876]"
