sigma0re,sigma0im,beta0re,beta0im,mu0re,mu0im,beta1re,beta1im,sigma1re,sigma1im,mu1re,mu1im,alpha0,alpha1,b_star,corresponding_negative_eigenvalues
0.2,0.3,1,1.1,1.0,1.400000000000004,1,1.1,0.2,0.3,-0.5,1.8000000000000034,0.1,0.1,"[0.28 0.29 0.3  0.31 0.32 0.33 0.34 0.35 0.36 0.37 0.38 0.39 0.4  0.41
 0.42 0.43 0.44 0.45 0.46 0.47 0.48 0.49 0.5  0.51 0.52 0.53 0.54 0.55
 0.56 0.57 0.58 0.59 0.6  0.61 0.62 0.63 0.64 0.65 0.66 0.67 0.68 0.69
 0.7  0.71]","[-0.00868978 -0.05330833 -0.10408581 -0.10127966 -0.09849399 -0.09572811
 -0.09298133 -0.09025298 -0.08754242 -0.08484901 -0.08217215 -0.07951124
 -0.07686573 -0.07423507 -0.07161873 -0.06901622 -0.06642705 -0.06385076
 -0.06128692 -0.05873511 -0.05619493 -0.05366599 -0.05114793 -0.04864042
 -0.04614311 -0.04365569 -0.04117788 -0.03870938 -0.03624994 -0.03379929
 -0.03135719 -0.02892342 -0.02649776 -0.02408001 -0.02166996 -0.01926745
 -0.01687228 -0.01448431 -0.01210337 -0.00972931 -0.00736201 -0.00500132
 -0.00264712 -0.0002993 ]"
