sigma0re,sigma0im,beta0re,beta0im,mu0re,mu0im,beta1re,beta1im,sigma1re,sigma1im,mu1re,mu1im,alpha0,alpha1,b_star,corresponding_negative_eigenvalues
0.2,0.3,1,1.1,1.0,0.30000000000000293,1,1.1,0.2,0.3,-0.5,0.5000000000000022,0.0,0.0,"[0.14 0.15 0.16 0.17 0.18 0.19 0.2  0.21 0.22 0.23 0.24 0.25 0.26 0.27
 0.28 0.29 0.3  0.31 0.32 0.33 0.34 0.35 0.36 0.37 0.38 0.39 0.4  0.41
 0.42 0.43 0.44]","[-0.0001999  -0.01370853 -0.01483884 -0.01586557 -0.01677074 -0.01754046
 -0.01816514 -0.01863934 -0.01896146 -0.01913315 -0.01915865 -0.01904419
 -0.01879731 -0.01842636 -0.01794009 -0.01734726 -0.01665647 -0.01587593
 -0.01501339 -0.01407608 -0.01307068 -0.01200329 -0.01087953 -0.00970446
 -0.00848269 -0.00721841 -0.00591538 -0.004577   -0.00320635 -0.0018062
 -0.00037905]"
