sigma0re,sigma0im,beta0re,beta0im,mu0re,mu0im,beta1re,beta1im,sigma1re,sigma1im,mu1re,mu1im,alpha0,alpha1,b_star,corresponding_negative_eigenvalues
0.2,0.3,1,1.1,1.0,0.10000000000000275,1,1.1,0.2,0.3,-0.5,0.5000000000000022,0.0,0.0,[0.14 0.15 0.16 0.17 0.18 0.19],[-0.00217203 -0.00205503 -0.00183988 -0.00152085 -0.00109434 -0.00055876]
