sigma0re,sigma0im,beta0re,beta0im,mu0re,mu0im,beta1re,beta1im,sigma1re,sigma1im,mu1re,mu1im,alpha0,alpha1,b_star,corresponding_negative_eigenvalues
0.2,0.3,1,1.1,1.0,0.6000000000000032,1,1.1,0.2,0.3,-0.5,0.9000000000000026,0.0,0.0,"[0.31 0.32 0.33 0.34 0.35 0.36 0.37 0.38 0.39 0.4  0.41 0.42 0.43 0.44
 0.45 0.46 0.47 0.48]","[-0.04684042 -0.04430344 -0.04174686 -0.0391747  -0.03659019 -0.03399593
 -0.03139404 -0.02878622 -0.02617389 -0.02355817 -0.02094001 -0.01832015
 -0.01569922 -0.01307772 -0.01045605 -0.00783454 -0.00521345 -0.00259297]"
