sigma0re,sigma0im,beta0re,beta0im,mu0re,mu0im,beta1re,beta1im,sigma1re,sigma1im,mu1re,mu1im,alpha0,alpha1,b_star,corresponding_negative_eigenvalues
0.2,0.3,1,1.1,1.0,1.0000000000000036,1,1.1,0.2,0.3,-0.5,1.7000000000000033,0.1,0.1,"[0.32 0.33 0.34 0.35 0.36 0.37 0.38 0.39 0.4  0.41 0.42 0.43 0.44 0.45
 0.46 0.47 0.48 0.49 0.5  0.51]","[-0.05231533 -0.06072108 -0.05735059 -0.05400193 -0.05067388 -0.04736533
 -0.04407522 -0.04080258 -0.0375465  -0.03430613 -0.03108068 -0.02786942
 -0.02467166 -0.02148676 -0.01831413 -0.0151532  -0.01200348 -0.00886446
 -0.00573569 -0.00261677]"
