sigma0re,sigma0im,beta0re,beta0im,mu0re,mu0im,beta1re,beta1im,sigma1re,sigma1im,mu1re,mu1im,alpha0,alpha1,b_star,corresponding_negative_eigenvalues
0.2,0.3,1,1.1,1.0,0.20000000000000284,1,1.1,0.2,0.3,-0.5,0.6000000000000023,0.1,0.1,[0.26 0.27 0.28 0.29 0.3  0.31 0.32 0.33 0.34 0.35],"[-0.00985176 -0.00917008 -0.00838818 -0.00751365 -0.00655396 -0.00551629
 -0.00440743 -0.00323373 -0.00200111 -0.00071499]"
