sigma0re,sigma0im,beta0re,beta0im,mu0re,mu0im,beta1re,beta1im,sigma1re,sigma1im,mu1re,mu1im,alpha0,alpha1,b_star,corresponding_negative_eigenvalues
0.2,0.3,1,1.1,1.0,2.5000000000000053,1,1.1,0.2,0.3,-0.5,0.6000000000000023,0.0,0.0,"[0.15 0.16 0.17 0.18 0.19 0.2  0.21 0.22 0.23 0.24 0.25 0.26 0.27 0.28
 0.29 0.3  0.31 0.32 0.33 0.34 0.35 0.36 0.37 0.38 0.39 0.4  0.41 0.42
 0.43 0.44 0.45 0.46 0.47 0.48 0.49 0.5  0.51 0.52 0.53 0.54 0.55 0.56
 0.57 0.58 0.59 0.6  0.61 0.62 0.63 0.64 0.65 0.66 0.67 0.68 0.69 0.7
 0.71 0.72 0.73 0.74 0.75]","[-0.00162778 -0.00823869 -0.01567646 -0.02398787 -0.03323497 -0.04349953
 -0.05488986 -0.06755157 -0.08168543 -0.09757878 -0.11566589 -0.12066646
 -0.11790909 -0.11517226 -0.11245541 -0.10975796 -0.10707935 -0.10441899
 -0.10177631 -0.09915075 -0.09654174 -0.09394873 -0.09137119 -0.08880858
 -0.08626039 -0.08372611 -0.08120525 -0.07869734 -0.07620191 -0.07371852
 -0.07124672 -0.06878611 -0.06633628 -0.06389682 -0.06146737 -0.05904755
 -0.05663701 -0.05423541 -0.05184242 -0.04945771 -0.04708099 -0.04471195
 -0.04235032 -0.03999581 -0.03764816 -0.03530711 -0.03297242 -0.03064385
 -0.02832118 -0.02600417 -0.02369262 -0.02138631 -0.01908507 -0.01678868
 -0.01449697 -0.01220977 -0.00992689 -0.00764818 -0.00537348 -0.00310262
 -0.00083548]"
