sigma0re,sigma0im,beta0re,beta0im,mu0re,mu0im,beta1re,beta1im,sigma1re,sigma1im,mu1re,mu1im,alpha0,alpha1,b_star,corresponding_negative_eigenvalues
0.2,0.3,1,1.1,1.0,-0.5999999999999979,1,1.1,0.2,0.3,-0.5,-1.5999999999999996,0.0,0.0,"[0.01 0.02 0.03 0.04 0.05 0.06 0.07 0.08 0.09 0.1  0.11 0.12 0.13 0.14
 0.15 0.16 0.17 0.18 0.19 0.2  0.21 0.22 0.23 0.24 0.25 0.26 0.27 0.28
 0.29 0.3 ]","[-0.0005314  -0.00213774 -0.00485656 -0.00875404 -0.01393021 -0.0205236
 -0.02870294 -0.03858956 -0.04988792 -0.06082738 -0.06816546 -0.07097443
 -0.07075073 -0.06882785 -0.06594143 -0.06247937 -0.05865581 -0.05459587
 -0.05037646 -0.0460469  -0.04163987 -0.03717764 -0.03267573 -0.02814513
 -0.02359371 -0.01902719 -0.01444973 -0.00986438 -0.00527337 -0.00067834]"
