sigma0re,sigma0im,beta0re,beta0im,mu0re,mu0im,beta1re,beta1im,sigma1re,sigma1im,mu1re,mu1im,alpha0,alpha1,b_star,corresponding_negative_eigenvalues
0.2,0.3,1,1.1,1.0,2.9000000000000057,1,1.1,0.2,0.3,-0.5,0.8000000000000025,0.0,0.0,"[0.18 0.19 0.2  0.21 0.22 0.23 0.24 0.25 0.26 0.27 0.28 0.29 0.3  0.31
 0.32 0.33 0.34 0.35 0.36 0.37 0.38 0.39 0.4  0.41 0.42 0.43 0.44 0.45
 0.46 0.47 0.48 0.49 0.5  0.51 0.52 0.53 0.54 0.55 0.56 0.57 0.58 0.59
 0.6  0.61 0.62 0.63 0.64 0.65 0.66 0.67 0.68 0.69 0.7  0.71 0.72 0.73
 0.74 0.75 0.76 0.77 0.78 0.79 0.8  0.81 0.82 0.83 0.84 0.85 0.86 0.87
 0.88 0.89 0.9  0.91 0.92 0.93]","[-0.00600084 -0.01792558 -0.03155569 -0.04717693 -0.06521543 -0.08635144
 -0.11179377 -0.14149137 -0.13922974 -0.13697571 -0.13472932 -0.1324906
 -0.13025954 -0.12803615 -0.1258204  -0.12361227 -0.12141172 -0.11921869
 -0.11703313 -0.11485497 -0.11268413 -0.11052053 -0.10836409 -0.1062147
 -0.10407227 -0.10193669 -0.09980786 -0.09768567 -0.09557    -0.09346074
 -0.09135777 -0.08926098 -0.08717023 -0.08508543 -0.08300643 -0.08093312
 -0.07886539 -0.0768031  -0.07474614 -0.07269439 -0.07064774 -0.06860605
 -0.06656923 -0.06453714 -0.06250969 -0.06048675 -0.05846821 -0.05645397
 -0.05444392 -0.05243795 -0.05043596 -0.04843785 -0.04644351 -0.04445286
 -0.04246578 -0.04048219 -0.03850199 -0.0365251  -0.03455143 -0.03258087
 -0.03061337 -0.02864882 -0.02668714 -0.02472827 -0.02277211 -0.0208186
 -0.01886766 -0.01691921 -0.01497319 -0.01302952 -0.01108815 -0.00914899
 -0.007212   -0.00527709 -0.00334423 -0.00141334]"
