sigma0re,sigma0im,beta0re,beta0im,mu0re,mu0im,beta1re,beta1im,sigma1re,sigma1im,mu1re,mu1im,alpha0,alpha1,b_star,corresponding_negative_eigenvalues
0.2,0.3,1,1.1,1.0,-1.4999999999999987,1,1.1,0.2,0.3,-0.5,-1.6999999999999997,0.1,0.1,"[0.17 0.18 0.19 0.2  0.21 0.22 0.23 0.24 0.25 0.26 0.27 0.28 0.29 0.3
 0.31 0.32 0.33 0.34 0.35 0.36 0.37 0.38 0.39 0.4  0.41 0.42 0.43 0.44
 0.45 0.46 0.47 0.48 0.49 0.5  0.51 0.52 0.53 0.54 0.55 0.56 0.57 0.58
 0.59 0.6  0.61 0.62 0.63 0.64 0.65 0.66 0.67 0.68 0.69 0.7  0.71 0.72
 0.73 0.74 0.75 0.76]","[-0.00112283 -0.01099823 -0.02220909 -0.03490491 -0.04929102 -0.0656585
 -0.08443994 -0.10632506 -0.12736471 -0.12456808 -0.12178146 -0.11900502
 -0.11623892 -0.11348333 -0.1107384  -0.10800431 -0.1052812  -0.10256923
 -0.09986855 -0.09717932 -0.09450167 -0.09183576 -0.08918172 -0.08653971
 -0.08390984 -0.08129227 -0.07868713 -0.07609453 -0.07351462 -0.07094752
 -0.06839334 -0.06585222 -0.06332426 -0.06080958 -0.05830829 -0.0558205
 -0.05334631 -0.05088583 -0.04843914 -0.04600636 -0.04358756 -0.04118284
 -0.03879228 -0.03641595 -0.03405395 -0.03170633 -0.02937316 -0.02705452
 -0.02475045 -0.02246102 -0.02018627 -0.01792624 -0.01568099 -0.01345053
 -0.01123491 -0.00903415 -0.00684826 -0.00467727 -0.00252117 -0.00037997]"
