sigma0re,sigma0im,beta0re,beta0im,mu0re,mu0im,beta1re,beta1im,sigma1re,sigma1im,mu1re,mu1im,alpha0,alpha1,b_star,corresponding_negative_eigenvalues
0.2,0.3,1,1.1,1.0,-2.5999999999999996,1,1.1,0.2,0.3,-0.5,-0.49999999999999867,0.1,0.1,"[0.3  0.31 0.32 0.33 0.34 0.35 0.36 0.37 0.38 0.39 0.4  0.41 0.42 0.43
 0.44 0.45 0.46 0.47 0.48 0.49 0.5  0.51 0.52 0.53 0.54 0.55 0.56 0.57
 0.58 0.59 0.6  0.61 0.62 4.13 4.14 4.15 4.16 4.17 4.18 4.19 4.2  4.21
 4.22 4.23 4.24 4.25 4.26 4.27 4.28 4.29 4.3  4.31 4.32 4.33 4.34 4.35
 4.36 4.37 4.38 4.39 4.4  4.41 4.42 4.43 4.44 4.45 4.46 4.47 4.48 4.49
 4.5  4.51 4.52 4.53 4.54 4.55 4.56 4.57 4.58 4.59 4.6  4.61 4.62 4.63
 4.64 4.65 4.66 4.67 4.68 4.69 4.7  4.71 4.72 4.73 4.74 4.75 4.76 4.77
 4.78 4.79 4.8  4.81 4.82 4.83 4.84 4.85 4.86 4.87 4.88 4.89 4.9  4.91
 4.92 4.93 4.94 4.95 4.96 4.97 4.98 4.99 5.  ]","[-0.00379205 -0.04776357 -0.08235844 -0.07931892 -0.07630715 -0.07332247
 -0.07036423 -0.06743182 -0.06452468 -0.06164229 -0.05878415 -0.05594981
 -0.05313883 -0.05035082 -0.0475854  -0.04484222 -0.04212095 -0.0394213
 -0.03674297 -0.0340857  -0.03144925 -0.02883338 -0.02623789 -0.02366256
 -0.02110721 -0.01857167 -0.01605578 -0.01355939 -0.01108234 -0.00862452
 -0.0061858  -0.00376606 -0.00136519 -0.00090247 -0.00367579 -0.00646969
 -0.0092842  -0.01211935 -0.01497519 -0.01785174 -0.02074905 -0.02366714
 -0.02660606 -0.02956582 -0.03254648 -0.03554806 -0.0385706  -0.04161413
 -0.04467869 -0.04776431 -0.05087102 -0.05399887 -0.05714787 -0.06031807
 -0.0635095  -0.06672219 -0.06995618 -0.07321149 -0.07648818 -0.07978625
 -0.08310576 -0.08644673 -0.08980919 -0.09319319 -0.09659874 -0.10002589
 -0.10347467 -0.1069451  -0.11043723 -0.11395108 -0.11748669 -0.12104409
 -0.12462331 -0.12822439 -0.13184735 -0.13549222 -0.13915905 -0.14284786
 -0.14655868 -0.15029155 -0.15404649 -0.15782354 -0.16162274 -0.1654441
 -0.16928766 -0.17315346 -0.17704152 -0.18095188 -0.18488456 -0.1888396
 -0.19281703 -0.19681688 -0.20083918 -0.20488396 -0.20895125 -0.21304108
 -0.21715348 -0.22128848 -0.22544612 -0.22962641 -0.2338294  -0.23805511
 -0.24230357 -0.24657481 -0.25086886 -0.25518576 -0.25952552 -0.26388818
 -0.26827377 -0.27268232 -0.27711386 -0.28156841 -0.28604601 -0.29054668
 -0.29507045 -0.29961736 -0.30418742 -0.30878067 -0.31339714 -0.31803686
 -0.32269985]"
