sigma0re,sigma0im,beta0re,beta0im,mu0re,mu0im,beta1re,beta1im,sigma1re,sigma1im,mu1re,mu1im,alpha0,alpha1,b_star,corresponding_negative_eigenvalues
0.2,0.3,1,1.1,1.0,-0.09999999999999742,1,1.1,0.2,0.3,-0.5,-0.2999999999999985,0.1,0.1,"[0.01 0.02 0.03 0.04 0.05 0.06 0.07 0.08 0.09 0.1  0.11 0.12 0.13 0.14
 0.15 0.16 0.17 0.18 0.19 0.2  0.21 0.22 0.23 0.24 0.25 0.26 0.27 0.28
 0.29 0.3  0.31 4.61 4.62 4.63 4.64 4.65 4.66 4.67 4.68 4.69 4.7  4.71
 4.72 4.73 4.74 4.75 4.76 4.77 4.78 4.79 4.8  4.81 4.82 4.83 4.84 4.85
 4.86 4.87 4.88 4.89 4.9  4.91 4.92 4.93 4.94 4.95 4.96 4.97 4.98 4.99
 5.  ]","[-1.36990387e-05 -5.44765869e-05 -1.21381176e-04 -2.12851022e-04
 -3.26749590e-04 -4.60414456e-04 -6.10718460e-04 -7.74141705e-04
 -9.46852540e-04 -1.12479518e-03 -1.30378126e-03 -1.47958223e-03
 -1.64801945e-03 -1.80504888e-03 -1.94683732e-03 -2.06982797e-03
 -2.17079349e-03 -2.24687535e-03 -2.29560946e-03 -2.31493829e-03
 -2.30321079e-03 -2.25917153e-03 -2.18194100e-03 -2.07098909e-03
 -1.92610383e-03 -1.74735709e-03 -1.53506908e-03 -1.28977297e-03
 -1.01218059e-03 -7.03150288e-04 -3.63657182e-04 -2.39578287e-04
 -1.26316189e-03 -2.29125782e-03 -3.32386014e-03 -4.36096289e-03
 -5.40256004e-03 -6.44864551e-03 -7.49921318e-03 -8.55425686e-03
 -9.61377031e-03 -1.06777472e-02 -1.17461813e-02 -1.28190660e-02
 -1.38963951e-02 -1.49781618e-02 -1.60643597e-02 -1.71549821e-02
 -1.82500222e-02 -1.93494734e-02 -2.04533288e-02 -2.15615814e-02
 -2.26742244e-02 -2.37912507e-02 -2.49126532e-02 -2.60384248e-02
 -2.71685582e-02 -2.83030461e-02 -2.94418812e-02 -3.05850560e-02
 -3.17325630e-02 -3.28843947e-02 -3.40405433e-02 -3.52010011e-02
 -3.63657604e-02 -3.75348131e-02 -3.87081515e-02 -3.98857674e-02
 -4.10676526e-02 -4.22537991e-02 -4.34441985e-02]"
