sigma0re,sigma0im,beta0re,beta0im,mu0re,mu0im,beta1re,beta1im,sigma1re,sigma1im,mu1re,mu1im,alpha0,alpha1,b_star,corresponding_negative_eigenvalues
0.2,0.3,1,1.1,1.0,-0.9999999999999982,1,1.1,0.2,0.3,-0.5,-0.899999999999999,0.1,0.1,"[0.12 0.13 0.14 0.15 0.16 0.17 0.18 0.19 0.2  0.21 0.22 0.23 0.24 0.25
 0.26 0.27 0.28 0.29 0.3  0.31 0.32 0.33 0.34 0.35 0.36 0.37 0.38 0.39
 0.4  0.41 0.42 0.43 0.44 0.45 0.46 0.47 0.48 0.49 0.5  0.51 0.52 0.53
 0.54 0.55 0.56 0.57 0.58 0.59 0.6  0.61 0.62 0.63 0.64 0.65 0.66 0.67
 0.68 0.69 0.7  0.71 0.72 0.73 0.74 0.75 0.76 0.77 0.78 0.79 0.8  0.81
 0.82 0.83 0.84 0.85 0.86 0.87 0.88 0.89 0.9  0.91 0.92 0.93 0.94 0.95
 0.96 0.97 0.98 0.99 1.   1.01 1.02 1.03 1.04 1.05]","[-0.00188736 -0.0053175  -0.00921864 -0.01359793 -0.01846635 -0.02383902
 -0.02973572 -0.03618167 -0.04320848 -0.05085563 -0.05917246 -0.06822109
 -0.07808068 -0.08885395 -0.10067753 -0.11373922 -0.12792604 -0.12567579
 -0.12344604 -0.12123641 -0.11904652 -0.11687603 -0.11472457 -0.11259182
 -0.11047744 -0.10838112 -0.10630257 -0.10424149 -0.10219763 -0.10017072
 -0.09816052 -0.0961668  -0.09418933 -0.09222792 -0.09028236 -0.08835247
 -0.08643809 -0.08453906 -0.08265521 -0.08078641 -0.07893254 -0.07709347
 -0.07526908 -0.07345928 -0.07166396 -0.06988304 -0.06811645 -0.06636409
 -0.06462592 -0.06290186 -0.06119187 -0.05949589 -0.05781389 -0.05614582
 -0.05449165 -0.05285136 -0.05122492 -0.04961231 -0.04801353 -0.04642855
 -0.04485737 -0.04329998 -0.0417564  -0.04022661 -0.03871062 -0.03720845
 -0.0357201  -0.03424558 -0.03278491 -0.03133811 -0.0299052  -0.02848619
 -0.02708111 -0.02568999 -0.02431284 -0.02294969 -0.02160057 -0.0202655
 -0.01894452 -0.01763766 -0.01634493 -0.01506638 -0.01380203 -0.01255191
 -0.01131605 -0.01009448 -0.00888723 -0.00769432 -0.0065158  -0.00535167
 -0.00420198 -0.00306674 -0.00194597 -0.00083971]"
