sigma0re,sigma0im,beta0re,beta0im,mu0re,mu0im,beta1re,beta1im,sigma1re,sigma1im,mu1re,mu1im,alpha0,alpha1,b_star,corresponding_negative_eigenvalues
0.2,0.3,1,1.1,1.0,0.30000000000000293,1,1.1,0.2,0.3,-0.5,0.7000000000000024,0.0,0.0,[0.27 0.28 0.29 0.3  0.31 0.32 0.33],"[-0.01187791 -0.01023788 -0.00849247 -0.00665427 -0.00473432 -0.00274227
 -0.00068652]"
