sigma0re,sigma0im,beta0re,beta0im,mu0re,mu0im,beta1re,beta1im,sigma1re,sigma1im,mu1re,mu1im,alpha0,alpha1,b_star,corresponding_negative_eigenvalues
0.2,0.3,1,1.1,1.0,-0.4999999999999978,1,1.1,0.2,0.3,-0.5,-1.2999999999999994,0.0,0.0,"[0.01 0.02 0.03 0.04 0.05 0.06 0.07 0.08 0.09 0.1  0.11 0.12 0.13 0.14
 0.15 0.16 0.17 0.18 0.19 0.2  0.21 0.22 0.23 0.24 0.25 0.26 0.27 0.28
 0.29 0.3 ]","[-0.00035932 -0.00143962 -0.0032475  -0.00579248 -0.00908381 -0.01312385
 -0.01789425 -0.02332868 -0.02926334 -0.03536504 -0.04108328 -0.04575096
 -0.04888075 -0.05038733 -0.05049883 -0.04953877 -0.04779484 -0.04548484
 -0.04276425 -0.03974234 -0.03649618 -0.03308071 -0.02953568 -0.02589027
 -0.02216617 -0.01837976 -0.01454351 -0.01066703 -0.00675781 -0.0028217 ]"
