sigma0re,sigma0im,beta0re,beta0im,mu0re,mu0im,beta1re,beta1im,sigma1re,sigma1im,mu1re,mu1im,alpha0,alpha1,b_star,corresponding_negative_eigenvalues
0.2,0.3,1,1.1,1.0,-0.2999999999999976,1,1.1,0.2,0.3,-0.5,-1.6999999999999997,0.1,0.1,"[0.01 0.02 0.03 0.04 0.05 0.06 0.07 0.08 0.09 0.1  0.11 0.12 0.13 0.14
 0.15 0.16 0.17 0.18 0.19 0.2 ]","[-0.00021934 -0.00087245 -0.00194381 -0.00340463 -0.00520849 -0.0072851
 -0.00953315 -0.0118147  -0.0139559  -0.01576066 -0.01703993 -0.01764902
 -0.01751503 -0.01664012 -0.01508261 -0.01293034 -0.01027835 -0.00721554
 -0.0038188  -0.00015183]"
