sigma0re,sigma0im,beta0re,beta0im,mu0re,mu0im,beta1re,beta1im,sigma1re,sigma1im,mu1re,mu1im,alpha0,alpha1,b_star,corresponding_negative_eigenvalues
0.2,0.3,1,1.1,1.0,-0.699999999999998,1,1.1,0.2,0.3,-0.5,-1.3999999999999995,0.1,0.1,"[0.01 0.02 0.03 0.04 0.05 0.06 0.07 0.08 0.09 0.1  0.11 0.12 0.13 0.14
 0.15 0.16 0.17 0.18 0.19 0.2  0.21 0.22 0.23 0.24 0.25 0.26 0.27 0.28
 0.29 0.3  0.31 0.32 0.33 0.34 0.35 0.36 0.37 0.38 0.39 0.4  0.41]","[-0.00043029 -0.00173052 -0.00392981 -0.00708057 -0.01126545 -0.01660978
 -0.02330405 -0.03164502 -0.04210917 -0.05542642 -0.07183991 -0.08574713
 -0.09111067 -0.09174828 -0.0904086  -0.08812425 -0.08533001 -0.08223747
 -0.07896134 -0.07556888 -0.07210187 -0.06858744 -0.06504378 -0.06148343
 -0.05791518 -0.0543453  -0.05077829 -0.04721742 -0.04366504 -0.04012288
 -0.03659214 -0.03307369 -0.02956812 -0.02607581 -0.02259698 -0.01913176
 -0.01568014 -0.01224208 -0.00881748 -0.00540619 -0.00200804]"
