sigma0re,sigma0im,beta0re,beta0im,mu0re,mu0im,beta1re,beta1im,sigma1re,sigma1im,mu1re,mu1im,alpha0,alpha1,b_star,corresponding_negative_eigenvalues
0.2,0.3,1,1.1,1.0,-0.9999999999999982,1,1.1,0.2,0.3,-0.5,-0.09999999999999831,0.1,0.1,"[0.15 0.16 0.17 0.18 0.19 0.2  0.21 0.22 0.23 0.24 0.25 0.26 0.27 0.28
 0.29 0.3  0.31 0.32 4.31 4.32 4.33 4.34 4.35 4.36 4.37 4.38 4.39 4.4
 4.41 4.42 4.43 4.44 4.45 4.46 4.47 4.48 4.49 4.5  4.51 4.52 4.53 4.54
 4.55 4.56 4.57 4.58 4.59 4.6  4.61 4.62 4.63 4.64 4.65 4.66 4.67 4.68
 4.69 4.7  4.71 4.72 4.73 4.74 4.75 4.76 4.77 4.78 4.79 4.8  4.81 4.82
 4.83 4.84 4.85 4.86 4.87 4.88 4.89 4.9  4.91 4.92 4.93 4.94 4.95 4.96
 4.97 4.98 4.99 5.  ]","[-0.00599912 -0.00637737 -0.00668404 -0.0069104  -0.00704955 -0.00709651
 -0.00704815 -0.00690309 -0.00666153 -0.00632499 -0.00589609 -0.00537834
 -0.00477584 -0.00409316 -0.00333509 -0.00250655 -0.00161245 -0.00065763
 -0.00107817 -0.00347915 -0.00589683 -0.00833126 -0.0107825  -0.01325059
 -0.01573559 -0.01823756 -0.02075654 -0.02329258 -0.02584575 -0.02841609
 -0.03100366 -0.03360851 -0.0362307  -0.03887028 -0.0415273  -0.04420182
 -0.0468939  -0.04960359 -0.05233094 -0.05507601 -0.05783886 -0.06061954
 -0.06341812 -0.06623463 -0.06906915 -0.07192173 -0.07479242 -0.07768129
 -0.08058839 -0.08351378 -0.08645751 -0.08941965 -0.09240025 -0.09539938
 -0.09841708 -0.10145343 -0.10450848 -0.10758228 -0.1106749  -0.11378641
 -0.11691685 -0.12006629 -0.12323479 -0.12642242 -0.12962922 -0.13285527
 -0.13610063 -0.13936535 -0.1426495  -0.14595315 -0.14927635 -0.15261916
 -0.15598166 -0.1593639  -0.16276595 -0.16618787 -0.16962973 -0.17309158
 -0.1765735  -0.18007555 -0.18359779 -0.1871403  -0.19070312 -0.19428634
 -0.19789002 -0.20151421 -0.205159   -0.20882444]"
