sigma0re,sigma0im,beta0re,beta0im,mu0re,mu0im,beta1re,beta1im,sigma1re,sigma1im,mu1re,mu1im,alpha0,alpha1,b_star,corresponding_negative_eigenvalues
0.2,0.3,1,1.1,1.0,2.2000000000000046,1,1.1,0.2,0.3,-0.5,0.10000000000000187,0.1,0.1,"[0.01 0.02 0.03 0.04 0.05 0.06 0.07 0.08 0.09 0.1  0.11 0.12 0.13 0.14
 0.15 0.16 0.17 0.18 0.19 0.2  0.21 0.22 0.23]","[-0.00011338 -0.00045073 -0.00100359 -0.00175731 -0.00269038 -0.00377356
 -0.00496899 -0.00622974 -0.00749996 -0.00871644 -0.00981168 -0.01071873
 -0.01137701 -0.01173805 -0.01176956 -0.0114568  -0.01080129 -0.00981748
 -0.00852862 -0.00696279 -0.0051498  -0.00311889 -0.00089743]"
