sigma0re,sigma0im,beta0re,beta0im,mu0re,mu0im,beta1re,beta1im,sigma1re,sigma1im,mu1re,mu1im,alpha0,alpha1,b_star,corresponding_negative_eigenvalues
0.2,0.3,1,1.1,1.0,-0.3999999999999977,1,1.1,0.2,0.3,-0.5,-1.0999999999999992,0.1,0.1,"[0.01 0.02 0.03 0.04 0.05 0.06 0.07 0.08 0.09 0.1  0.11 0.12 0.13 0.14
 0.15 0.16 0.17 0.18 0.19 0.2  0.21 0.22 0.23 0.24 0.25 0.26 0.27 0.28
 0.29 0.3  0.31 0.32]","[-0.00019106 -0.00076304 -0.00171206 -0.00303087 -0.00470745 -0.00672303
 -0.00904909 -0.01164349 -0.01444575 -0.0173723  -0.02031362 -0.02313632
 -0.02569361 -0.02784495 -0.0294798  -0.03053543 -0.03100088 -0.03090731
 -0.03031173 -0.02928174 -0.0278848  -0.0261824  -0.02422776 -0.02206554
 -0.01973262 -0.01725916 -0.01466976 -0.01198446 -0.00921961 -0.00638862
 -0.00350251 -0.00057036]"
