sigma0re,sigma0im,beta0re,beta0im,mu0re,mu0im,beta1re,beta1im,sigma1re,sigma1im,mu1re,mu1im,alpha0,alpha1,b_star,corresponding_negative_eigenvalues
0.2,0.3,1,1.1,1.0,-3.0,1,1.1,0.2,0.3,-0.5,-0.899999999999999,0.0,0.0,"[0.23 0.24 0.25 0.26 0.27 0.28 0.29 0.3  0.31 0.32 0.33 0.34 0.35 0.36
 0.37 0.38 0.39 0.4  0.41 0.42 0.43 0.44 0.45 0.46 0.47 0.48 0.49 0.5
 0.51 0.52 0.53 0.54 0.55 0.56 0.57 0.58 0.59 0.6  0.61 0.62 0.63 0.64
 0.65 0.66 0.67 0.68 0.69 0.7  0.71 0.72 0.73 0.74 0.75 0.76 0.77 0.78
 0.79 0.8  0.81 0.82 0.83 0.84 0.85 0.86 0.87 0.88 0.89 0.9  0.91 0.92
 0.93 0.94 0.95 0.96 0.97 0.98 0.99 1.   1.01 1.02 1.03 1.04 1.05 1.06
 1.07 1.08 1.09]","[-0.0062941  -0.03625604 -0.08389971 -0.14862881 -0.14669611 -0.14476767
 -0.14284353 -0.14092374 -0.13900835 -0.13709739 -0.13519089 -0.13328888
 -0.13139136 -0.12949836 -0.12760988 -0.12572592 -0.12384646 -0.12197152
 -0.12010106 -0.11823507 -0.11637353 -0.11451642 -0.11266369 -0.11081533
 -0.10897129 -0.10713154 -0.10529604 -0.10346474 -0.10163759 -0.09981455
 -0.09799558 -0.09618061 -0.0943696  -0.09256249 -0.09075923 -0.08895977
 -0.08716404 -0.08537199 -0.08358357 -0.08179871 -0.08001736 -0.07823945
 -0.07646494 -0.07469375 -0.07292583 -0.07116113 -0.06939958 -0.06764113
 -0.06588571 -0.06413328 -0.06238376 -0.06063711 -0.05889327 -0.05715219
 -0.0554138  -0.05367805 -0.05194489 -0.05021426 -0.04848611 -0.0467604
 -0.04503706 -0.04331605 -0.04159731 -0.0398808  -0.03816647 -0.03645426
 -0.03474414 -0.03303605 -0.03132996 -0.02962581 -0.02792356 -0.02622316
 -0.02452458 -0.02282778 -0.0211327  -0.01943931 -0.01774758 -0.01605745
 -0.0143689  -0.01268189 -0.01099637 -0.00931231 -0.00762969 -0.00594845
 -0.00426857 -0.00259002 -0.00091276]"
