sigma0re,sigma0im,beta0re,beta0im,mu0re,mu0im,beta1re,beta1im,sigma1re,sigma1im,mu1re,mu1im,alpha0,alpha1,b_star,corresponding_negative_eigenvalues
0.2,0.3,1,1.1,1.0,-1.6999999999999988,1,1.1,0.2,0.3,-0.5,-2.0,0.1,0.1,"[0.17 0.18 0.19 0.2  0.21 0.22 0.23 0.24 0.25 0.26 0.27 0.28 0.29 0.3
 0.31 0.32 0.33 0.34 0.35 0.36 0.37 0.38 0.39 0.4  0.41 0.42 0.43 0.44
 0.45 0.46 0.47 0.48 0.49 0.5  0.51 0.52 0.53 0.54 0.55 0.56 0.57 0.58
 0.59 0.6  0.61 0.62 0.63 0.64 0.65 0.66 0.67 0.68 0.69 0.7  0.71 0.72]","[-0.00694698 -0.02016042 -0.03537513 -0.05294575 -0.07341263 -0.09766675
 -0.12737849 -0.12863989 -0.12575111 -0.12287029 -0.1199976  -0.11713321
 -0.11427729 -0.11143001 -0.10859156 -0.10576211 -0.10294185 -0.10013096
 -0.09732963 -0.09453805 -0.09175641 -0.0889849  -0.08622371 -0.08347304
 -0.08073309 -0.07800403 -0.07528608 -0.07257941 -0.06988422 -0.0672007
 -0.06452903 -0.0618694  -0.059222   -0.05658698 -0.05396455 -0.05135486
 -0.04875808 -0.04617437 -0.0436039  -0.04104681 -0.03850325 -0.03597337
 -0.0334573  -0.03095516 -0.02846709 -0.02599319 -0.02353357 -0.02108834
 -0.01865759 -0.01624139 -0.01383984 -0.01145299 -0.0090809  -0.00672363
 -0.00438122 -0.0020537 ]"
