sigma0re,sigma0im,beta0re,beta0im,mu0re,mu0im,beta1re,beta1im,sigma1re,sigma1im,mu1re,mu1im,alpha0,alpha1,b_star,corresponding_negative_eigenvalues
0.2,0.3,1,1.1,1.0,2.400000000000005,1,1.1,0.2,0.3,-0.5,1.8000000000000034,0.0,0.0,"[0.2  0.21 0.22 0.23 0.24 0.25 0.26 0.27 0.28 0.29 0.3  0.31 0.32 0.33
 0.34 0.35 0.36 0.37 0.38 0.39 0.4  0.41 0.42 0.43 0.44 0.45 0.46 0.47
 0.48 0.49 0.5  0.51 0.52 0.53 0.54 0.55 0.56 0.57 0.58 0.59 0.6  0.61
 0.62 0.63 0.64 0.65 0.66 0.67 0.68 0.69 0.7  0.71 0.72 0.73 0.74 0.75
 0.76 0.77 0.78 0.79 0.8  0.81 0.82 0.83 0.84 0.85 0.86 0.87 0.88 0.89
 0.9  0.91 0.92 0.93 0.94 0.95 0.96 0.97 0.98 0.99 1.   1.01 1.02 1.03
 1.04 1.05 1.06 1.07 1.08 1.09 1.1  1.11 1.12 1.13 1.14 1.15 1.16 1.17
 1.18 1.19 1.2  1.21 1.22 1.23 1.24 1.25 1.26 1.27 1.28 1.29 1.3  1.31
 1.32 1.33 1.34 1.35 1.36 1.37 1.38]","[-0.02755251 -0.07289166 -0.16661915 -0.16511053 -0.16360301 -0.16209663
 -0.16059142 -0.15908741 -0.15758464 -0.15608315 -0.15458295 -0.15308408
 -0.15158656 -0.15009042 -0.14859568 -0.14710237 -0.1456105  -0.14412011
 -0.14263119 -0.14114378 -0.13965789 -0.13817353 -0.13669072 -0.13520947
 -0.13372979 -0.13225168 -0.13077517 -0.12930024 -0.12782692 -0.12635521
 -0.12488511 -0.12341662 -0.12194974 -0.12048449 -0.11902084 -0.11755882
 -0.11609841 -0.11463961 -0.11318241 -0.11172682 -0.11027283 -0.10882044
 -0.10736962 -0.10592039 -0.10447273 -0.10302663 -0.10158209 -0.10013909
 -0.09869763 -0.09725769 -0.09581927 -0.09438234 -0.09294691 -0.09151295
 -0.09008047 -0.08864943 -0.08721983 -0.08579166 -0.0843649  -0.08293953
 -0.08151555 -0.08009294 -0.07867168 -0.07725177 -0.07583317 -0.07441589
 -0.0729999  -0.07158519 -0.07017174 -0.06875953 -0.06734856 -0.06593881
 -0.06453025 -0.06312288 -0.06171668 -0.06031163 -0.05890772 -0.05750492
 -0.05610324 -0.05470264 -0.05330312 -0.05190465 -0.05050723 -0.04911084
 -0.04771546 -0.04632107 -0.04492767 -0.04353523 -0.04214374 -0.04075319
 -0.03936357 -0.03797485 -0.03658702 -0.03520007 -0.03381398 -0.03242874
 -0.03104434 -0.02966076 -0.02827798 -0.026896   -0.0255148  -0.02413437
 -0.02275469 -0.02137575 -0.01999754 -0.01862005 -0.01724325 -0.01586715
 -0.01449172 -0.01311696 -0.01174286 -0.01036939 -0.00899656 -0.00762434
 -0.00625273 -0.00488171 -0.00351128 -0.00214142 -0.00077213]"
