sigma0re,sigma0im,beta0re,beta0im,mu0re,mu0im,beta1re,beta1im,sigma1re,sigma1im,mu1re,mu1im,alpha0,alpha1,b_star,corresponding_negative_eigenvalues
0.2,0.3,1,1.1,1.0,-0.699999999999998,1,1.1,0.2,0.3,-0.5,-1.6999999999999997,0.1,0.1,"[0.01 0.02 0.03 0.04 0.05 0.06 0.07 0.08 0.09 0.1  0.11 0.12 0.13 0.14
 0.15 0.16 0.17 0.18 0.19 0.2  0.21 0.22 0.23 0.24 0.25 0.26 0.27 0.28
 0.29 0.3  0.31 0.32 0.33 0.34 0.35]","[-0.00052307 -0.00210708 -0.00479873 -0.00868414 -0.01390456 -0.02068744
 -0.02940969 -0.04073376 -0.0558627  -0.07551824 -0.08923365 -0.09218929
 -0.09111965 -0.08851464 -0.08519023 -0.08148306 -0.07755665 -0.07349963
 -0.06936377 -0.06518103 -0.06097193 -0.05675001 -0.05252442 -0.04830139
 -0.04408522 -0.03987884 -0.03568427 -0.03150286 -0.02733545 -0.02318256
 -0.01904446 -0.01492123 -0.01081281 -0.00671904 -0.00263972]"
