sigma0re,sigma0im,beta0re,beta0im,mu0re,mu0im,beta1re,beta1im,sigma1re,sigma1im,mu1re,mu1im,alpha0,alpha1,b_star,corresponding_negative_eigenvalues
0.2,0.3,1,1.1,1.0,-1.3999999999999986,1,1.1,0.2,0.3,-0.5,-1.7999999999999998,0.1,0.1,"[0.16 0.17 0.18 0.19 0.2  0.21 0.22 0.23 0.24 0.25 0.26 0.27 0.28 0.29
 0.3  0.31 0.32 0.33 0.34 0.35 0.36 0.37 0.38 0.39 0.4  0.41 0.42 0.43
 0.44 0.45 0.46 0.47 0.48 0.49 0.5  0.51 0.52 0.53 0.54 0.55 0.56 0.57
 0.58 0.59 0.6  0.61 0.62 0.63 0.64]","[-0.00284369 -0.01204709 -0.02246546 -0.0342114  -0.04743699 -0.06235176
 -0.07925395 -0.09858916 -0.11852816 -0.11531065 -0.11210963 -0.10892519
 -0.10575738 -0.10260626 -0.09947185 -0.09635416 -0.09325319 -0.09016894
 -0.08710138 -0.08405049 -0.08101621 -0.07799852 -0.07499735 -0.07201265
 -0.06904436 -0.06609242 -0.06315675 -0.06023728 -0.05733395 -0.05444667
 -0.05157537 -0.04871997 -0.04588039 -0.04305655 -0.04024838 -0.03745578
 -0.03467869 -0.03191701 -0.02917067 -0.02643959 -0.02372368 -0.02102286
 -0.01833705 -0.01566616 -0.01301012 -0.01036883 -0.00774223 -0.00513021
 -0.0025327 ]"
