sigma0re,sigma0im,beta0re,beta0im,mu0re,mu0im,beta1re,beta1im,sigma1re,sigma1im,mu1re,mu1im,alpha0,alpha1,b_star,corresponding_negative_eigenvalues
0.2,0.3,1,1.1,1.0,-0.8999999999999981,1,1.1,0.2,0.3,-0.5,-1.4999999999999996,0.0,0.0,"[0.01 0.02 0.03 0.04 0.05 0.06 0.07 0.08 0.09 0.1  0.11 0.12 0.13 0.14
 0.15 0.16 0.17 0.18 0.19 0.2  0.21 0.22 0.23 0.24 0.25 0.26 0.27 0.28
 0.29 0.3  0.31 0.32 0.33 0.34 0.35 0.36 0.37 0.38 0.39 0.4  0.41 0.42
 0.43 0.44]","[-0.00074903 -0.00303535 -0.00488013 -0.00590346 -0.00777853 -0.01019016
 -0.01309845 -0.01649848 -0.02039619 -0.02480298 -0.02973428 -0.03520923
 -0.04125097 -0.04788714 -0.0551508  -0.06308155 -0.07172724 -0.08114624
 -0.09141066 -0.09360608 -0.08941542 -0.08527062 -0.08116823 -0.07710512
 -0.07307842 -0.06908552 -0.06512401 -0.06119167 -0.05728647 -0.05340652
 -0.0495501  -0.0457156  -0.04190152 -0.03810649 -0.03432922 -0.03056852
 -0.02682328 -0.02309246 -0.0193751  -0.01567029 -0.01197719 -0.00829501
 -0.00462302 -0.00096052]"
