sigma0re,sigma0im,beta0re,beta0im,mu0re,mu0im,beta1re,beta1im,sigma1re,sigma1im,mu1re,mu1im,alpha0,alpha1,b_star,corresponding_negative_eigenvalues
0.2,0.3,1,1.1,1.0,-0.5999999999999979,1,1.1,0.2,0.3,-0.5,-1.4999999999999996,0.0,0.0,"[0.01 0.02 0.03 0.04 0.05 0.06 0.07 0.08 0.09 0.1  0.11 0.12 0.13 0.14
 0.15 0.16 0.17 0.18 0.19 0.2  0.21 0.22 0.23 0.24 0.25 0.26 0.27 0.28
 0.29 0.3  0.31]","[-0.00049811 -0.0020028  -0.00454602 -0.00818377 -0.01299986 -0.01910935
 -0.02665318 -0.03575011 -0.04627614 -0.05716189 -0.06575783 -0.0701648
 -0.07114491 -0.07006485 -0.06780119 -0.06483248 -0.06142338 -0.05772752
 -0.05383865 -0.04981647 -0.0457004  -0.0415172  -0.0372855  -0.03301851
 -0.02872575 -0.02441412 -0.02008871 -0.01575329 -0.01141064 -0.00706281
 -0.00271133]"
