sigma0re,sigma0im,beta0re,beta0im,mu0re,mu0im,beta1re,beta1im,sigma1re,sigma1im,mu1re,mu1im,alpha0,alpha1,b_star,corresponding_negative_eigenvalues
0.2,0.3,1,1.1,1.0,1.8000000000000043,1,1.1,0.2,0.3,-0.5,1.7000000000000033,0.1,0.1,"[0.26 0.27 0.28 0.29 0.3  0.31 0.32 0.33 0.34 0.35 0.36 0.37 0.38 0.39
 0.4  0.41 0.42 0.43 0.44 0.45 0.46 0.47 0.48 0.49 0.5  0.51 0.52 0.53
 0.54 0.55 0.56 0.57 0.58 0.59 0.6  0.61 0.62 0.63 0.64 0.65 0.66 0.67
 0.68 0.69 0.7  0.71 0.72 0.73 0.74 0.75 0.76 0.77 0.78 0.79 0.8  0.81
 0.82 0.83 0.84 0.85 0.86 0.87 0.88 0.89 0.9  0.91 0.92 0.93 0.94 0.95
 0.96 0.97 0.98 0.99 1.   1.01 1.02 1.03 1.04 1.05 1.06 1.07 1.08 1.09
 1.1  1.11 1.12 1.13 1.14 1.15 1.16 1.17 1.18 1.19 1.2  1.21]","[-0.0166452  -0.05053151 -0.12738214 -0.13951099 -0.1376218  -0.13574599
 -0.13388338 -0.13203379 -0.13019703 -0.1283729  -0.12656119 -0.12476168
 -0.12297417 -0.12119843 -0.11943425 -0.1176814  -0.11593965 -0.1142088
 -0.11248861 -0.11077887 -0.10907936 -0.10738988 -0.10571021 -0.10404015
 -0.1023795  -0.10072805 -0.09908563 -0.09745204 -0.09582709 -0.09421062
 -0.09260244 -0.0910024  -0.08941032 -0.08782605 -0.08624944 -0.08468034
 -0.0831186  -0.0815641  -0.08001669 -0.07847625 -0.07694265 -0.07541578
 -0.07389551 -0.07238175 -0.07087438 -0.0693733  -0.06787841 -0.06638963
 -0.06490685 -0.06342999 -0.06195897 -0.0604937  -0.05903412 -0.05758015
 -0.05613172 -0.05468875 -0.05325119 -0.05181898 -0.05039205 -0.04897035
 -0.04755382 -0.04614242 -0.0447361  -0.0433348  -0.04193848 -0.04054711
 -0.03916063 -0.03777902 -0.03640222 -0.03503022 -0.03366297 -0.03230045
 -0.03094261 -0.02958944 -0.0282409  -0.02689698 -0.02555764 -0.02422286
 -0.02289261 -0.02156689 -0.02024566 -0.01892891 -0.01761662 -0.01630877
 -0.01500535 -0.01370634 -0.01241172 -0.01112149 -0.00983562 -0.00855412
 -0.00727696 -0.00600413 -0.00473563 -0.00347145 -0.00221157 -0.00095598]"
