sigma0re,sigma0im,beta0re,beta0im,mu0re,mu0im,beta1re,beta1im,sigma1re,sigma1im,mu1re,mu1im,alpha0,alpha1,b_star,corresponding_negative_eigenvalues
0.2,0.3,1,1.1,1.0,-2.099999999999999,1,1.1,0.2,0.3,-0.5,-2.0,0.0,0.0,"[0.16 0.17 0.18 0.19 0.2  0.21 0.22 0.23 0.24 0.25 0.26 0.27 0.28 0.29
 0.3  0.31 0.32 0.33 0.34 0.35 0.36 0.37 0.38 0.39 0.4  0.41 0.42 0.43
 0.44 0.45 0.46 0.47 0.48 0.49 0.5  0.51 0.52 0.53 0.54 0.55 0.56 0.57
 0.58 0.59 0.6  0.61 0.62 0.63 0.64 0.65 0.66 0.67 0.68 0.69 0.7  0.71
 0.72 0.73 0.74 0.75 0.76 0.77 0.78 0.79 0.8  0.81 0.82 0.83 0.84 0.85
 0.86]","[-0.00502147 -0.02310873 -0.0447472  -0.07110027 -0.10449457 -0.14876294
 -0.14635721 -0.1439557  -0.14155848 -0.13916565 -0.13677725 -0.13439334
 -0.13201397 -0.12963918 -0.12726898 -0.12490339 -0.12254243 -0.1201861
 -0.1178344  -0.11548731 -0.11314482 -0.1108069  -0.10847352 -0.10614466
 -0.10382026 -0.10150029 -0.09918471 -0.09687345 -0.09456647 -0.0922637
 -0.08996509 -0.08767058 -0.0853801  -0.08309358 -0.08081096 -0.07853217
 -0.07625713 -0.07398577 -0.07171803 -0.06945383 -0.06719309 -0.06493574
 -0.06268172 -0.06043094 -0.05818333 -0.05593882 -0.05369734 -0.05145881
 -0.04922316 -0.04699033 -0.04476024 -0.04253282 -0.040308   -0.03808572
 -0.03586591 -0.03364851 -0.03143344 -0.02922065 -0.02701008 -0.02480165
 -0.02259532 -0.02039102 -0.0181887  -0.01598829 -0.01378975 -0.01159301
 -0.00939803 -0.00720475 -0.00501312 -0.00282309 -0.00063462]"
