sigma0re,sigma0im,beta0re,beta0im,mu0re,mu0im,beta1re,beta1im,sigma1re,sigma1im,mu1re,mu1im,alpha0,alpha1,b_star,corresponding_negative_eigenvalues
0.2,0.3,1,1.1,1.0,-1.6999999999999988,1,1.1,0.2,0.3,-0.5,-1.5999999999999996,0.1,0.1,"[0.19 0.2  0.21 0.22 0.23 0.24 0.25 0.26 0.27 0.28 0.29 0.3  0.31 0.32
 0.33 0.34 0.35 0.36 0.37 0.38 0.39 0.4  0.41 0.42 0.43 0.44 0.45 0.46
 0.47 0.48 0.49 0.5  0.51 0.52 0.53 0.54 0.55 0.56 0.57 0.58 0.59 0.6
 0.61 0.62 0.63 0.64 0.65 0.66 0.67 0.68 0.69 0.7  0.71 0.72 0.73 0.74
 0.75 0.76 0.77 0.78 0.79 0.8  0.81 0.82 0.83 0.84 0.85 0.86 0.87 0.88
 0.89 0.9  0.91 0.92 0.93 0.94 0.95 0.96 0.97 0.98 0.99 1.   1.01 1.02]","[-0.00683432 -0.01938333 -0.03375976 -0.05029721 -0.06950033 -0.09219572
 -0.1199206  -0.14287124 -0.1407131  -0.13855726 -0.13640374 -0.13425255
 -0.13210371 -0.12995728 -0.1278133  -0.12567185 -0.12353301 -0.12139688
 -0.11926358 -0.11713324 -0.115006   -0.11288203 -0.11076152 -0.10864466
 -0.10653165 -0.10442274 -0.10231817 -0.10021821 -0.09812312 -0.0960332
 -0.09394877 -0.09187015 -0.08979766 -0.08773168 -0.08567254 -0.08362063
 -0.08157634 -0.07954005 -0.07751217 -0.07549311 -0.07348328 -0.0714831
 -0.06949301 -0.06751343 -0.06554478 -0.06358751 -0.06164204 -0.0597088
 -0.05778821 -0.05588071 -0.0539867  -0.0521066  -0.05024082 -0.04838975
 -0.04655377 -0.04473328 -0.04292862 -0.04114017 -0.03936826 -0.03761322
 -0.03587537 -0.03415501 -0.03245243 -0.0307679  -0.02910167 -0.02745398
 -0.02582504 -0.02421507 -0.02262425 -0.02105273 -0.01950066 -0.01796817
 -0.01645536 -0.01496231 -0.01348909 -0.01203574 -0.01060228 -0.00918871
 -0.007795   -0.00642111 -0.00506697 -0.00373249 -0.00241756 -0.00112204]"
