sigma0re,sigma0im,beta0re,beta0im,mu0re,mu0im,beta1re,beta1im,sigma1re,sigma1im,mu1re,mu1im,alpha0,alpha1,b_star,corresponding_negative_eigenvalues
0.2,0.3,1,1.1,1.0,-1.899999999999999,1,1.1,0.2,0.3,-0.5,-0.49999999999999867,0.0,0.0,"[0.29 0.3  0.31 0.32 0.33 0.34 0.35 0.36 0.37 0.38 0.39 0.4  0.41 0.42
 0.43 0.44 0.45 0.46 0.47 0.48 0.49 0.5  0.51 0.52 0.53 0.54 0.55 0.56
 0.57 0.58 0.59 0.6  0.61 0.62 0.63 0.64 0.65 0.66 0.67 0.68 0.69 0.7
 0.71 0.72 0.73 0.74 0.75 0.76 0.77 0.78 0.79 0.8  0.81 0.82 0.83 0.84
 0.85 0.86]","[-0.01551216 -0.04168655 -0.11125919 -0.10893173 -0.10662606 -0.10434126
 -0.10207646 -0.09983083 -0.09760357 -0.09539394 -0.09320121 -0.0910247
 -0.08886376 -0.08671777 -0.08458614 -0.0824683  -0.08036372 -0.07827188
 -0.0761923  -0.0741245  -0.07206805 -0.0700225  -0.06798746 -0.06596253
 -0.06394735 -0.06194154 -0.05994477 -0.05795671 -0.05597705 -0.05400548
 -0.05204172 -0.05008548 -0.0481365  -0.04619453 -0.04425931 -0.04233061
 -0.04040821 -0.03849188 -0.03658141 -0.03467661 -0.03277727 -0.03088321
 -0.02899424 -0.02711021 -0.02523092 -0.02335623 -0.02148598 -0.01962001
 -0.01775819 -0.01590037 -0.01404641 -0.01219619 -0.01034958 -0.00850645
 -0.00666669 -0.00483019 -0.00299683 -0.00116652]"
