sigma0re,sigma0im,beta0re,beta0im,mu0re,mu0im,beta1re,beta1im,sigma1re,sigma1im,mu1re,mu1im,alpha0,alpha1,b_star,corresponding_negative_eigenvalues
0.2,0.3,1,1.1,1.0,1.2000000000000037,1,1.1,0.2,0.3,-0.5,1.7000000000000033,0.1,0.1,"[0.3  0.31 0.32 0.33 0.34 0.35 0.36 0.37 0.38 0.39 0.4  0.41 0.42 0.43
 0.44 0.45 0.46 0.47 0.48 0.49 0.5  0.51 0.52 0.53 0.54 0.55 0.56 0.57
 0.58 0.59 0.6  0.61 0.62 0.63]","[-0.01082346 -0.08559396 -0.08615551 -0.08316278 -0.08019228 -0.07724304
 -0.07431411 -0.07140459 -0.06851365 -0.06564048 -0.06278431 -0.05994442
 -0.05712012 -0.05431078 -0.05151578 -0.04873453 -0.0459665  -0.04321116
 -0.04046803 -0.03773665 -0.03501658 -0.03230741 -0.02960875 -0.02692024
 -0.02424154 -0.02157232 -0.01891227 -0.01626111 -0.01361856 -0.01098438
 -0.00835831 -0.00574013 -0.00312963 -0.00052661]"
