sigma0re,sigma0im,beta0re,beta0im,mu0re,mu0im,beta1re,beta1im,sigma1re,sigma1im,mu1re,mu1im,alpha0,alpha1,b_star,corresponding_negative_eigenvalues
0.2,0.3,1,1.1,1.0,-0.9999999999999982,1,1.1,0.2,0.3,-0.5,-1.6999999999999997,0.1,0.1,"[0.09 0.1  0.11 0.12 0.13 0.14 0.15 0.16 0.17 0.18 0.19 0.2  0.21 0.22
 0.23 0.24 0.25 0.26 0.27 0.28 0.29 0.3  0.31 0.32 0.33 0.34 0.35 0.36
 0.37 0.38 0.39 0.4  0.41 0.42 0.43 0.44 0.45 0.46 0.47 0.48]","[-0.00181259 -0.00569073 -0.01018029 -0.01528204 -0.02100433 -0.02736274
 -0.03438017 -0.04208736 -0.05052387 -0.05973977 -0.06979808 -0.08077853
 -0.09278314 -0.09549767 -0.09147419 -0.08749406 -0.08355516 -0.07965552
 -0.07579328 -0.07196673 -0.06817425 -0.06441436 -0.06068565 -0.05698681
 -0.05331663 -0.04967395 -0.04605771 -0.04246691 -0.03890061 -0.03535791
 -0.03183801 -0.0283401  -0.02486346 -0.0214074  -0.01797127 -0.01455444
 -0.01115635 -0.00777644 -0.00441418 -0.0010691 ]"
