sigma0re,sigma0im,beta0re,beta0im,mu0re,mu0im,beta1re,beta1im,sigma1re,sigma1im,mu1re,mu1im,alpha0,alpha1,b_star,corresponding_negative_eigenvalues
0.2,0.3,1,1.1,1.0,-2.2999999999999994,1,1.1,0.2,0.3,-0.5,-1.6999999999999997,0.0,0.0,"[0.18 0.19 0.2  0.21 0.22 0.23 0.24 0.25 0.26 0.27 0.28 0.29 0.3  0.31
 0.32 0.33 0.34 0.35 0.36 0.37 0.38 0.39 0.4  0.41 0.42 0.43 0.44 0.45
 0.46 0.47 0.48 0.49 0.5  0.51 0.52 0.53 0.54 0.55 0.56 0.57 0.58 0.59
 0.6  0.61 0.62 0.63 0.64 0.65 0.66 0.67 0.68 0.69 0.7  0.71 0.72 0.73
 0.74 0.75 0.76 0.77 0.78 0.79 0.8  0.81 0.82 0.83 0.84 0.85 0.86 0.87
 0.88 0.89 0.9  0.91 0.92 0.93 0.94 0.95 0.96 0.97 0.98 0.99 1.   1.01
 1.02 1.03 1.04 1.05 1.06 1.07 1.08 1.09 1.1  1.11 1.12 1.13 1.14 1.15
 1.16 1.17 1.18 1.19 1.2  1.21 1.22 1.23 1.24 1.25 1.26 1.27 1.28 1.29
 1.3  1.31 1.32 1.33 1.34 1.35 1.36 1.37 1.38 1.39 1.4  1.41 1.42 1.43]","[-0.01571463 -0.03746543 -0.0642965  -0.0991094  -0.15121283 -0.16619579
 -0.16473561 -0.16327659 -0.16181876 -0.16036216 -0.15890682 -0.15745278
 -0.15600006 -0.15454869 -0.15309871 -0.15165013 -0.15020298 -0.14875729
 -0.14731308 -0.14587037 -0.14442918 -0.14298953 -0.14155143 -0.1401149
 -0.13867996 -0.13724661 -0.13581488 -0.13438476 -0.13295628 -0.13152943
 -0.13010423 -0.12868068 -0.12725879 -0.12583855 -0.12441999 -0.12300308
 -0.12158785 -0.12017428 -0.11876237 -0.11735213 -0.11594355 -0.11453663
 -0.11313136 -0.11172774 -0.11032577 -0.10892543 -0.10752672 -0.10612963
 -0.10473416 -0.10334029 -0.10194802 -0.10055733 -0.09916822 -0.09778067
 -0.09639468 -0.09501022 -0.0936273  -0.09224589 -0.09086599 -0.08948758
 -0.08811064 -0.08673517 -0.08536115 -0.08398857 -0.0826174  -0.08124764
 -0.07987928 -0.07851229 -0.07714666 -0.07578238 -0.07441943 -0.07305779
 -0.07169746 -0.07033841 -0.06898063 -0.0676241  -0.0662688  -0.06491473
 -0.06356187 -0.06221019 -0.06085969 -0.05951035 -0.05816215 -0.05681508
 -0.05546912 -0.05412425 -0.05278047 -0.05143775 -0.05009607 -0.04875544
 -0.04741582 -0.0460772  -0.04473958 -0.04340292 -0.04206723 -0.04073248
 -0.03939866 -0.03806575 -0.03673375 -0.03540263 -0.03407239 -0.032743
 -0.03141446 -0.03008675 -0.02875985 -0.02743376 -0.02610846 -0.02478394
 -0.02346018 -0.02213717 -0.0208149  -0.01949336 -0.01817253 -0.01685241
 -0.01553297 -0.01421421 -0.01289611 -0.01157867 -0.01026188 -0.00894571
 -0.00763016 -0.00631522 -0.00500088 -0.00368712 -0.00237394 -0.00106133]"
