sigma0re,sigma0im,beta0re,beta0im,mu0re,mu0im,beta1re,beta1im,sigma1re,sigma1im,mu1re,mu1im,alpha0,alpha1,b_star,corresponding_negative_eigenvalues
0.2,0.3,1,1.1,1.0,0.7000000000000033,1,1.1,0.2,0.3,-0.5,0.9000000000000026,0.0,0.0,"[0.3  0.31 0.32 0.33 0.34 0.35 0.36 0.37 0.38 0.39 0.4  0.41 0.42 0.43
 0.44 0.45 0.46 0.47 0.48 0.49 0.5  0.51 0.52 0.53 0.54 0.55 0.56 0.57]","[-0.0087678  -0.06566796 -0.06316125 -0.0606538  -0.05814725 -0.05564285
 -0.05314157 -0.05064412 -0.04815104 -0.04566271 -0.04317942 -0.04070134
 -0.03822858 -0.03576119 -0.03329917 -0.0308425  -0.0283911  -0.02594488
 -0.02350375 -0.02106758 -0.01863624 -0.0162096  -0.0137875  -0.01136981
 -0.00895636 -0.00654702 -0.00414163 -0.00174003]"
