sigma0re,sigma0im,beta0re,beta0im,mu0re,mu0im,beta1re,beta1im,sigma1re,sigma1im,mu1re,mu1im,alpha0,alpha1,b_star,corresponding_negative_eigenvalues
0.2,0.3,1,1.1,1.0,-0.799999999999998,1,1.1,0.2,0.3,-0.5,-1.5999999999999996,0.1,0.1,"[0.01 0.02 0.03 0.04 0.05 0.06 0.07 0.08 0.09 0.1  0.11 0.12 0.13 0.14
 0.15 0.16 0.17 0.18 0.19 0.2  0.21 0.22 0.23 0.24 0.25 0.26 0.27 0.28
 0.29 0.3  0.31 0.32 0.33 0.34 0.35 0.36 0.37 0.38 0.39 0.4  0.41]","[-0.00056374 -0.00227474 -0.0051963  -0.00944898 -0.01524213 -0.02294679
 -0.0332912  -0.04807997 -0.07687012 -0.05999031 -0.05911573 -0.0613727
 -0.06510082 -0.06982782 -0.07536975 -0.0816495  -0.08864067 -0.09183846
 -0.08765845 -0.08350561 -0.07938223 -0.07528937 -0.0712273  -0.0671958
 -0.06319433 -0.05922217 -0.05527846 -0.05136232 -0.0474728  -0.04360897
 -0.03976991 -0.03595473 -0.03216254 -0.02839251 -0.02464383 -0.02091575
 -0.01720752 -0.01351845 -0.00984787 -0.00619516 -0.00255973]"
