sigma0re,sigma0im,beta0re,beta0im,mu0re,mu0im,beta1re,beta1im,sigma1re,sigma1im,mu1re,mu1im,alpha0,alpha1,b_star,corresponding_negative_eigenvalues
0.2,0.3,1,1.1,1.0,-1.1999999999999984,1,1.1,0.2,0.3,-0.5,-0.9999999999999991,0.0,0.0,"[0.17 0.18 0.19 0.2  0.21 0.22 0.23 0.24 0.25 0.26 0.27 0.28 0.29 0.3
 0.31 0.32 0.33 0.34 0.35 0.36 0.37 0.38 0.39 0.4  0.41 0.42 0.43 0.44
 0.45 0.46 0.47 0.48 0.49 0.5  0.51 0.52 0.53 0.54 0.55 0.56 0.57 0.58
 0.59 0.6  0.61 0.62 0.63 0.64 0.65 0.66 0.67 0.68 0.69 0.7  0.71 0.72
 0.73 0.74 0.75 0.76 0.77 0.78 0.79 0.8  0.81 0.82 0.83 0.84 0.85 0.86
 0.87 0.88 0.89 0.9  0.91 0.92 0.93 0.94 0.95 0.96 0.97 0.98 0.99 1.
 1.01 1.02 1.03 1.04 1.05 1.06 1.07 1.08 1.09]","[-0.00370701 -0.01038038 -0.01784867 -0.02616872 -0.0354144  -0.04568251
 -0.05710187 -0.06984831 -0.08417043 -0.10043793 -0.11924256 -0.13815335
 -0.13612732 -0.13411483 -0.13211572 -0.1301298  -0.12815686 -0.1261967
 -0.12424909 -0.12231381 -0.12039062 -0.11847928 -0.11657956 -0.1146912
 -0.11281396 -0.11094759 -0.10909185 -0.1072465  -0.1054113  -0.103586
 -0.10177036 -0.09996416 -0.09816716 -0.09637913 -0.09459986 -0.09282912
 -0.09106669 -0.08931237 -0.08756596 -0.08582724 -0.08409602 -0.08237211
 -0.08065531 -0.07894545 -0.07724235 -0.07554583 -0.07385571 -0.07217183
 -0.07049403 -0.06882215 -0.06715604 -0.06549554 -0.0638405  -0.06219079
 -0.06054627 -0.05890679 -0.05727223 -0.05564246 -0.05401735 -0.05239678
 -0.05078064 -0.0491688  -0.04756115 -0.04595759 -0.04435801 -0.0427623
 -0.04117036 -0.03958209 -0.03799741 -0.0364162  -0.0348384  -0.03326389
 -0.03169261 -0.03012445 -0.02855936 -0.02699723 -0.025438   -0.02388159
 -0.02232793 -0.02077694 -0.01922855 -0.01768271 -0.01613933 -0.01459835
 -0.01305972 -0.01152337 -0.00998925 -0.00845728 -0.00692742 -0.00539961
 -0.0038738  -0.00234993 -0.00082796]"
