sigma0re,sigma0im,beta0re,beta0im,mu0re,mu0im,beta1re,beta1im,sigma1re,sigma1im,mu1re,mu1im,alpha0,alpha1,b_star,corresponding_negative_eigenvalues
0.2,0.3,1,1.1,1.0,-0.4999999999999978,1,1.1,0.2,0.3,-0.5,-1.6999999999999997,0.1,0.1,"[0.01 0.02 0.03 0.04 0.05 0.06 0.07 0.08 0.09 0.1  0.11 0.12 0.13 0.14
 0.15 0.16 0.17 0.18 0.19 0.2  0.21 0.22 0.23 0.24 0.25 0.26 0.27]","[-0.00037102 -0.0014867  -0.00335448 -0.00598494 -0.00938802 -0.0135645
 -0.01848817 -0.02406935 -0.03008862 -0.03610725 -0.04144096 -0.04536877
 -0.04751657 -0.0479826  -0.04711268 -0.04526648 -0.04272702 -0.03969594
 -0.03631271 -0.03267372 -0.02884635 -0.02487842 -0.02080447 -0.0166498
 -0.01243324 -0.00816899 -0.00386788]"
