sigma0re,sigma0im,beta0re,beta0im,mu0re,mu0im,beta1re,beta1im,sigma1re,sigma1im,mu1re,mu1im,alpha0,alpha1,b_star,corresponding_negative_eigenvalues
0.2,0.3,1,1.1,1.0,1.400000000000004,1,1.1,0.2,0.3,-0.5,1.7000000000000033,0.1,0.1,"[0.29 0.3  0.31 0.32 0.33 0.34 0.35 0.36 0.37 0.38 0.39 0.4  0.41 0.42
 0.43 0.44 0.45 0.46 0.47 0.48 0.49 0.5  0.51 0.52 0.53 0.54 0.55 0.56
 0.57 0.58 0.59 0.6  0.61 0.62 0.63 0.64 0.65 0.66 0.67 0.68 0.69 0.7
 0.71 0.72 0.73 0.74 0.75 0.76 0.77]","[-0.02817671 -0.10988354 -0.10725317 -0.10464305 -0.10205255 -0.09948104
 -0.0969279  -0.09439254 -0.09187436 -0.0893728  -0.0868873  -0.08441732
 -0.08196236 -0.0795219  -0.07709547 -0.07468261 -0.07228286 -0.06989581
 -0.06752104 -0.06515816 -0.06280679 -0.06046659 -0.0581372  -0.0558183
 -0.05350957 -0.05121071 -0.04892145 -0.04664151 -0.04437064 -0.04210858
 -0.03985511 -0.03761    -0.03537305 -0.03314404 -0.03092279 -0.02870913
 -0.02650287 -0.02430385 -0.02211192 -0.01992693 -0.01774875 -0.01557723
 -0.01341226 -0.01125372 -0.00910149 -0.00695547 -0.00481555 -0.00268165
 -0.00055367]"
