sigma0re,sigma0im,beta0re,beta0im,mu0re,mu0im,beta1re,beta1im,sigma1re,sigma1im,mu1re,mu1im,alpha0,alpha1,b_star,corresponding_negative_eigenvalues
0.2,0.3,1,1.1,1.0,-0.09999999999999742,1,1.1,0.2,0.3,-0.5,-1.0999999999999992,0.1,0.1,[0.01 0.02 0.03 0.04 0.05 0.06 0.07 0.08 0.09 0.1  0.11 0.12 0.13],"[-4.48428972e-05 -1.75952762e-04 -3.83073179e-04 -6.49138344e-04
 -9.50412167e-04 -1.25686970e-03 -1.53298278e-03 -1.73906387e-03
 -1.83325217e-03 -1.77408302e-03 -1.52338769e-03 -1.04909283e-03
 -3.27418927e-04]"
