sigma0re,sigma0im,beta0re,beta0im,mu0re,mu0im,beta1re,beta1im,sigma1re,sigma1im,mu1re,mu1im,alpha0,alpha1,b_star,corresponding_negative_eigenvalues
0.2,0.3,1,1.1,1.0,-0.2999999999999976,1,1.1,0.2,0.3,-0.5,-1.9,0.0,0.0,"[0.01 0.02 0.03 0.04 0.05 0.06 0.07 0.08 0.09 0.1  0.11 0.12 0.13 0.14
 0.15 0.16 0.17]","[-0.00031426 -0.00124874 -0.00277624 -0.00484343 -0.00735801 -0.01017077
 -0.01305729 -0.01571373 -0.01779014 -0.01897163 -0.01907074 -0.01806467
 -0.01605763 -0.01321202 -0.00969482 -0.00565128 -0.00119806]"
