sigma0re,sigma0im,beta0re,beta0im,mu0re,mu0im,beta1re,beta1im,sigma1re,sigma1im,mu1re,mu1im,alpha0,alpha1,b_star,corresponding_negative_eigenvalues
0.2,0.3,1,1.1,1.0,-0.9999999999999982,1,1.1,0.2,0.3,-0.5,-1.7999999999999998,0.0,0.0,"[0.08 0.09 0.1  0.11 0.12 0.13 0.14 0.15 0.16 0.17 0.18 0.19 0.2  0.21
 0.22 0.23 0.24 0.25 0.26 0.27 0.28 0.29 0.3  0.31 0.32 0.33 0.34 0.35
 0.36 0.37 0.38 0.39 0.4  0.41]","[-0.00170143 -0.00592956 -0.01087647 -0.01654227 -0.02293807 -0.03008517
 -0.03801508 -0.04677033 -0.05640622 -0.06699369 -0.07862382 -0.09141489
 -0.09120737 -0.08661406 -0.08206721 -0.07756332 -0.07309922 -0.06867196
 -0.06427882 -0.05991731 -0.05558512 -0.05128013 -0.04700035 -0.04274398
 -0.03850933 -0.03429483 -0.03009905 -0.02592062 -0.02175831 -0.01761096
 -0.01347748 -0.00935687 -0.0052482  -0.00115059]"
