sigma0re,sigma0im,beta0re,beta0im,mu0re,mu0im,beta1re,beta1im,sigma1re,sigma1im,mu1re,mu1im,alpha0,alpha1,b_star,corresponding_negative_eigenvalues
0.2,0.3,1,1.1,1.0,-2.2999999999999994,1,1.1,0.2,0.3,-0.5,-0.6999999999999988,0.0,0.0,"[0.26 0.27 0.28 0.29 0.3  0.31 0.32 0.33 0.34 0.35 0.36 0.37 0.38 0.39
 0.4  0.41 0.42 0.43 0.44 0.45 0.46 0.47 0.48 0.49 0.5  0.51 0.52 0.53
 0.54 0.55 0.56 0.57 0.58 0.59 0.6  0.61 0.62 0.63 0.64 0.65 0.66 0.67
 0.68 0.69 0.7  0.71 0.72 0.73 0.74 0.75 0.76 0.77 0.78 0.79 0.8  0.81
 0.82 0.83 0.84 0.85 0.86 0.87 0.88 0.89 0.9  0.91 0.92 0.93 0.94 0.95
 0.96 0.97 0.98 0.99 1.   1.01 1.02 1.03 1.04 1.05 1.06 1.07 1.08 1.09
 1.1  1.11 1.12]","[-0.00295046 -0.02496718 -0.05547087 -0.11815396 -0.13920997 -0.13729171
 -0.13538168 -0.13347985 -0.1315862  -0.12970067 -0.12782322 -0.12595379
 -0.12409231 -0.1222387  -0.12039288 -0.11855476 -0.11672426 -0.11490126
 -0.11308567 -0.11127738 -0.10947629 -0.10768228 -0.10589525 -0.10411507
 -0.10234162 -0.10057481 -0.09881449 -0.09706057 -0.09531291 -0.0935714
 -0.09183593 -0.09010636 -0.0883826  -0.08666451 -0.084952   -0.08324493
 -0.0815432  -0.07984669 -0.07815531 -0.07646892 -0.07478744 -0.07311075
 -0.07143875 -0.06977133 -0.06810839 -0.06644984 -0.06479557 -0.06314549
 -0.06149951 -0.05985753 -0.05821946 -0.05658521 -0.05495469 -0.05332781
 -0.0517045  -0.05008467 -0.04846824 -0.04685513 -0.04524526 -0.04363855
 -0.04203493 -0.04043433 -0.03883668 -0.0372419  -0.03564992 -0.03406069
 -0.03247413 -0.03089018 -0.02930878 -0.02772986 -0.02615337 -0.02457925
 -0.02300744 -0.02143788 -0.01987051 -0.0183053  -0.01674217 -0.01518108
 -0.01362199 -0.01206484 -0.01050958 -0.00895616 -0.00740455 -0.00585469
 -0.00430655 -0.00276007 -0.00121523]"
