sigma0re,sigma0im,beta0re,beta0im,mu0re,mu0im,beta1re,beta1im,sigma1re,sigma1im,mu1re,mu1im,alpha0,alpha1,b_star,corresponding_negative_eigenvalues
0.2,0.3,1,1.1,1.0,-1.0999999999999983,1,1.1,0.2,0.3,-0.5,-2.0,0.0,0.0,"[0.1  0.11 0.12 0.13 0.14 0.15 0.16 0.17 0.18 0.19 0.2  0.21 0.22 0.23
 0.24 0.25 0.26 0.27 0.28 0.29 0.3  0.31 0.32 0.33 0.34 0.35 0.36 0.37
 0.38 0.39 0.4 ]","[-0.00093823 -0.00692697 -0.01383856 -0.02169384 -0.03052883 -0.04039647
 -0.05136975 -0.0635469  -0.07705981 -0.09208781 -0.0926793  -0.08796267
 -0.08328857 -0.07865417 -0.07405677 -0.06949385 -0.06496305 -0.06046216
 -0.05598912 -0.05154198 -0.04711895 -0.04271834 -0.0383386  -0.03397825
 -0.02963593 -0.02531037 -0.02100038 -0.01670485 -0.01242275 -0.00815311
 -0.00389503]"
