sigma0re,sigma0im,beta0re,beta0im,mu0re,mu0im,beta1re,beta1im,sigma1re,sigma1im,mu1re,mu1im,alpha0,alpha1,b_star,corresponding_negative_eigenvalues
0.2,0.3,1,1.1,1.0,-0.2999999999999976,1,1.1,0.2,0.3,-0.5,-0.9999999999999991,0.1,0.1,"[0.01 0.02 0.03 0.04 0.05 0.06 0.07 0.08 0.09 0.1  0.11 0.12 0.13 0.14
 0.15 0.16 0.17 0.18 0.19 0.2  0.21 0.22 0.23 0.24 0.25 0.26 0.27 0.28]","[-1.29437104e-04 -5.15683247e-04 -1.15238987e-03 -2.02846699e-03
 -3.12732848e-03 -4.42587179e-03 -5.89327478e-03 -7.48978610e-03
 -9.16582737e-03 -1.08618953e-02 -1.25098744e-02 -1.40363031e-02
 -1.53677226e-02 -1.64374557e-02 -1.71923222e-02 -1.75974518e-02
 -1.76378958e-02 -1.73169295e-02 -1.66520445e-02 -1.56700821e-02
 -1.44027167e-02 -1.28829420e-02 -1.11427058e-02 -9.21153881e-03
 -7.11591530e-03 -4.87909286e-03 -2.52123265e-03 -5.96638897e-05]"
