sigma0re,sigma0im,beta0re,beta0im,mu0re,mu0im,beta1re,beta1im,sigma1re,sigma1im,mu1re,mu1im,alpha0,alpha1,b_star,corresponding_negative_eigenvalues
0.2,0.3,1,1.1,1.0,2.800000000000005,1,1.1,0.2,0.3,-0.5,0.30000000000000204,0.1,0.1,"[0.01 0.02 0.03 0.04 0.05 0.06 0.07 0.08 0.09 0.1  0.11 0.12 0.13 0.14
 0.15 0.16 0.17 0.18 0.19 0.2  0.21 0.22 0.23 0.24 0.25 0.26 0.27 0.28
 0.29 0.3  0.31 0.32 0.33 0.34 0.35 0.36 0.37 0.38 0.39 0.4 ]","[-0.00039604 -0.00159111 -0.00360652 -0.00647963 -0.01026671 -0.01504704
 -0.02092774 -0.02804509 -0.03654517 -0.04647351 -0.05735205 -0.06734253
 -0.07398426 -0.07697648 -0.07752334 -0.07663459 -0.07489365 -0.0726245
 -0.07001376 -0.0671743  -0.06417755 -0.06107048 -0.05788495 -0.05464319
 -0.05136099 -0.04804983 -0.04471812 -0.04137213 -0.03801657 -0.03465498
 -0.03129009 -0.02792395 -0.02455816 -0.02119391 -0.01783213 -0.01447353
 -0.01111865 -0.00776788 -0.00442152 -0.00107979]"
