sigma0re,sigma0im,beta0re,beta0im,mu0re,mu0im,beta1re,beta1im,sigma1re,sigma1im,mu1re,mu1im,alpha0,alpha1,b_star,corresponding_negative_eigenvalues
0.2,0.3,1,1.1,1.0,1.400000000000004,1,1.1,0.2,0.3,-0.5,1.2000000000000028,0.0,0.0,"[0.26 0.27 0.28 0.29 0.3  0.31 0.32 0.33 0.34 0.35 0.36 0.37 0.38 0.39
 0.4  0.41 0.42 0.43 0.44 0.45 0.46 0.47 0.48 0.49 0.5  0.51 0.52 0.53
 0.54 0.55 0.56 0.57 0.58 0.59 0.6  0.61 0.62 0.63 0.64 0.65 0.66 0.67
 0.68 0.69 0.7  0.71 0.72 0.73 0.74 0.75 0.76 0.77 0.78 0.79 0.8  0.81
 0.82 0.83 0.84 0.85 0.86 0.87 0.88 0.89 0.9  0.91 0.92 0.93 0.94 0.95
 0.96 0.97 0.98 0.99 1.   1.01 1.02 1.03]","[-0.00384431 -0.02781451 -0.06274062 -0.13651336 -0.13444467 -0.1323853
 -0.13033522 -0.12829437 -0.12626268 -0.12424006 -0.12222644 -0.12022171
 -0.11822577 -0.1162385  -0.11425979 -0.1122895  -0.11032752 -0.1083737
 -0.10642792 -0.10449003 -0.10255988 -0.10063735 -0.09872228 -0.09681453
 -0.09491395 -0.0930204  -0.09113373 -0.08925381 -0.08738047 -0.08551359
 -0.08365302 -0.08179862 -0.07995025 -0.07810777 -0.07627106 -0.07443996
 -0.07261437 -0.07079414 -0.06897914 -0.06716926 -0.06536437 -0.06356434
 -0.06176907 -0.05997843 -0.05819231 -0.0564106  -0.05463319 -0.05285997
 -0.05109083 -0.04932568 -0.04756441 -0.04580693 -0.04405314 -0.04230294
 -0.04055624 -0.03881296 -0.037073   -0.03533628 -0.03360272 -0.03187223
 -0.03014473 -0.02842014 -0.0266984  -0.02497942 -0.02326313 -0.02154946
 -0.01983834 -0.01812971 -0.01642349 -0.01471963 -0.01301806 -0.01131871
 -0.00962154 -0.00792647 -0.00623346 -0.00454245 -0.00285338 -0.0011662 ]"
