sigma0re,sigma0im,beta0re,beta0im,mu0re,mu0im,beta1re,beta1im,sigma1re,sigma1im,mu1re,mu1im,alpha0,alpha1,b_star,corresponding_negative_eigenvalues
0.2,0.3,1,1.1,1.0,1.900000000000004,1,1.1,0.2,0.3,-0.5,1.8000000000000034,0.0,0.0,"[0.22 0.23 0.24 0.25 0.26 0.27 0.28 0.29 0.3  0.31 0.32 0.33 0.34 0.35
 0.36 0.37 0.38 0.39 0.4  0.41 0.42 0.43 0.44 0.45 0.46 0.47 0.48 0.49
 0.5  0.51 0.52 0.53 0.54 0.55 0.56 0.57 0.58 0.59 0.6  0.61 0.62 0.63
 0.64 0.65 0.66 0.67 0.68 0.69 0.7  0.71 0.72 0.73 0.74 0.75 0.76 0.77
 0.78 0.79 0.8  0.81 0.82 0.83 0.84 0.85 0.86 0.87]","[-2.18325842e-02 -7.06939735e-02 -1.41356564e-01 -1.38966628e-01
 -1.36582244e-01 -1.34203468e-01 -1.31830342e-01 -1.29462899e-01
 -1.27101159e-01 -1.24745135e-01 -1.22394825e-01 -1.20050224e-01
 -1.17711312e-01 -1.15378065e-01 -1.13050451e-01 -1.10728430e-01
 -1.08411956e-01 -1.06100976e-01 -1.03795434e-01 -1.01495266e-01
 -9.92004070e-02 -9.69107849e-02 -9.46263257e-02 -9.23469515e-02
 -9.00725821e-02 -8.78031345e-02 -8.55385238e-02 -8.32786632e-02
 -8.10234646e-02 -7.87728384e-02 -7.65266944e-02 -7.42849416e-02
 -7.20474885e-02 -6.98142433e-02 -6.75851142e-02 -6.53600096e-02
 -6.31388381e-02 -6.09215086e-02 -5.87079307e-02 -5.64980147e-02
 -5.42916716e-02 -5.20888133e-02 -4.98893527e-02 -4.76932036e-02
 -4.55002813e-02 -4.33105018e-02 -4.11237827e-02 -3.89400427e-02
 -3.67592019e-02 -3.45811818e-02 -3.24059051e-02 -3.02332960e-02
 -2.80632803e-02 -2.58957849e-02 -2.37307385e-02 -2.15680710e-02
 -1.94077138e-02 -1.72495999e-02 -1.50936635e-02 -1.29398405e-02
 -1.07880680e-02 -8.63828484e-03 -6.49043095e-03 -4.34444784e-03
 -2.20027835e-03 -5.78666952e-05]"
