sigma0re,sigma0im,beta0re,beta0im,mu0re,mu0im,beta1re,beta1im,sigma1re,sigma1im,mu1re,mu1im,alpha0,alpha1,b_star,corresponding_negative_eigenvalues
0.2,0.3,1,1.1,1.0,1.7000000000000046,1,1.1,0.2,0.3,-0.5,0.40000000000000213,0.0,0.0,"[0.01 0.02 0.03 0.04 0.05 0.06 0.07 0.08 0.09 0.1  0.11 0.12 0.13 0.14
 0.15 0.16 0.17 0.18 0.19 0.2  0.21 0.22 0.23 0.24 0.25 0.26 0.27 0.28
 0.29 0.3  0.31 0.32 0.33 0.34 0.35 0.36 0.37 0.38 0.39 0.4  0.41 0.42
 0.43 0.44 0.45 0.46 0.47 0.48 0.49 0.5  0.51 0.52 0.53 0.54 0.55 0.56
 0.57 0.58 0.59 0.6  0.61 0.62 0.63 0.64 0.65 0.66 0.67 0.68 0.69 0.7
 0.71 0.72 0.73]","[-0.00037629 -0.00151231 -0.00343031 -0.00617016 -0.00979433 -0.01439706
 -0.02012119 -0.02719155 -0.03598905 -0.04724763 -0.06277622 -0.09150624
 -0.08536797 -0.08045708 -0.08113323 -0.08399224 -0.08816966 -0.09333954
 -0.09936401 -0.10619185 -0.11246552 -0.11008922 -0.10770473 -0.10531945
 -0.10293841 -0.10056497 -0.09820144 -0.09584935 -0.09350971 -0.09118312
 -0.08886991 -0.08657022 -0.08428404 -0.08201124 -0.07975162 -0.07750492
 -0.07527086 -0.0730491  -0.07083931 -0.06864113 -0.0664542  -0.06427818
 -0.06211269 -0.05995739 -0.05781193 -0.05567596 -0.05354917 -0.05143122
 -0.04932179 -0.04722059 -0.04512732 -0.04304168 -0.04096341 -0.03889224
 -0.0368279  -0.03477015 -0.03271874 -0.03067344 -0.02863403 -0.02660029
 -0.02457201 -0.02254898 -0.02053102 -0.01851794 -0.01650955 -0.01450568
 -0.01250615 -0.01051082 -0.00851952 -0.00653209 -0.0045484  -0.0025683
 -0.00059166]"
