sigma0re,sigma0im,beta0re,beta0im,mu0re,mu0im,beta1re,beta1im,sigma1re,sigma1im,mu1re,mu1im,alpha0,alpha1,b_star,corresponding_negative_eigenvalues
0.2,0.3,1,1.1,1.0,1.7000000000000046,1,1.1,0.2,0.3,-0.5,0.20000000000000195,0.0,0.0,"[0.01 0.02 0.03 0.04 0.05 0.06 0.07 0.08 0.09 0.1  0.11 0.12 0.13 0.14
 0.15 0.16 0.17 0.18 0.19 0.2  0.21 0.22 0.23 0.24 0.25 0.26 0.27 0.28
 0.29 0.3  0.31 0.32 0.33 0.34 0.35]","[-0.00018775 -0.00074978 -0.0016822  -0.00297785 -0.00462514 -0.00660639
 -0.00889541 -0.01145445 -0.01423061 -0.01715224 -0.02012674 -0.02304172
 -0.02577182 -0.0281923  -0.03019658 -0.03171194 -0.03270685 -0.03318801
 -0.03319002 -0.03276319 -0.03196334 -0.03084496 -0.02945764 -0.02784456
 -0.0260424  -0.02408186 -0.0219884  -0.01978307 -0.01748324 -0.0151033
 -0.01265513 -0.01014864 -0.00759207 -0.00499232 -0.00235517]"
