sigma0re,sigma0im,beta0re,beta0im,mu0re,mu0im,beta1re,beta1im,sigma1re,sigma1im,mu1re,mu1im,alpha0,alpha1,b_star,corresponding_negative_eigenvalues
0.2,0.3,1,1.1,1.0,-0.699999999999998,1,1.1,0.2,0.3,-0.5,-0.9999999999999991,0.0,0.0,"[0.01 0.02 0.03 0.04 0.05 0.06 0.07 0.08 0.09 0.1  0.11 0.12 0.13 0.14
 0.15 0.16 0.17 0.18 0.19 0.2  0.21 0.22 0.23 0.24 0.25 0.26 0.27 0.28
 0.29 0.3  0.31 0.32 0.33 0.34 0.35 0.36 0.37 0.38 0.39 0.4  0.41 0.42
 0.43 0.44 0.45 0.46 0.47 0.48 0.49 0.5  0.51]","[-0.00038732 -0.00155613 -0.00352766 -0.00633955 -0.0100497  -0.01474288
 -0.02054175 -0.02762503 -0.03625682 -0.04682319 -0.0597838  -0.07477264
 -0.08739046 -0.09351016 -0.0953618  -0.09517185 -0.09394208 -0.09212863
 -0.08996216 -0.08757063 -0.08503028 -0.08238912 -0.07967868 -0.07692038
 -0.07412916 -0.07131565 -0.06848753 -0.06565042 -0.06280849 -0.05996481
 -0.0571217  -0.05428084 -0.05144352 -0.04861065 -0.04578289 -0.04296071
 -0.04014442 -0.0373342  -0.03453014 -0.03173226 -0.02894053 -0.02615487
 -0.02337515 -0.02060123 -0.01783295 -0.01507014 -0.01231262 -0.00956017
 -0.00681262 -0.00406976 -0.00133139]"
