sigma0re,sigma0im,beta0re,beta0im,mu0re,mu0im,beta1re,beta1im,sigma1re,sigma1im,mu1re,mu1im,alpha0,alpha1,b_star,corresponding_negative_eigenvalues
0.2,0.3,1,1.1,1.0,0.9000000000000035,1,1.1,0.2,0.3,-0.5,1.6000000000000032,0.1,0.1,"[0.33 0.34 0.35 0.36 0.37 0.38 0.39 0.4  0.41 0.42 0.43 0.44 0.45 0.46
 0.47 0.48 0.49]","[-0.03298371 -0.05104955 -0.04769541 -0.04436096 -0.04104511 -0.03774682
 -0.03446515 -0.03119923 -0.02794822 -0.02471137 -0.02148796 -0.01827733
 -0.01507887 -0.01189201 -0.0087162  -0.00555096 -0.00239581]"
