sigma0re,sigma0im,beta0re,beta0im,mu0re,mu0im,beta1re,beta1im,sigma1re,sigma1im,mu1re,mu1im,alpha0,alpha1,b_star,corresponding_negative_eigenvalues
0.2,0.3,1,1.1,1.0,1.7000000000000046,1,1.1,0.2,0.3,-0.5,1.7000000000000033,0.1,0.1,"[0.26 0.27 0.28 0.29 0.3  0.31 0.32 0.33 0.34 0.35 0.36 0.37 0.38 0.39
 0.4  0.41 0.42 0.43 0.44 0.45 0.46 0.47 0.48 0.49 0.5  0.51 0.52 0.53
 0.54 0.55 0.56 0.57 0.58 0.59 0.6  0.61 0.62 0.63 0.64 0.65 0.66 0.67
 0.68 0.69 0.7  0.71 0.72 0.73 0.74 0.75 0.76 0.77 0.78 0.79 0.8  0.81
 0.82 0.83 0.84 0.85 0.86 0.87 0.88 0.89 0.9  0.91 0.92 0.93 0.94 0.95
 0.96 0.97 0.98 0.99 1.   1.01 1.02 1.03 1.04 1.05 1.06 1.07]","[-0.00018789 -0.02805324 -0.07166035 -0.1335112  -0.13144284 -0.12938937
 -0.12735054 -0.12532611 -0.12331583 -0.12131941 -0.11933659 -0.11736711
 -0.11541067 -0.113467   -0.11153582 -0.10961687 -0.10770986 -0.10581452
 -0.10393058 -0.10205779 -0.10019588 -0.09834461 -0.09650372 -0.09467298
 -0.09285215 -0.09104099 -0.0892393  -0.08744685 -0.08566343 -0.08388885
 -0.08212289 -0.08036539 -0.07861615 -0.076875   -0.07514176 -0.07341627
 -0.07169838 -0.06998793 -0.06828478 -0.06658878 -0.06489981 -0.06321772
 -0.06154241 -0.05987374 -0.0582116  -0.05655589 -0.05490649 -0.05326331
 -0.05162626 -0.04999523 -0.04837015 -0.04675092 -0.04513747 -0.04352972
 -0.04192759 -0.04033102 -0.03873994 -0.03715428 -0.03557399 -0.033999
 -0.03242927 -0.03086473 -0.02930534 -0.02775105 -0.02620181 -0.02465759
 -0.02311833 -0.021584   -0.02005457 -0.01853    -0.01701025 -0.01549529
 -0.01398509 -0.01247963 -0.01097888 -0.0094828  -0.00799139 -0.0065046
 -0.00502243 -0.00354485 -0.00207184 -0.00060338]"
