sigma0re,sigma0im,beta0re,beta0im,mu0re,mu0im,beta1re,beta1im,sigma1re,sigma1im,mu1re,mu1im,alpha0,alpha1,b_star,corresponding_negative_eigenvalues
0.2,0.3,1,1.1,1.0,1.600000000000004,1,1.1,0.2,0.3,-0.5,1.400000000000003,0.1,0.1,"[0.28 0.29 0.3  0.31 0.32 0.33 0.34 0.35 0.36 0.37 0.38 0.39 0.4  0.41
 0.42 0.43 0.44 0.45 0.46 0.47 0.48 0.49 0.5  0.51 0.52 0.53 0.54 0.55
 0.56 0.57 0.58 0.59 0.6  0.61 0.62 0.63 0.64 0.65 0.66 0.67 0.68 0.69
 0.7  0.71 0.72 0.73 0.74 0.75 0.76 0.77 0.78 0.79 0.8  0.81 0.82 0.83
 0.84 0.85 0.86 0.87 0.88 0.89 0.9  0.91 0.92 0.93 0.94 0.95 0.96 0.97
 0.98 0.99 1.   1.01 1.02 1.03 1.04 1.05 1.06 1.07 1.08 1.09 1.1  1.11
 1.12 1.13 1.14 1.15 1.16 1.17 1.18 1.19 1.2  1.21 1.22 1.23 1.24 1.25
 1.26 1.27 1.28 1.29 1.3  1.31 1.32 1.33 1.34 1.35 1.36 1.37 1.38 1.39
 1.4  1.41 1.42 1.43 1.44 1.45 1.46 1.47 1.48 1.49 1.5  1.51 1.52 1.53
 1.54 1.55]","[-0.00540101 -0.02848585 -0.0606029  -0.1426245  -0.14099851 -0.13938665
 -0.13778874 -0.13620456 -0.13463392 -0.13307658 -0.13153234 -0.13000096
 -0.12848221 -0.12697586 -0.12548167 -0.12399942 -0.12252886 -0.12106977
 -0.11962192 -0.11818507 -0.116759   -0.11534348 -0.11393831 -0.11254325
 -0.11115811 -0.10978267 -0.10841673 -0.10706008 -0.10571255 -0.10437394
 -0.10304405 -0.10172273 -0.10040978 -0.09910505 -0.09780836 -0.09651956
 -0.0952385  -0.09396501 -0.09269897 -0.09144021 -0.09018862 -0.08894406
 -0.0877064  -0.08647551 -0.08525129 -0.08403361 -0.08282236 -0.08161744
 -0.08041875 -0.07922618 -0.07803964 -0.07685903 -0.07568428 -0.07451528
 -0.07335197 -0.07219426 -0.07104207 -0.06989533 -0.06875398 -0.06761794
 -0.06648715 -0.06536154 -0.06424106 -0.06312565 -0.06201525 -0.06090981
 -0.05980928 -0.05871361 -0.05762275 -0.05653666 -0.0554553  -0.05437861
 -0.05330657 -0.05223914 -0.05117628 -0.05011795 -0.04906412 -0.04801476
 -0.04696983 -0.04592932 -0.04489319 -0.04386141 -0.04283396 -0.04181081
 -0.04079194 -0.03977733 -0.03876696 -0.03776081 -0.03675885 -0.03576106
 -0.03476744 -0.03377796 -0.03279261 -0.03181137 -0.03083422 -0.02986116
 -0.02889217 -0.02792723 -0.02696634 -0.02600948 -0.02505664 -0.02410781
 -0.02316298 -0.02222215 -0.0212853  -0.02035242 -0.0194235  -0.01849855
 -0.01757754 -0.01666048 -0.01574736 -0.01483816 -0.01393289 -0.01303154
 -0.0121341  -0.01124057 -0.01035095 -0.00946522 -0.00858339 -0.00770544
 -0.00683139 -0.00596121 -0.00509492 -0.0042325  -0.00337396 -0.00251928
 -0.00166847 -0.00082153]"
