sigma0re,sigma0im,beta0re,beta0im,mu0re,mu0im,beta1re,beta1im,sigma1re,sigma1im,mu1re,mu1im,alpha0,alpha1,b_star,corresponding_negative_eigenvalues
0.2,0.3,1,1.1,1.0,-1.0999999999999983,1,1.1,0.2,0.3,-0.5,-1.2999999999999994,0.1,0.1,"[0.14 0.15 0.16 0.17 0.18 0.19 0.2  0.21 0.22 0.23 0.24 0.25 0.26 0.27
 0.28 0.29 0.3  0.31 0.32 0.33 0.34 0.35 0.36 0.37 0.38 0.39 0.4  0.41
 0.42 0.43 0.44 0.45 0.46 0.47 0.48 0.49 0.5  0.51 0.52 0.53 0.54 0.55
 0.56 0.57 0.58 0.59 0.6  0.61 0.62 0.63 0.64 0.65 0.66 0.67 0.68 0.69
 0.7  0.71]","[-0.003247   -0.00850405 -0.01440557 -0.02097331 -0.02823655 -0.03623342
 -0.04501289 -0.0546376  -0.06518801 -0.07676879 -0.08951865 -0.10362663
 -0.11371506 -0.11075815 -0.10782684 -0.10492066 -0.10203914 -0.09918178
 -0.09634812 -0.0935377  -0.09075005 -0.08798475 -0.08524136 -0.08251946
 -0.07981865 -0.07713855 -0.07447877 -0.07183896 -0.06921876 -0.06661786
 -0.06403592 -0.06147264 -0.05892772 -0.0564009  -0.05389189 -0.05140044
 -0.0489263  -0.04646924 -0.04402903 -0.04160546 -0.03919832 -0.03680741
 -0.03443255 -0.03207355 -0.02973024 -0.02740245 -0.02509003 -0.02279283
 -0.02051069 -0.01824348 -0.01599106 -0.0137533  -0.01153008 -0.00932127
 -0.00712677 -0.00494645 -0.00278021 -0.00062795]"
