sigma0re,sigma0im,beta0re,beta0im,mu0re,mu0im,beta1re,beta1im,sigma1re,sigma1im,mu1re,mu1im,alpha0,alpha1,b_star,corresponding_negative_eigenvalues
0.2,0.3,1,1.1,1.0,-0.8999999999999981,1,1.1,0.2,0.3,-0.5,-1.9,0.0,0.0,"[0.01 0.02 0.03 0.04 0.05 0.06 0.07 0.08 0.09 0.1  0.11 0.12 0.13 0.14
 0.15 0.16 0.17 0.18 0.19 0.2  0.21 0.22 0.23 0.24 0.25 0.26 0.27 0.28
 0.29 0.3  0.31 0.32 0.33 0.34 0.35 0.36]","[-0.00095005 -0.00386661 -0.00474205 -0.0063932  -0.00875098 -0.0117097
 -0.01525551 -0.01939343 -0.02413631 -0.02950218 -0.03551379 -0.04219891
 -0.04959112 -0.05773092 -0.06666744 -0.07646074 -0.0871851  -0.08613087
 -0.08106181 -0.0760467  -0.07108078 -0.06615977 -0.06127981 -0.05643739
 -0.05162933 -0.04685275 -0.04210502 -0.03738373 -0.03268669 -0.02801188
 -0.02335746 -0.01872174 -0.01410316 -0.00950028 -0.00491179 -0.00033647]"
