sigma0re,sigma0im,beta0re,beta0im,mu0re,mu0im,beta1re,beta1im,sigma1re,sigma1im,mu1re,mu1im,alpha0,alpha1,b_star,corresponding_negative_eigenvalues
0.2,0.3,1,1.1,1.0,-1.799999999999999,1,1.1,0.2,0.3,-0.5,-0.5999999999999988,0.0,0.0,"[0.27 0.28 0.29 0.3  0.31 0.32 0.33 0.34 0.35 0.36 0.37 0.38 0.39 0.4
 0.41 0.42 0.43 0.44 0.45 0.46 0.47 0.48 0.49 0.5  0.51 0.52 0.53 0.54
 0.55 0.56 0.57 0.58 0.59 0.6  0.61 0.62 0.63 0.64 0.65 0.66 0.67 0.68
 0.69 0.7  0.71 0.72 0.73 0.74 0.75 0.76 0.77 0.78 0.79 0.8  0.81 0.82
 0.83 0.84 0.85 0.86 0.87 0.88 0.89 0.9  0.91 0.92 0.93 0.94 0.95 0.96
 0.97 0.98 0.99 1.   1.01 1.02 1.03 1.04 1.05 1.06 1.07 1.08 1.09 1.1
 1.11 1.12 1.13 1.14 1.15 1.16 1.17 1.18 1.19 1.2  1.21 1.22 1.23 1.24
 1.25 1.26 1.27 1.28 1.29 1.3  1.31 1.32 1.33 1.34 1.35 1.36 1.37 1.38]","[-0.00691286 -0.02366779 -0.04510333 -0.07568128 -0.14436561 -0.1427108
 -0.14106578 -0.13943048 -0.13780483 -0.13618872 -0.13458206 -0.13298474
 -0.13139664 -0.12981764 -0.12824762 -0.12668645 -0.125134   -0.12359012
 -0.12205469 -0.12052755 -0.11900858 -0.11749762 -0.11599454 -0.11449919
 -0.11301142 -0.11153111 -0.1100581  -0.10859226 -0.10713344 -0.10568151
 -0.10423633 -0.10279777 -0.1013657  -0.09993997 -0.09852047 -0.09710706
 -0.09569962 -0.09429803 -0.09290216 -0.09151189 -0.09012712 -0.08874771
 -0.08737357 -0.08600457 -0.08464062 -0.0832816  -0.0819274  -0.08057794
 -0.0792331  -0.07789279 -0.07655692 -0.07522538 -0.07389809 -0.07257495
 -0.07125589 -0.0699408  -0.06862962 -0.06732224 -0.0660186  -0.06471862
 -0.06342221 -0.06212931 -0.06083983 -0.0595537  -0.05827086 -0.05699124
 -0.05571476 -0.05444136 -0.05317097 -0.05190354 -0.050639   -0.04937729
 -0.04811834 -0.04686211 -0.04560853 -0.04435755 -0.04310912 -0.04186317
 -0.04061967 -0.03937855 -0.03813977 -0.03690328 -0.03566903 -0.03443698
 -0.03320707 -0.03197927 -0.03075353 -0.02952981 -0.02830806 -0.02708824
 -0.02587032 -0.02465426 -0.02344001 -0.02222754 -0.02101681 -0.01980779
 -0.01860043 -0.01739471 -0.0161906  -0.01498805 -0.01378703 -0.01258752
 -0.01138948 -0.01019288 -0.00899769 -0.00780389 -0.00661144 -0.00542031
 -0.00423048 -0.00304192 -0.00185461 -0.00066851]"
