sigma0re,sigma0im,beta0re,beta0im,mu0re,mu0im,beta1re,beta1im,sigma1re,sigma1im,mu1re,mu1im,alpha0,alpha1,b_star,corresponding_negative_eigenvalues
0.2,0.3,1,1.1,1.0,-0.4999999999999978,1,1.1,0.2,0.3,-0.5,-1.4999999999999996,0.0,0.0,"[0.01 0.02 0.03 0.04 0.05 0.06 0.07 0.08 0.09 0.1  0.11 0.12 0.13 0.14
 0.15 0.16 0.17 0.18 0.19 0.2  0.21 0.22 0.23 0.24 0.25 0.26 0.27]","[-0.00041469 -0.00166241 -0.00375366 -0.00670379 -0.01052815 -0.0152307
 -0.02077837 -0.02704657 -0.03371907 -0.04017025 -0.04551074 -0.04900465
 -0.05049786 -0.05031351 -0.04889493 -0.04661156 -0.04372633 -0.04041754
 -0.03680547 -0.03297223 -0.02897482 -0.02485356 -0.02063748 -0.01634783
 -0.01200038 -0.00760698 -0.00317665]"
