sigma0re,sigma0im,beta0re,beta0im,mu0re,mu0im,beta1re,beta1im,sigma1re,sigma1im,mu1re,mu1im,alpha0,alpha1,b_star,corresponding_negative_eigenvalues
0.2,0.3,1,1.1,1.0,-1.1999999999999984,1,1.1,0.2,0.3,-0.5,-2.0,0.0,0.0,"[0.12 0.13 0.14 0.15 0.16 0.17 0.18 0.19 0.2  0.21 0.22 0.23 0.24 0.25
 0.26 0.27 0.28 0.29 0.3  0.31 0.32 0.33 0.34 0.35 0.36 0.37 0.38 0.39
 0.4  0.41 0.42 0.43 0.44]","[-0.00316894 -0.01091535 -0.01974996 -0.02972869 -0.0409309  -0.05346596
 -0.06748386 -0.08319298 -0.10089111 -0.09686069 -0.09243242 -0.08803876
 -0.08367783 -0.0793478  -0.07504693 -0.07077353 -0.066526   -0.06230281
 -0.0581025  -0.05392368 -0.04976506 -0.04562539 -0.0415035  -0.03739829
 -0.03330872 -0.02923379 -0.02517259 -0.02112424 -0.01708791 -0.01306284
 -0.00904829 -0.00504357 -0.00104805]"
