sigma0re,sigma0im,beta0re,beta0im,mu0re,mu0im,beta1re,beta1im,sigma1re,sigma1im,mu1re,mu1im,alpha0,alpha1,b_star,corresponding_negative_eigenvalues
0.2,0.3,1,1.1,1.0,2.3000000000000043,1,1.1,0.2,0.3,-0.5,0.5000000000000022,0.0,0.0,"[0.1  0.11 0.12 0.13 0.14 0.15 0.16 0.17 0.18 0.19 0.2  0.21 0.22 0.23
 0.24 0.25 0.26 0.27 0.28 0.29 0.3  0.31 0.32 0.33 0.34 0.35 0.36 0.37
 0.38 0.39 0.4  0.41 0.42 0.43 0.44 0.45 0.46 0.47 0.48 0.49 0.5  0.51
 0.52 0.53 0.54 0.55 0.56 0.57 0.58 0.59 0.6  0.61 0.62 0.63 0.64 0.65]","[-0.00172682 -0.00544025 -0.00970089 -0.01451236 -0.01988456 -0.02583377
 -0.03238285 -0.03956208 -0.04741019 -0.05597624 -0.06532222 -0.075527
 -0.08669235 -0.09895235 -0.11199255 -0.10894002 -0.10592063 -0.10293265
 -0.09997448 -0.09704458 -0.0941415  -0.0912639  -0.08841049 -0.08558005
 -0.08277146 -0.07998362 -0.07721553 -0.07446623 -0.07173481 -0.06902041
 -0.06632222 -0.06363948 -0.06097145 -0.05831744 -0.05567681 -0.05304894
 -0.05043323 -0.04782914 -0.04523612 -0.04265367 -0.04008132 -0.0375186
 -0.03496509 -0.03242037 -0.02988405 -0.02735574 -0.0248351  -0.02232177
 -0.01981544 -0.01731579 -0.01482253 -0.01233536 -0.00985403 -0.00737826
 -0.00490781 -0.00244244]"
