sigma0re,sigma0im,beta0re,beta0im,mu0re,mu0im,beta1re,beta1im,sigma1re,sigma1im,mu1re,mu1im,alpha0,alpha1,b_star,corresponding_negative_eigenvalues
0.2,0.3,1,1.1,1.0,2.100000000000005,1,1.1,0.2,0.3,-0.5,0.30000000000000204,0.1,0.1,"[0.01 0.02 0.03 0.04 0.05 0.06 0.07 0.08 0.09 0.1  0.11 0.12 0.13 0.14
 0.15 0.16 0.17 0.18 0.19 0.2  0.21 0.22 0.23 0.24 0.25 0.26 0.27 0.28
 0.29 0.3  0.31 0.32 0.33 0.34 0.35 0.36 0.37 0.38 0.39 0.4  0.41 0.42
 0.43 0.44 0.45 0.46 0.47 0.48 0.49 0.5  0.51 0.52 0.53 4.65 4.66 4.67
 4.68 4.69 4.7  4.71 4.72 4.73 4.74 4.75 4.76 4.77 4.78 4.79 4.8  4.81
 4.82 4.83 4.84 4.85 4.86 4.87 4.88 4.89 4.9  4.91 4.92 4.93 4.94 4.95
 4.96 4.97 4.98 4.99 5.  ]","[-0.00029792 -0.00119504 -0.00270159 -0.00483512 -0.00762121 -0.01109445
 -0.01529938 -0.0202908  -0.02613133 -0.03288048 -0.0405594  -0.04905271
 -0.05789329 -0.06604425 -0.07228214 -0.07615925 -0.07807486 -0.07862424
 -0.07826751 -0.07730699 -0.07593532 -0.07427689 -0.07241406 -0.07040287
 -0.06828247 -0.06608082 -0.06381829 -0.06151001 -0.05916735 -0.05679897
 -0.05441156 -0.05201032 -0.04959932 -0.04718177 -0.04476023 -0.04233671
 -0.03991286 -0.03748995 -0.03506905 -0.03265098 -0.03023643 -0.02782591
 -0.02541988 -0.02301866 -0.02062253 -0.01823169 -0.01584633 -0.01346655
 -0.01109245 -0.00872411 -0.00636158 -0.00400488 -0.00165404 -0.00337552
 -0.00708197 -0.01081251 -0.01456718 -0.01834603 -0.02214909 -0.02597641
 -0.02982802 -0.03370397 -0.03760429 -0.04152903 -0.04547822 -0.04945191
 -0.05345014 -0.05747294 -0.06152036 -0.06559243 -0.0696892  -0.0738107
 -0.07795698 -0.08212807 -0.08632402 -0.09054486 -0.09479063 -0.09906137
 -0.10335713 -0.10767793 -0.11202382 -0.11639483 -0.12079101 -0.1252124
 -0.12965903 -0.13413093 -0.13862816 -0.14315075 -0.14769873]"
