sigma0re,sigma0im,beta0re,beta0im,mu0re,mu0im,beta1re,beta1im,sigma1re,sigma1im,mu1re,mu1im,alpha0,alpha1,b_star,corresponding_negative_eigenvalues
0.2,0.3,1,1.1,1.0,1.2000000000000037,1,1.1,0.2,0.3,-0.5,1.9000000000000035,0.1,0.1,"[0.29 0.3  0.31 0.32 0.33 0.34 0.35 0.36 0.37 0.38 0.39 0.4  0.41 0.42
 0.43 0.44 0.45 0.46 0.47 0.48 0.49 0.5  0.51 0.52 0.53 0.54 0.55]","[-0.00711694 -0.08087719 -0.07749495 -0.07413668 -0.07080119 -0.06748735
 -0.06419412 -0.06092047 -0.05766548 -0.05442825 -0.05120794 -0.04800376
 -0.04481497 -0.04164088 -0.03848082 -0.03533419 -0.0322004  -0.02907891
 -0.0259692  -0.02287082 -0.01978329 -0.01670621 -0.01363919 -0.01058184
 -0.00753383 -0.00449484 -0.00146455]"
