sigma0re,sigma0im,beta0re,beta0im,mu0re,mu0im,beta1re,beta1im,sigma1re,sigma1im,mu1re,mu1im,alpha0,alpha1,b_star,corresponding_negative_eigenvalues
0.2,0.3,1,1.1,1.0,0.400000000000003,1,1.1,0.2,0.3,-0.5,-0.09999999999999831,0.1,0.1,"[4.66 4.67 4.68 4.69 4.7  4.71 4.72 4.73 4.74 4.75 4.76 4.77 4.78 4.79
 4.8  4.81 4.82 4.83 4.84 4.85 4.86 4.87 4.88 4.89 4.9  4.91 4.92 4.93
 4.94 4.95 4.96 4.97 4.98 4.99 5.  ]","[-0.00072048 -0.00251066 -0.00431235 -0.00612558 -0.00795039 -0.0097868
 -0.01163485 -0.01349457 -0.01536599 -0.01724914 -0.01914406 -0.02105078
 -0.02296933 -0.02489974 -0.02684204 -0.02879628 -0.03076247 -0.03274067
 -0.03473089 -0.03673318 -0.03874756 -0.04077408 -0.04281276 -0.04486364
 -0.04692676 -0.04900216 -0.05108985 -0.05318989 -0.05530231 -0.05742714
 -0.05956442 -0.06171418 -0.06387647 -0.06605132 -0.06823877]"
