sigma0re,sigma0im,beta0re,beta0im,mu0re,mu0im,beta1re,beta1im,sigma1re,sigma1im,mu1re,mu1im,alpha0,alpha1,b_star,corresponding_negative_eigenvalues
0.2,0.3,1,1.1,1.0,1.900000000000004,1,1.1,0.2,0.3,-0.5,1.500000000000003,0.0,0.0,"[0.23 0.24 0.25 0.26 0.27 0.28 0.29 0.3  0.31 0.32 0.33 0.34 0.35 0.36
 0.37 0.38 0.39 0.4  0.41 0.42 0.43 0.44 0.45 0.46 0.47 0.48 0.49 0.5
 0.51 0.52 0.53 0.54 0.55 0.56 0.57 0.58 0.59 0.6  0.61 0.62 0.63 0.64
 0.65 0.66 0.67 0.68 0.69 0.7  0.71 0.72 0.73 0.74 0.75 0.76 0.77 0.78
 0.79 0.8  0.81 0.82 0.83 0.84 0.85 0.86 0.87 0.88 0.89 0.9  0.91 0.92
 0.93 0.94 0.95 0.96 0.97 0.98 0.99 1.   1.01 1.02 1.03 1.04 1.05 1.06
 1.07 1.08 1.09 1.1  1.11 1.12 1.13 1.14 1.15 1.16 1.17 1.18 1.19 1.2
 1.21 1.22]","[-0.02052991 -0.05580703 -0.12747986 -0.15433274 -0.1526051  -0.15088038
 -0.14915864 -0.14743993 -0.14572429 -0.14401178 -0.14230241 -0.14059624
 -0.13889328 -0.13719355 -0.13549709 -0.13380391 -0.13211403 -0.13042744
 -0.12874417 -0.12706422 -0.12538758 -0.12371426 -0.12204425 -0.12037754
 -0.11871413 -0.117054   -0.11539714 -0.11374354 -0.11209317 -0.11044601
 -0.10880205 -0.10716126 -0.10552361 -0.10388908 -0.10225764 -0.10062926
 -0.09900391 -0.09738156 -0.09576218 -0.09414574 -0.0925322  -0.09092152
 -0.08931367 -0.08770862 -0.08610633 -0.08450676 -0.08290988 -0.08131565
 -0.07972402 -0.07813497 -0.07654846 -0.07496444 -0.07338288 -0.07180375
 -0.07022699 -0.06865258 -0.06708048 -0.06551065 -0.06394304 -0.06237764
 -0.06081438 -0.05925325 -0.0576942  -0.0561372  -0.0545822  -0.05302919
 -0.0514781  -0.04992893 -0.04838162 -0.04683614 -0.04529246 -0.04375055
 -0.04221037 -0.04067189 -0.03913508 -0.0375999  -0.03606632 -0.03453431
 -0.03300384 -0.03147489 -0.02994741 -0.02842138 -0.02689677 -0.02537356
 -0.0238517  -0.02233118 -0.02081197 -0.01929404 -0.01777737 -0.01626192
 -0.01474767 -0.01323461 -0.01172269 -0.0102119  -0.00870221 -0.0071936
 -0.00568605 -0.00417953 -0.00267402 -0.0011695 ]"
