sigma0re,sigma0im,beta0re,beta0im,mu0re,mu0im,beta1re,beta1im,sigma1re,sigma1im,mu1re,mu1im,alpha0,alpha1,b_star,corresponding_negative_eigenvalues
0.2,0.3,1,1.1,1.0,-0.1999999999999975,1,1.1,0.2,0.3,-0.5,-1.1999999999999993,0.1,0.1,"[0.01 0.02 0.03 0.04 0.05 0.06 0.07 0.08 0.09 0.1  0.11 0.12 0.13 0.14
 0.15 0.16 0.17 0.18 0.19]","[-0.0001019  -0.00040395 -0.00089498 -0.00155589 -0.00235891 -0.00326696
 -0.00423316 -0.00520117 -0.00610672 -0.00688078 -0.00745455 -0.00776555
 -0.00776367 -0.00741556 -0.00670626 -0.00563791 -0.0042263  -0.00249649
 -0.00047865]"
