sigma0re,sigma0im,beta0re,beta0im,mu0re,mu0im,beta1re,beta1im,sigma1re,sigma1im,mu1re,mu1im,alpha0,alpha1,b_star,corresponding_negative_eigenvalues
0.2,0.3,1,1.1,1.0,-0.09999999999999742,1,1.1,0.2,0.3,-0.5,0.20000000000000195,0.1,0.1,"[4.43 4.44 4.45 4.46 4.47 4.48 4.49 4.5  4.51 4.52 4.53 4.54 4.55 4.56
 4.57 4.58 4.59 4.6  4.61 4.62 4.63 4.64 4.65 4.66 4.67 4.68 4.69 4.7
 4.71 4.72 4.73 4.74 4.75 4.76 4.77 4.78 4.79 4.8  4.81 4.82 4.83 4.84
 4.85 4.86 4.87 4.88 4.89 4.9  4.91 4.92 4.93 4.94 4.95 4.96 4.97 4.98
 4.99 5.  ]","[-0.00049516 -0.00164632 -0.00280411 -0.00396853 -0.0051396  -0.00631731
 -0.00750168 -0.0086927  -0.00989039 -0.01109475 -0.01230579 -0.01352351
 -0.01474792 -0.01597902 -0.01721683 -0.01846134 -0.01971256 -0.0209705
 -0.02223516 -0.02350655 -0.02478468 -0.02606955 -0.02736116 -0.02865953
 -0.02996466 -0.03127654 -0.0325952  -0.03392063 -0.03525285 -0.03659184
 -0.03793763 -0.03929022 -0.04064961 -0.04201581 -0.04338882 -0.04476864
 -0.0461553  -0.04754878 -0.0489491  -0.05035626 -0.05177026 -0.05319111
 -0.05461882 -0.0560534  -0.05749484 -0.05894315 -0.06039833 -0.0618604
 -0.06332936 -0.06480521 -0.06628796 -0.06777761 -0.06927416 -0.07077763
 -0.07228802 -0.07380533 -0.07532956 -0.07686073]"
