sigma0re,sigma0im,beta0re,beta0im,mu0re,mu0im,beta1re,beta1im,sigma1re,sigma1im,mu1re,mu1im,alpha0,alpha1,b_star,corresponding_negative_eigenvalues
0.2,0.3,1,1.1,1.0,2.100000000000005,1,1.1,0.2,0.3,-0.5,0.10000000000000187,0.0,0.0,"[0.01 0.02 0.03 0.04 0.05 0.06 0.07 0.08 0.09 0.1  0.11 0.12 0.13 0.14
 0.15 0.16 0.17 0.18 0.19]","[-0.00011568 -0.00045847 -0.0010155  -0.00176459 -0.00267349 -0.00369893
 -0.00478623 -0.00586982 -0.00687546 -0.00772461 -0.00834093 -0.00865775
 -0.00862485 -0.00821255 -0.00741213 -0.00623297 -0.00469773 -0.00283712
 -0.00068541]"
