sigma0re,sigma0im,beta0re,beta0im,mu0re,mu0im,beta1re,beta1im,sigma1re,sigma1im,mu1re,mu1im,alpha0,alpha1,b_star,corresponding_negative_eigenvalues
0.2,0.3,1,1.1,1.0,-0.4999999999999978,1,1.1,0.2,0.3,-0.5,-1.9,0.0,0.0,"[0.01 0.02 0.03 0.04 0.05 0.06 0.07 0.08 0.09 0.1  0.11 0.12 0.13 0.14
 0.15 0.16 0.17 0.18 0.19 0.2  0.21 0.22 0.23]","[-0.00052547 -0.00210899 -0.004771   -0.00854164 -0.01344999 -0.01949412
 -0.02656314 -0.03425884 -0.04163026 -0.04724758 -0.05014166 -0.05046121
 -0.04890466 -0.04610834 -0.04250443 -0.03836521 -0.03386178 -0.02910387
 -0.02416373 -0.01909018 -0.01391701 -0.00866807 -0.00336052]"
