sigma0re,sigma0im,beta0re,beta0im,mu0re,mu0im,beta1re,beta1im,sigma1re,sigma1im,mu1re,mu1im,alpha0,alpha1,b_star,corresponding_negative_eigenvalues
0.2,0.3,1,1.1,1.0,-1.2999999999999985,1,1.1,0.2,0.3,-0.5,-1.2999999999999994,0.1,0.1,"[0.18 0.19 0.2  0.21 0.22 0.23 0.24 0.25 0.26 0.27 0.28 0.29 0.3  0.31
 0.32 0.33 0.34 0.35 0.36 0.37 0.38 0.39 0.4  0.41 0.42 0.43 0.44 0.45
 0.46 0.47 0.48 0.49 0.5  0.51 0.52 0.53 0.54 0.55 0.56 0.57 0.58 0.59
 0.6  0.61 0.62 0.63 0.64 0.65 0.66 0.67 0.68 0.69 0.7  0.71 0.72 0.73
 0.74 0.75 0.76 0.77 0.78 0.79 0.8  0.81 0.82 0.83 0.84 0.85 0.86 0.87
 0.88 0.89 0.9 ]","[-0.00537396 -0.01323406 -0.02202744 -0.03183225 -0.04275035 -0.05491664
 -0.06851415 -0.08380003 -0.10115357 -0.12117512 -0.128097   -0.12565658
 -0.12322661 -0.12080723 -0.11839857 -0.11600077 -0.11361397 -0.1112383
 -0.10887387 -0.10652082 -0.10417927 -0.10184934 -0.09953115 -0.09722483
 -0.09493047 -0.09264821 -0.09037814 -0.0881204  -0.08587507 -0.08364228
 -0.08142213 -0.07921473 -0.07702018 -0.07483858 -0.07267005 -0.07051467
 -0.06837256 -0.0662438  -0.06412851 -0.06202677 -0.05993867 -0.05786433
 -0.05580382 -0.05375724 -0.05172467 -0.04970622 -0.04770196 -0.04571197
 -0.04373636 -0.04177518 -0.03982853 -0.03789649 -0.03597912 -0.03407651
 -0.03218872 -0.03031583 -0.0284579  -0.02661499 -0.02478717 -0.0229745
 -0.02117703 -0.01939481 -0.0176279  -0.01587635 -0.01414018 -0.01241946
 -0.0107142  -0.00902445 -0.00735023 -0.00569156 -0.00404847 -0.00242097
 -0.00080907]"
