sigma0re,sigma0im,beta0re,beta0im,mu0re,mu0im,beta1re,beta1im,sigma1re,sigma1im,mu1re,mu1im,alpha0,alpha1,b_star,corresponding_negative_eigenvalues
0.2,0.3,1,1.1,1.0,-0.4999999999999978,1,1.1,0.2,0.3,-0.5,-1.3999999999999995,0.0,0.0,"[0.01 0.02 0.03 0.04 0.05 0.06 0.07 0.08 0.09 0.1  0.11 0.12 0.13 0.14
 0.15 0.16 0.17 0.18 0.19 0.2  0.21 0.22 0.23 0.24 0.25 0.26 0.27 0.28
 0.29]","[-0.000387   -0.00155097 -0.00350037 -0.00624749 -0.00980455 -0.0141749
 -0.01933414 -0.02519124 -0.03151703 -0.03784816 -0.04346395 -0.04762107
 -0.04995758 -0.05059804 -0.04990425 -0.04824008 -0.0458875  -0.04304588
 -0.03985257 -0.03640232 -0.03276124 -0.02897624 -0.02508113 -0.02110069
 -0.01705331 -0.01295287 -0.0088099  -0.00463253 -0.00042704]"
