sigma0re,sigma0im,beta0re,beta0im,mu0re,mu0im,beta1re,beta1im,sigma1re,sigma1im,mu1re,mu1im,alpha0,alpha1,b_star,corresponding_negative_eigenvalues
0.2,0.3,1,1.1,1.0,-0.8999999999999981,1,1.1,0.2,0.3,-0.5,-1.4999999999999996,0.1,0.1,"[0.01 0.02 0.03 0.04 0.05 0.06 0.07 0.08 0.09 0.1  0.11 0.12 0.13 0.14
 0.15 0.16 0.17 0.18 0.19 0.2  0.21 0.22 0.23 0.24 0.25 0.26 0.27 0.28
 0.29 0.3  0.31 0.32 0.33 0.34 0.35 0.36 0.37 0.38 0.39 0.4  0.41 0.42
 0.43 0.44 0.45 0.46 0.47 0.48 0.49]","[-0.0005954  -0.00240563 -0.00550828 -0.00581326 -0.00730552 -0.0093594
 -0.01187069 -0.01481895 -0.01820284 -0.02202844 -0.02630607 -0.03104931
 -0.03627482 -0.0420025  -0.0482559  -0.05506286 -0.06245635 -0.07047566
 -0.07916804 -0.08859087 -0.0969042  -0.09302979 -0.08920109 -0.08541557
 -0.0816709  -0.07796498 -0.07429584 -0.0706617  -0.06706089 -0.06349188
 -0.05995326 -0.05644371 -0.05296201 -0.04950703 -0.04607771 -0.04267306
 -0.03929216 -0.03593415 -0.03259822 -0.02928362 -0.02598963 -0.02271558
 -0.01946085 -0.01622485 -0.01300702 -0.00980682 -0.00662377 -0.00345739
 -0.00030724]"
