sigma0re,sigma0im,beta0re,beta0im,mu0re,mu0im,beta1re,beta1im,sigma1re,sigma1im,mu1re,mu1im,alpha0,alpha1,b_star,corresponding_negative_eigenvalues
0.2,0.3,1,1.1,1.0,0.30000000000000293,1,1.1,0.2,0.3,-0.5,0.5000000000000022,0.1,0.1,"[0.17 0.18 0.19 0.2  0.21 0.22 0.23 0.24 0.25 0.26 0.27 0.28 0.29 0.3
 0.31 0.32 0.33 0.34 0.35 0.36 0.37 0.38 0.39 0.4  0.41 0.42 0.43 0.44
 0.45 0.46 0.47 0.48 0.49 0.5  0.51 0.52 0.53 0.54 0.55 0.56 0.57 0.58
 0.59 0.6  0.61 0.62]","[-0.00697572 -0.01756534 -0.01876526 -0.01987603 -0.02088593 -0.02178615
 -0.02257078 -0.0232367  -0.0237833  -0.02421207 -0.02452627 -0.02473045
 -0.0248301  -0.02483133 -0.02474053 -0.02456423 -0.02430888 -0.02398071
 -0.02358572 -0.02312954 -0.02261745 -0.02205435 -0.02144479 -0.02079294
 -0.02010263 -0.01937736 -0.01862034 -0.01783448 -0.01702244 -0.01618664
 -0.0153293  -0.01445241 -0.01355782 -0.01264718 -0.01172201 -0.0107837
 -0.00983351 -0.0088726  -0.00790201 -0.00692271 -0.00593558 -0.00494143
 -0.003941   -0.00293497 -0.00192395 -0.00090853]"
