sigma0re,sigma0im,beta0re,beta0im,mu0re,mu0im,beta1re,beta1im,sigma1re,sigma1im,mu1re,mu1im,alpha0,alpha1,b_star,corresponding_negative_eigenvalues
0.2,0.3,1,1.1,1.0,-0.4999999999999978,1,1.1,0.2,0.3,-0.5,-0.3999999999999986,0.0,0.0,"[0.01 0.02 0.03 0.04 0.05 0.06 0.07 0.08 0.09 0.1  0.11 0.12 0.13 0.14
 0.15 0.16 0.17 0.18 0.19 0.2  0.21 0.22 0.23 0.24 0.25 0.26 0.27 0.28
 0.29 0.3  0.31 0.32 0.33 0.34 0.35 0.36 0.37 0.38 0.39 0.4  0.41 0.42
 0.43 0.44 0.45 0.46 0.47 0.48 0.49 0.5  0.51 0.52 0.53 0.54 0.55 0.56
 0.57 0.58 0.59 0.6  0.61 0.62 0.63 0.64 0.65 0.66 0.67 0.68 0.69 0.7
 0.71 0.72 0.73 0.74 0.75 0.76 0.77 0.78 0.79 0.8  0.81 0.82 0.83 0.84
 0.85 0.86 0.87 0.88 0.89 0.9  0.91 0.92 0.93 0.94 0.95 0.96 0.97 0.98
 0.99 1.   1.01 1.02 1.03 1.04 1.05 1.06 1.07 1.08 1.09 1.1  1.11 1.12
 1.13 1.14 1.15 1.16 1.17 1.18 1.19]","[-0.00011045 -0.00044122 -0.00099052 -0.0017553  -0.00273112 -0.00391198
 -0.00529012 -0.00685578 -0.00859695 -0.01049913 -0.01254509 -0.0147148
 -0.01698535 -0.01933125 -0.02172477 -0.02413667 -0.02653714 -0.0288969
 -0.03118843 -0.03338708 -0.03547201 -0.03742682 -0.03923975 -0.04090361
 -0.04241532 -0.04377536 -0.04498702 -0.04605574 -0.04698842 -0.04779291
 -0.04847754 -0.04905075 -0.04952088 -0.04989597 -0.05018365 -0.05039109
 -0.05052494 -0.05059135 -0.05059596 -0.05054394 -0.05044002 -0.05028849
 -0.05009327 -0.04985792 -0.04958568 -0.04927949 -0.04894204 -0.04857575
 -0.04818286 -0.04776539 -0.04732518 -0.04686393 -0.04638317 -0.04588432
 -0.04536867 -0.0448374  -0.04429162 -0.04373231 -0.04316039 -0.04257673
 -0.04198209 -0.04137721 -0.04076274 -0.04013931 -0.03950748 -0.0388678
 -0.03822074 -0.03756677 -0.0369063  -0.03623974 -0.03556745 -0.03488977
 -0.03420702 -0.03351949 -0.03282748 -0.03213123 -0.03143098 -0.03072698
 -0.03001942 -0.0293085  -0.02859443 -0.02787736 -0.02715746 -0.02643489
 -0.0257098  -0.02498232 -0.02425257 -0.02352069 -0.02278678 -0.02205095
 -0.02131329 -0.02057392 -0.01983291 -0.01909036 -0.01834633 -0.01760092
 -0.01685418 -0.01610618 -0.015357   -0.01460668 -0.01385529 -0.01310288
 -0.0123495  -0.01159521 -0.01084003 -0.01008403 -0.00932723 -0.00856969
 -0.00781142 -0.00705248 -0.00629289 -0.00553269 -0.0047719  -0.00401055
 -0.00324867 -0.00248628 -0.00172342 -0.00096009 -0.00019632]"
