sigma0re,sigma0im,beta0re,beta0im,mu0re,mu0im,beta1re,beta1im,sigma1re,sigma1im,mu1re,mu1im,alpha0,alpha1,b_star,corresponding_negative_eigenvalues
0.2,0.3,1,1.1,1.0,-1.5999999999999988,1,1.1,0.2,0.3,-0.5,-1.4999999999999996,0.1,0.1,"[0.19 0.2  0.21 0.22 0.23 0.24 0.25 0.26 0.27 0.28 0.29 0.3  0.31 0.32
 0.33 0.34 0.35 0.36 0.37 0.38 0.39 0.4  0.41 0.42 0.43 0.44 0.45 0.46
 0.47 0.48 0.49 0.5  0.51 0.52 0.53 0.54 0.55 0.56 0.57 0.58 0.59 0.6
 0.61 0.62 0.63 0.64 0.65 0.66 0.67 0.68 0.69 0.7  0.71 0.72 0.73 0.74
 0.75 0.76 0.77 0.78 0.79 0.8  0.81 0.82 0.83 0.84 0.85 0.86 0.87 0.88
 0.89 0.9  0.91 0.92 0.93 0.94 0.95 0.96 0.97 0.98 0.99 1.   1.01 1.02]","[-0.00441759 -0.01549015 -0.02808103 -0.04241748 -0.05882514 -0.07779649
 -0.10013909 -0.12735882 -0.14029584 -0.13812928 -0.13596563 -0.13380491
 -0.1316472  -0.12949255 -0.12734105 -0.12519281 -0.12304792 -0.12090651
 -0.11876872 -0.11663471 -0.11450463 -0.11237868 -0.11025704 -0.10813993
 -0.10602757 -0.1039202  -0.10181805 -0.09972141 -0.09763054 -0.09554572
 -0.09346726 -0.09139547 -0.08933066 -0.08727316 -0.08522331 -0.08318146
 -0.08114794 -0.07912313 -0.07710739 -0.07510107 -0.07310456 -0.07111823
 -0.06914245 -0.0671776  -0.06522405 -0.06328219 -0.06135238 -0.059435
 -0.05753041 -0.05563898 -0.05376108 -0.05189704 -0.05004723 -0.04821197
 -0.04639161 -0.04458647 -0.04279687 -0.0410231  -0.03926548 -0.03752427
 -0.03579977 -0.03409222 -0.03240189 -0.03072902 -0.02907382 -0.02743651
 -0.0258173  -0.02421637 -0.02263388 -0.02107    -0.01952487 -0.01799861
 -0.01649133 -0.01500314 -0.01353411 -0.01208429 -0.01065374 -0.00924249
 -0.00785055 -0.0064779  -0.00512453 -0.0037904  -0.00247544 -0.00117958]"
