sigma0re,sigma0im,beta0re,beta0im,mu0re,mu0im,beta1re,beta1im,sigma1re,sigma1im,mu1re,mu1im,alpha0,alpha1,b_star,corresponding_negative_eigenvalues
0.2,0.3,1,1.1,1.0,-1.6999999999999988,1,1.1,0.2,0.3,-0.5,-1.9,0.0,0.0,"[0.16 0.17 0.18 0.19 0.2  0.21 0.22 0.23 0.24 0.25 0.26 0.27 0.28 0.29
 0.3  0.31 0.32 0.33 0.34 0.35 0.36 0.37 0.38 0.39 0.4  0.41 0.42 0.43
 0.44 0.45 0.46 0.47 0.48 0.49 0.5  0.51 0.52 0.53 0.54 0.55 0.56 0.57
 0.58 0.59 0.6  0.61 0.62 0.63 0.64 0.65 0.66 0.67 0.68]","[-0.00624177 -0.02007009 -0.03608083 -0.05468698 -0.07653863 -0.10275779
 -0.13137991 -0.12836238 -0.12535551 -0.12235928 -0.11937365 -0.11639855
 -0.11343388 -0.11047953 -0.10753537 -0.10460125 -0.10167701 -0.09876248
 -0.09585746 -0.09296176 -0.09007517 -0.0871975  -0.08432852 -0.08146801
 -0.07861576 -0.07577155 -0.07293514 -0.07010633 -0.06728488 -0.06447059
 -0.06166322 -0.05886256 -0.05606841 -0.05328054 -0.05049876 -0.04772287
 -0.04495265 -0.04218793 -0.0394285  -0.03667419 -0.03392481 -0.03118019
 -0.02844014 -0.02570452 -0.02297314 -0.02024586 -0.01752252 -0.01480297
 -0.01208706 -0.00937466 -0.00666563 -0.00395983 -0.00125715]"
