sigma0re,sigma0im,beta0re,beta0im,mu0re,mu0im,beta1re,beta1im,sigma1re,sigma1im,mu1re,mu1im,alpha0,alpha1,b_star,corresponding_negative_eigenvalues
0.2,0.3,1,1.1,1.0,-0.3999999999999977,1,1.1,0.2,0.3,-0.5,-1.2999999999999994,0.1,0.1,"[0.01 0.02 0.03 0.04 0.05 0.06 0.07 0.08 0.09 0.1  0.11 0.12 0.13 0.14
 0.15 0.16 0.17 0.18 0.19 0.2  0.21 0.22 0.23 0.24 0.25 0.26 0.27 0.28]","[-0.00022575 -0.00090163 -0.00202308 -0.00358121 -0.00556044 -0.00793492
 -0.01066314 -0.0136806  -0.01689103 -0.0201586  -0.02330671 -0.02613118
 -0.02843254 -0.03005858 -0.03093545 -0.03107    -0.03052732 -0.02940076
 -0.02778858 -0.02578077 -0.023454   -0.02087104 -0.01808227 -0.01512773
 -0.01203916 -0.00884177 -0.00555562 -0.00219679]"
