sigma0re,sigma0im,beta0re,beta0im,mu0re,mu0im,beta1re,beta1im,sigma1re,sigma1im,mu1re,mu1im,alpha0,alpha1,b_star,corresponding_negative_eigenvalues
0.2,0.3,1,1.1,1.0,-0.699999999999998,1,1.1,0.2,0.3,-0.5,-1.2999999999999994,0.0,0.0,"[0.01 0.02 0.03 0.04 0.05 0.06 0.07 0.08 0.09 0.1  0.11 0.12 0.13 0.14
 0.15 0.16 0.17 0.18 0.19 0.2  0.21 0.22 0.23 0.24 0.25 0.26 0.27 0.28
 0.29 0.3  0.31 0.32 0.33 0.34 0.35 0.36 0.37 0.38 0.39 0.4 ]","[-0.00050386 -0.00202862 -0.00461575 -0.00834106 -0.01332732 -0.01976834
 -0.02797626 -0.03847884 -0.05220978 -0.07038386 -0.08801658 -0.09465035
 -0.09534253 -0.0938418  -0.09136014 -0.08836862 -0.0850864  -0.08162879
 -0.07806182 -0.07442569 -0.07074597 -0.06703946 -0.06331746 -0.0595877
 -0.05585551 -0.05212459 -0.04839746 -0.04467588 -0.04096098 -0.0372535
 -0.03355383 -0.02986219 -0.02617859 -0.02250293 -0.01883503 -0.01517465
 -0.01152149 -0.00787524 -0.00423555 -0.00060208]"
