sigma0re,sigma0im,beta0re,beta0im,mu0re,mu0im,beta1re,beta1im,sigma1re,sigma1im,mu1re,mu1im,alpha0,alpha1,b_star,corresponding_negative_eigenvalues
0.2,0.3,1,1.1,1.0,1.400000000000004,1,1.1,0.2,0.3,-0.5,1.6000000000000032,0.1,0.1,"[0.29 0.3  0.31 0.32 0.33 0.34 0.35 0.36 0.37 0.38 0.39 0.4  0.41 0.42
 0.43 0.44 0.45 0.46 0.47 0.48 0.49 0.5  0.51 0.52 0.53 0.54 0.55 0.56
 0.57 0.58 0.59 0.6  0.61 0.62 0.63 0.64 0.65 0.66 0.67 0.68 0.69 0.7
 0.71 0.72 0.73 0.74 0.75 0.76 0.77 0.78 0.79 0.8  0.81 0.82 0.83 0.84
 0.85]","[-0.01283878 -0.05032179 -0.11354788 -0.11112201 -0.10871548 -0.10632771
 -0.10395816 -0.10160628 -0.09927151 -0.09695335 -0.09465128 -0.09236479
 -0.0900934  -0.08783664 -0.08559405 -0.0833652  -0.08114965 -0.07894699
 -0.07675684 -0.0745788  -0.07241252 -0.07025765 -0.06811384 -0.06598078
 -0.06385815 -0.06174566 -0.05964302 -0.05754997 -0.05546625 -0.0533916
 -0.05132579 -0.04926859 -0.0472198  -0.04517919 -0.04314659 -0.04112179
 -0.03910462 -0.03709492 -0.03509251 -0.03309725 -0.03110898 -0.02912758
 -0.02715289 -0.02518481 -0.02322321 -0.02126797 -0.01931899 -0.01737616
 -0.01543938 -0.01350857 -0.01158362 -0.00966447 -0.00775103 -0.00584322
 -0.00394098 -0.00204423 -0.00015291]"
