sigma0re,sigma0im,beta0re,beta0im,mu0re,mu0im,beta1re,beta1im,sigma1re,sigma1im,mu1re,mu1im,alpha0,alpha1,b_star,corresponding_negative_eigenvalues
0.2,0.3,1,1.1,1.0,1.8000000000000043,1,1.1,0.2,0.3,-0.5,1.6000000000000032,0.1,0.1,"[0.26 0.27 0.28 0.29 0.3  0.31 0.32 0.33 0.34 0.35 0.36 0.37 0.38 0.39
 0.4  0.41 0.42 0.43 0.44 0.45 0.46 0.47 0.48 0.49 0.5  0.51 0.52 0.53
 0.54 0.55 0.56 0.57 0.58 0.59 0.6  0.61 0.62 0.63 0.64 0.65 0.66 0.67
 0.68 0.69 0.7  0.71 0.72 0.73 0.74 0.75 0.76 0.77 0.78 0.79 0.8  0.81
 0.82 0.83 0.84 0.85 0.86 0.87 0.88 0.89 0.9  0.91 0.92 0.93 0.94 0.95
 0.96 0.97 0.98 0.99 1.   1.01 1.02 1.03 1.04 1.05 1.06 1.07 1.08 1.09
 1.1  1.11 1.12 1.13 1.14 1.15 1.16 1.17 1.18 1.19 1.2  1.21 1.22 1.23
 1.24 1.25 1.26 1.27 1.28 1.29 1.3  1.31 1.32 1.33 1.34 1.35 1.36 1.37
 1.38 1.39 1.4  1.41 1.42 1.43 1.44]","[-0.00665631 -0.03350867 -0.07343144 -0.14538358 -0.14368462 -0.1419984
 -0.14032481 -0.1386637  -0.1370149  -0.13537827 -0.13375362 -0.13214078
 -0.13053957 -0.12894979 -0.12737127 -0.1258038  -0.12424719 -0.12270124
 -0.12116576 -0.11964056 -0.11812544 -0.1166202  -0.11512466 -0.11363863
 -0.11216193 -0.11069436 -0.10923577 -0.10778595 -0.10634476 -0.10491201
 -0.10348754 -0.1020712  -0.10066283 -0.09926228 -0.09786939 -0.09648403
 -0.09510606 -0.09373534 -0.09237175 -0.09101515 -0.08966542 -0.08832245
 -0.08698612 -0.08565631 -0.08433293 -0.08301588 -0.08170504 -0.08040033
 -0.07910165 -0.07780891 -0.07652204 -0.07524094 -0.07396554 -0.07269576
 -0.07143153 -0.07017277 -0.06891943 -0.06767143 -0.06642872 -0.06519123
 -0.0639589  -0.06273169 -0.06150953 -0.06029238 -0.0590802  -0.05787292
 -0.05667052 -0.05547294 -0.05428015 -0.0530921  -0.05190876 -0.0507301
 -0.04955608 -0.04838667 -0.04722183 -0.04606154 -0.04490576 -0.04375448
 -0.04260767 -0.04146529 -0.04032734 -0.03919377 -0.03806459 -0.03693975
 -0.03581925 -0.03470306 -0.03359118 -0.03248357 -0.03138023 -0.03028114
 -0.02918628 -0.02809565 -0.02700922 -0.02592699 -0.02484895 -0.02377508
 -0.02270537 -0.02163982 -0.02057841 -0.01952113 -0.01846799 -0.01741895
 -0.01637403 -0.01533321 -0.01429649 -0.01326386 -0.01223531 -0.01121083
 -0.01019044 -0.0091741  -0.00816183 -0.00715362 -0.00614946 -0.00514935
 -0.00415328 -0.00316126 -0.00217328 -0.00118933 -0.00020941]"
