sigma0re,sigma0im,beta0re,beta0im,mu0re,mu0im,beta1re,beta1im,sigma1re,sigma1im,mu1re,mu1im,alpha0,alpha1,b_star,corresponding_negative_eigenvalues
0.2,0.3,1,1.1,1.0,-0.1999999999999975,1,1.1,0.2,0.3,-0.5,-1.9,0.0,0.0,[0.01 0.02 0.03 0.04 0.05 0.06 0.07 0.08 0.09 0.1  0.11 0.12 0.13],"[-0.00020892 -0.00082303 -0.00180282 -0.00307728 -0.0045375  -0.00603143
 -0.00736562 -0.00832134 -0.00868861 -0.00830893 -0.00710588 -0.00508722
 -0.00232212]"
