sigma0re,sigma0im,beta0re,beta0im,mu0re,mu0im,beta1re,beta1im,sigma1re,sigma1im,mu1re,mu1im,alpha0,alpha1,b_star,corresponding_negative_eigenvalues
0.2,0.3,1,1.1,1.0,-1.899999999999999,1,1.1,0.2,0.3,-0.5,-2.0,0.0,0.0,"[0.16 0.17 0.18 0.19 0.2  0.21 0.22 0.23 0.24 0.25 0.26 0.27 0.28 0.29
 0.3  0.31 0.32 0.33 0.34 0.35 0.36 0.37 0.38 0.39 0.4  0.41 0.42 0.43
 0.44 0.45 0.46 0.47 0.48 0.49 0.5  0.51 0.52 0.53 0.54 0.55 0.56 0.57
 0.58 0.59 0.6  0.61 0.62 0.63 0.64 0.65 0.66 0.67 0.68 0.69 0.7  0.71
 0.72 0.73 0.74]","[-0.00720613 -0.02356608 -0.04283166 -0.06576159 -0.09370459 -0.12953159
 -0.13735549 -0.13457294 -0.13179757 -0.12902944 -0.12626858 -0.123515
 -0.12076872 -0.1180297  -0.11529791 -0.11257333 -0.10985588 -0.1071455
 -0.1044421  -0.10174562 -0.09905594 -0.09637296 -0.09369658 -0.09102668
 -0.08836314 -0.08570584 -0.08305464 -0.08040943 -0.07777006 -0.0751364
 -0.07250832 -0.06988568 -0.06726834 -0.06465616 -0.06204902 -0.05944677
 -0.05684928 -0.05425642 -0.05166805 -0.04908405 -0.04650428 -0.04392861
 -0.04135693 -0.03878911 -0.03622503 -0.03366457 -0.03110762 -0.02855406
 -0.02600378 -0.02345667 -0.02091263 -0.01837156 -0.01583335 -0.0132979
 -0.01076512 -0.00823492 -0.0057072  -0.00318188 -0.00065887]"
