sigma0re,sigma0im,beta0re,beta0im,mu0re,mu0im,beta1re,beta1im,sigma1re,sigma1im,mu1re,mu1im,alpha0,alpha1,b_star,corresponding_negative_eigenvalues
0.2,0.3,1,1.1,1.0,-1.4999999999999987,1,1.1,0.2,0.3,-0.5,-1.2999999999999994,0.1,0.1,"[0.2  0.21 0.22 0.23 0.24 0.25 0.26 0.27 0.28 0.29 0.3  0.31 0.32 0.33
 0.34 0.35 0.36 0.37 0.38 0.39 0.4  0.41 0.42 0.43 0.44 0.45 0.46 0.47
 0.48 0.49 0.5  0.51 0.52 0.53 0.54 0.55 0.56 0.57 0.58 0.59 0.6  0.61
 0.62 0.63 0.64 0.65 0.66 0.67 0.68 0.69 0.7  0.71 0.72 0.73 0.74 0.75
 0.76 0.77 0.78 0.79 0.8  0.81 0.82 0.83 0.84 0.85 0.86 0.87 0.88 0.89
 0.9  0.91 0.92 0.93 0.94 0.95 0.96 0.97 0.98 0.99 1.   1.01 1.02 1.03
 1.04 1.05 1.06 1.07 1.08 1.09 1.1  1.11 1.12 1.13 1.14 1.15 1.16 1.17
 1.18 1.19 1.2  1.21 1.22]","[-0.00666412 -0.01680207 -0.02824568 -0.04117425 -0.05583768 -0.07260025
 -0.09202833 -0.11509279 -0.14375018 -0.14272372 -0.14077956 -0.13883667
 -0.13689507 -0.13495477 -0.13301581 -0.13107826 -0.12914218 -0.12720767
 -0.12527482 -0.12334375 -0.12141462 -0.11948757 -0.11756278 -0.11564043
 -0.11372075 -0.11180395 -0.10989029 -0.10798001 -0.10607341 -0.10417076
 -0.10227238 -0.1003786  -0.09848976 -0.09660619 -0.09472828 -0.09285639
 -0.09099091 -0.08913224 -0.08728079 -0.08543696 -0.08360119 -0.08177389
 -0.0799555  -0.07814646 -0.0763472  -0.07455816 -0.07277978 -0.0710125
 -0.06925677 -0.06751301 -0.06578166 -0.06406316 -0.06235792 -0.06066636
 -0.0589889  -0.05732595 -0.0556779  -0.05404515 -0.05242807 -0.05082704
 -0.04924243 -0.04767458 -0.04612384 -0.04459055 -0.04307501 -0.04157755
 -0.04009847 -0.03863803 -0.03719653 -0.03577422 -0.03437135 -0.03298815
 -0.03162484 -0.03028163 -0.02895872 -0.02765629 -0.02637449 -0.02511348
 -0.0238734  -0.02265436 -0.02145647 -0.02027981 -0.01912447 -0.01799049
 -0.01687792 -0.01578678 -0.01471707 -0.01366879 -0.0126419  -0.01163635
 -0.01065208 -0.009689   -0.00874702 -0.00782599 -0.0069258  -0.00604626
 -0.0051872  -0.00434842 -0.0035297  -0.00273079 -0.00195143 -0.00119134
 -0.00045023]"
