sigma0re,sigma0im,beta0re,beta0im,mu0re,mu0im,beta1re,beta1im,sigma1re,sigma1im,mu1re,mu1im,alpha0,alpha1,b_star,corresponding_negative_eigenvalues
0.2,0.3,1,1.1,1.0,-0.5999999999999979,1,1.1,0.2,0.3,-0.5,-2.0,0.1,0.1,"[0.01 0.02 0.03 0.04 0.05 0.06 0.07 0.08 0.09 0.1  0.11 0.12 0.13 0.14
 0.15 0.16 0.17 0.18 0.19 0.2  0.21 0.22 0.23 0.24 0.25 0.26 0.27 0.28]","[-0.00052622 -0.00211691 -0.00480921 -0.00866855 -0.01379349 -0.02031935
 -0.02840661 -0.03815132 -0.0491785  -0.05956542 -0.06613504 -0.06825738
 -0.06748665 -0.06510468 -0.06180947 -0.05796929 -0.05378811 -0.04938554
 -0.04483535 -0.04018498 -0.03546597 -0.03069987 -0.02590173 -0.02108225
 -0.01624912 -0.01140796 -0.00656287 -0.00171686]"
