sigma0re,sigma0im,beta0re,beta0im,mu0re,mu0im,beta1re,beta1im,sigma1re,sigma1im,mu1re,mu1im,alpha0,alpha1,b_star,corresponding_negative_eigenvalues
0.2,0.3,1,1.1,1.0,2.2000000000000046,1,1.1,0.2,0.3,-0.5,0.6000000000000023,0.0,0.0,"[0.16 0.17 0.18 0.19 0.2  0.21 0.22 0.23 0.24 0.25 0.26 0.27 0.28 0.29
 0.3  0.31 0.32 0.33 0.34 0.35 0.36 0.37 0.38 0.39 0.4  0.41 0.42 0.43
 0.44 0.45 0.46 0.47 0.48 0.49 0.5  0.51 0.52 0.53 0.54 0.55 0.56 0.57
 0.58 0.59 0.6  0.61 0.62 0.63 0.64 0.65 0.66 0.67 0.68 0.69 0.7  0.71
 0.72 0.73 0.74 0.75 0.76 0.77 0.78 0.79 0.8  0.81 0.82 0.83 0.84 0.85
 0.86 0.87 0.88 0.89 0.9  0.91]","[-0.00194226 -0.00846079 -0.01577503 -0.02393468 -0.03300473 -0.04307024
 -0.0542437  -0.06667665 -0.0805792  -0.09625502 -0.11416989 -0.13059133
 -0.12825076 -0.1259269  -0.12361942 -0.121328   -0.11905228 -0.11679192
 -0.11454655 -0.11231581 -0.11009933 -0.10789675 -0.10570769 -0.10353181
 -0.10136873 -0.0992181  -0.09707958 -0.09495282 -0.09283748 -0.09073322
 -0.08863974 -0.0865567  -0.0844838  -0.08242073 -0.08036721 -0.07832295
 -0.07628766 -0.07426108 -0.07224294 -0.07023298 -0.06823096 -0.06623663
 -0.06424976 -0.06227012 -0.06029748 -0.05833164 -0.05637238 -0.05441951
 -0.05247282 -0.05053212 -0.04859724 -0.04666799 -0.04474419 -0.04282569
 -0.04091232 -0.03900391 -0.03710032 -0.03520139 -0.03330699 -0.03141698
 -0.02953121 -0.02764956 -0.02577189 -0.02389809 -0.02202804 -0.02016162
 -0.01829872 -0.01643922 -0.01458302 -0.01273003 -0.01088013 -0.00903324
 -0.00718925 -0.00534808 -0.00350964 -0.00167385]"
