sigma0re,sigma0im,beta0re,beta0im,mu0re,mu0im,beta1re,beta1im,sigma1re,sigma1im,mu1re,mu1im,alpha0,alpha1,b_star,corresponding_negative_eigenvalues
0.2,0.3,1,1.1,1.0,-1.1999999999999984,1,1.1,0.2,0.3,-0.5,-1.4999999999999996,0.1,0.1,"[0.15 0.16 0.17 0.18 0.19 0.2  0.21 0.22 0.23 0.24 0.25 0.26 0.27 0.28
 0.29 0.3  0.31 0.32 0.33 0.34 0.35 0.36 0.37 0.38 0.39 0.4  0.41 0.42
 0.43 0.44 0.45 0.46 0.47 0.48 0.49 0.5  0.51 0.52 0.53 0.54 0.55 0.56
 0.57 0.58 0.59 0.6  0.61 0.62 0.63 0.64 0.65 0.66]","[-0.00255567 -0.0091381  -0.01653527 -0.02478933 -0.03395563 -0.04410626
 -0.05533538 -0.06776743 -0.08157022 -0.09697703 -0.11432654 -0.11138627
 -0.10827367 -0.10518372 -0.10211619 -0.0990708  -0.09604727 -0.09304534
 -0.09006469 -0.08710506 -0.08416614 -0.08124765 -0.07834931 -0.07547082
 -0.07261191 -0.06977231 -0.06695175 -0.06414997 -0.06136672 -0.05860175
 -0.05585482 -0.05312569 -0.05041415 -0.04771997 -0.04504294 -0.04238286
 -0.03973952 -0.03711274 -0.03450234 -0.03190813 -0.02932993 -0.02676759
 -0.02422094 -0.02168983 -0.0191741  -0.0166736  -0.01418819 -0.01171774
 -0.00926211 -0.00682117 -0.00439478 -0.00198283]"
