sigma0re,sigma0im,beta0re,beta0im,mu0re,mu0im,beta1re,beta1im,sigma1re,sigma1im,mu1re,mu1im,alpha0,alpha1,b_star,corresponding_negative_eigenvalues
0.2,0.3,1,1.1,1.0,-0.8999999999999981,1,1.1,0.2,0.3,-0.5,-1.3999999999999995,0.0,0.0,"[0.01 0.02 0.03 0.04 0.05 0.06 0.07 0.08 0.09 0.1  0.11 0.12 0.13 0.14
 0.15 0.16 0.17 0.18 0.19 0.2  0.21 0.22 0.23 0.24 0.25 0.26 0.27 0.28
 0.29 0.3  0.31 0.32 0.33 0.34 0.35 0.36 0.37 0.38 0.39 0.4  0.41 0.42
 0.43 0.44 0.45 0.46 0.47]","[-0.00069886 -0.00282901 -0.00513958 -0.00583167 -0.00757697 -0.00985355
 -0.01260815 -0.01583201 -0.01952901 -0.02370896 -0.02838565 -0.03357643
 -0.03930234 -0.04558848 -0.05246483 -0.05996715 -0.06813845 -0.07703088
 -0.08670843 -0.09725083 -0.09456222 -0.0906312  -0.08674259 -0.08289338
 -0.0790808  -0.07530232 -0.07155561 -0.06783854 -0.06414912 -0.06048554
 -0.0568461  -0.05322923 -0.04963348 -0.0460575  -0.04250003 -0.0389599
 -0.03543602 -0.03192736 -0.02843296 -0.02495194 -0.02148346 -0.01802673
 -0.01458101 -0.01114563 -0.00771992 -0.00430328 -0.00089514]"
