sigma0re,sigma0im,beta0re,beta0im,mu0re,mu0im,beta1re,beta1im,sigma1re,sigma1im,mu1re,mu1im,alpha0,alpha1,b_star,corresponding_negative_eigenvalues
0.2,0.3,1,1.1,1.0,2.400000000000005,1,1.1,0.2,0.3,-0.5,0.40000000000000213,0.1,0.1,"[0.01 0.02 0.03 0.04 0.05 0.06 0.07 0.08 0.09 0.1  0.11 0.12 0.13 0.14
 0.15 0.16 0.17 0.18 0.19 0.2  0.21 0.22 0.23 0.24 0.25 0.26 0.27 0.28
 0.29 0.3  0.31 0.32 0.33 0.34 0.35 0.36 0.37 0.38 0.39 0.4  0.41 0.42
 0.43 0.44 0.45 0.46 0.47 0.48 0.49 0.5  0.51 0.52 0.53 0.54 0.55 0.56
 0.57 0.58 0.59 0.6  0.61 0.62 4.43 4.44 4.45 4.46 4.47 4.48 4.49 4.5
 4.51 4.52 4.53 4.54 4.55 4.56 4.57 4.58 4.59 4.6  4.61 4.62 4.63 4.64
 4.65 4.66 4.67 4.68 4.69 4.7  4.71 4.72 4.73 4.74 4.75 4.76 4.77 4.78
 4.79 4.8  4.81 4.82 4.83 4.84 4.85 4.86 4.87 4.88 4.89 4.9  4.91 4.92
 4.93 4.94 4.95 4.96 4.97 4.98 4.99 5.  ]","[-0.00044852 -0.00180629 -0.00411178 -0.00743599 -0.01189569 -0.01768042
 -0.0251114  -0.03479153 -0.04811044 -0.07060367 -0.05615906 -0.0544947
 -0.0556399  -0.05804559 -0.06125979 -0.06509659 -0.0694679  -0.07433055
 -0.07966551 -0.08546865 -0.09174631 -0.09851327 -0.09856072 -0.0956987
 -0.09286445 -0.09005754 -0.08727736 -0.08452312 -0.08179399 -0.07908909
 -0.07640751 -0.07374837 -0.07111079 -0.06849391 -0.06589692 -0.06331901
 -0.06075943 -0.05821746 -0.05569241 -0.05318363 -0.0506905  -0.04821244
 -0.0457489  -0.04329935 -0.04086331 -0.03844031 -0.03602992 -0.03363173
 -0.03124535 -0.02887043 -0.02650663 -0.02415362 -0.02181112 -0.01947884
 -0.01715652 -0.01484392 -0.01254082 -0.010247   -0.00796226 -0.00568643
 -0.00341932 -0.00116079 -0.00089052 -0.00421384 -0.00755978 -0.01092839
 -0.01431969 -0.01773372 -0.02117051 -0.02463012 -0.02811256 -0.03161787
 -0.03514609 -0.03869726 -0.04227141 -0.04586857 -0.04948879 -0.05313208
 -0.0567985  -0.06048807 -0.06420083 -0.06793681 -0.07169606 -0.07547859
 -0.07928445 -0.08311367 -0.08696629 -0.09084234 -0.09474185 -0.09866486
 -0.1026114  -0.1065815  -0.11057521 -0.11459254 -0.11863355 -0.12269825
 -0.12678668 -0.13089889 -0.13503489 -0.13919472 -0.14337842 -0.14758602
 -0.15181754 -0.15607304 -0.16035253 -0.16465605 -0.16898363 -0.1733353
 -0.1777111  -0.18211106 -0.18653521 -0.19098358 -0.19545621 -0.19995313
 -0.20447436 -0.20901994 -0.21358991 -0.21818428 -0.2228031  -0.2274464 ]"
