sigma0re,sigma0im,beta0re,beta0im,mu0re,mu0im,beta1re,beta1im,sigma1re,sigma1im,mu1re,mu1im,alpha0,alpha1,b_star,corresponding_negative_eigenvalues
0.2,0.3,1,1.1,1.0,-0.799999999999998,1,1.1,0.2,0.3,-0.5,-1.7999999999999998,0.1,0.1,"[0.01 0.02 0.03 0.04 0.05 0.06 0.07 0.08 0.09 0.1  0.11 0.12 0.13 0.14
 0.15 0.16 0.17 0.18 0.19 0.2  0.21 0.22 0.23 0.24 0.25 0.26 0.27 0.28
 0.29 0.3  0.31 0.32 0.33 0.34 0.35 0.36 0.37]","[-0.00063473 -0.00256477 -0.00587364 -0.01072404 -0.01740959 -0.02648655
 -0.03919146 -0.05970477 -0.05905395 -0.05618841 -0.0580092  -0.06159294
 -0.06628786 -0.07186087 -0.07821742 -0.08532416 -0.0897386  -0.08514633
 -0.08058616 -0.07605997 -0.07156834 -0.06711108 -0.06268752 -0.05829673
 -0.05393761 -0.04960898 -0.04530965 -0.0410384  -0.03679406 -0.03257549
 -0.02838158 -0.02421128 -0.02006361 -0.01593759 -0.01183235 -0.00774701
 -0.00368079]"
