sigma0re,sigma0im,beta0re,beta0im,mu0re,mu0im,beta1re,beta1im,sigma1re,sigma1im,mu1re,mu1im,alpha0,alpha1,b_star,corresponding_negative_eigenvalues
0.2,0.3,1,1.1,1.0,0.5000000000000031,1,1.1,0.2,0.3,-0.5,0.7000000000000024,0.1,0.1,"[0.32 0.33 0.34 0.35 0.36 0.37 0.38 0.39 0.4  0.41 0.42 0.43 0.44 0.45
 0.46 0.47 0.48 0.49 0.5  0.51 0.52 0.53 0.54 0.55 0.56 0.57 0.58 0.59
 0.6  0.61 0.62 0.63 0.64 0.65 0.66 0.67 0.68 0.69 0.7  0.71]","[-0.01327522 -0.05320186 -0.0521306  -0.05099931 -0.04981727 -0.04859227
 -0.04733083 -0.04603848 -0.04471988 -0.04337901 -0.04201927 -0.04064355
 -0.03925434 -0.03785379 -0.03644376 -0.03502585 -0.03360145 -0.03217177
 -0.03073788 -0.02930069 -0.02786101 -0.02641955 -0.02497693 -0.02353369
 -0.02209031 -0.02064722 -0.01920478 -0.01776333 -0.01632315 -0.01488449
 -0.0134476  -0.01201265 -0.01057983 -0.0091493  -0.00772119 -0.00629562
 -0.0048727  -0.00345252 -0.00203517 -0.00062072]"
