sigma0re,sigma0im,beta0re,beta0im,mu0re,mu0im,beta1re,beta1im,sigma1re,sigma1im,mu1re,mu1im,alpha0,alpha1,b_star,corresponding_negative_eigenvalues
0.2,0.3,1,1.1,1.0,2.2000000000000046,1,1.1,0.2,0.3,-0.5,1.9000000000000035,0.0,0.0,"[0.2  0.21 0.22 0.23 0.24 0.25 0.26 0.27 0.28 0.29 0.3  0.31 0.32 0.33
 0.34 0.35 0.36 0.37 0.38 0.39 0.4  0.41 0.42 0.43 0.44 0.45 0.46 0.47
 0.48 0.49 0.5  0.51 0.52 0.53 0.54 0.55 0.56 0.57 0.58 0.59 0.6  0.61
 0.62 0.63 0.64 0.65 0.66 0.67 0.68 0.69 0.7  0.71 0.72 0.73 0.74 0.75
 0.76 0.77 0.78 0.79 0.8  0.81 0.82 0.83 0.84 0.85 0.86 0.87 0.88 0.89
 0.9  0.91 0.92 0.93 0.94 0.95 0.96 0.97 0.98 0.99 1.   1.01 1.02]","[-0.01092677 -0.05130463 -0.15468992 -0.15265278 -0.15061837 -0.14858674
 -0.14655796 -0.14453208 -0.14250915 -0.14048922 -0.13847233 -0.13645852
 -0.13444781 -0.13244023 -0.13043581 -0.12843456 -0.12643649 -0.12444162
 -0.12244995 -0.12046149 -0.11847622 -0.11649416 -0.11451528 -0.11253958
 -0.11056705 -0.10859766 -0.1066314  -0.10466825 -0.10270819 -0.10075118
 -0.0987972  -0.09684623 -0.09489822 -0.09295315 -0.09101099 -0.08907169
 -0.08713522 -0.08520155 -0.08327064 -0.08134244 -0.07941691 -0.07749403
 -0.07557374 -0.073656   -0.07174077 -0.06982801 -0.06791768 -0.06600974
 -0.06410413 -0.06220082 -0.06029977 -0.05840093 -0.05650427 -0.05460973
 -0.05271727 -0.05082686 -0.04893846 -0.04705201 -0.04516749 -0.04328484
 -0.04140404 -0.03952503 -0.03764779 -0.03577226 -0.03389842 -0.03202622
 -0.03015564 -0.02828662 -0.02641914 -0.02455315 -0.02268863 -0.02082554
 -0.01896384 -0.0171035  -0.01524449 -0.01338678 -0.01153033 -0.00967511
 -0.00782109 -0.00596825 -0.00411654 -0.00226595 -0.00041644]"
