sigma0re,sigma0im,beta0re,beta0im,mu0re,mu0im,beta1re,beta1im,sigma1re,sigma1im,mu1re,mu1im,alpha0,alpha1,b_star,corresponding_negative_eigenvalues
0.2,0.3,1,1.1,1.0,1.3000000000000043,1,1.1,0.2,0.3,-0.5,1.9000000000000035,0.1,0.1,"[0.29 0.3  0.31 0.32 0.33 0.34 0.35 0.36 0.37 0.38 0.39 0.4  0.41 0.42
 0.43 0.44 0.45 0.46 0.47 0.48 0.49 0.5  0.51 0.52 0.53 0.54 0.55 0.56
 0.57 0.58 0.59 0.6 ]","[-0.04413321 -0.0901018  -0.08692509 -0.08377079 -0.08063795 -0.07752563
 -0.07443296 -0.07135909 -0.06830322 -0.06526459 -0.06224246 -0.05923614
 -0.05624497 -0.05326834 -0.05030565 -0.04735634 -0.04441989 -0.0414958
 -0.03858359 -0.03568282 -0.03279306 -0.02991394 -0.02704506 -0.02418608
 -0.02133666 -0.0184965  -0.0156653  -0.01284278 -0.01002868 -0.00722277
 -0.0044248  -0.00163456]"
