sigma0re,sigma0im,beta0re,beta0im,mu0re,mu0im,beta1re,beta1im,sigma1re,sigma1im,mu1re,mu1im,alpha0,alpha1,b_star,corresponding_negative_eigenvalues
0.2,0.3,1,1.1,1.0,-0.2999999999999976,1,1.1,0.2,0.3,-0.5,-0.49999999999999867,0.1,0.1,"[0.01 0.02 0.03 0.04 0.05 0.06 0.07 0.08 0.09 0.1  0.11 0.12 0.13 0.14
 0.15 0.16 0.17 0.18 0.19 0.2  0.21 0.22 0.23 0.24 0.25 0.26 0.27 0.28
 0.29 0.3  0.31 0.32 0.33 0.34 0.35 0.36 0.37 0.38 0.39 0.4  0.41 0.42
 0.43 0.44 0.45 0.46 0.47 0.48]","[-6.51646025e-05 -2.59887328e-04 -5.81845297e-04 -1.02713621e-03
 -1.59023667e-03 -2.26395314e-03 -3.03937558e-03 -3.90584672e-03
 -4.85096357e-03 -5.86062982e-03 -6.91917891e-03 -8.00958578e-03
 -9.11377977e-03 -1.02130616e-02 -1.12886132e-02 -1.23220739e-02
 -1.32961408e-02 -1.41951413e-02 -1.50055228e-02 -1.57162140e-02
 -1.63188282e-02 -1.68076989e-02 -1.71797621e-02 -1.74343158e-02
 -1.75726945e-02 -1.75979011e-02 -1.75142310e-02 -1.73269174e-02
 -1.70418150e-02 -1.66651326e-02 -1.62032161e-02 -1.56623803e-02
 -1.50487847e-02 -1.43683449e-02 -1.36266756e-02 -1.28290559e-02
 -1.19804136e-02 -1.10853220e-02 -1.01480067e-02 -9.17235862e-03
 -8.16195113e-03 -7.12005940e-03 -6.04968120e-03 -4.95355767e-03
 -3.83419378e-03 -2.69387800e-03 -1.53470083e-03 -3.58572243e-04]"
