sigma0re,sigma0im,beta0re,beta0im,mu0re,mu0im,beta1re,beta1im,sigma1re,sigma1im,mu1re,mu1im,alpha0,alpha1,b_star,corresponding_negative_eigenvalues
0.2,0.3,1,1.1,1.0,1.1000000000000032,1,1.1,0.2,0.3,-0.5,1.6000000000000032,0.0,0.0,"[0.27 0.28 0.29 0.3  0.31 0.32 0.33 0.34 0.35 0.36 0.37 0.38 0.39 0.4
 0.41 0.42 0.43 0.44 0.45 0.46 0.47 0.48 0.49 0.5 ]","[-0.00868777 -0.07929047 -0.07558152 -0.07189791 -0.06823819 -0.06460103
 -0.06098515 -0.05738935 -0.05381248 -0.05025348 -0.04671134 -0.04318508
 -0.03967382 -0.0361767  -0.03269291 -0.02922169 -0.02576232 -0.02231413
 -0.01887648 -0.01544875 -0.01203038 -0.00862082 -0.00521957 -0.00182613]"
