sigma0re,sigma0im,beta0re,beta0im,mu0re,mu0im,beta1re,beta1im,sigma1re,sigma1im,mu1re,mu1im,alpha0,alpha1,b_star,corresponding_negative_eigenvalues
0.2,0.3,1,1.1,1.0,1.7000000000000046,1,1.1,0.2,0.3,-0.5,1.8000000000000034,0.1,0.1,"[0.26 0.27 0.28 0.29 0.3  0.31 0.32 0.33 0.34 0.35 0.36 0.37 0.38 0.39
 0.4  0.41 0.42 0.43 0.44 0.45 0.46 0.47 0.48 0.49 0.5  0.51 0.52 0.53
 0.54 0.55 0.56 0.57 0.58 0.59 0.6  0.61 0.62 0.63 0.64 0.65 0.66 0.67
 0.68 0.69 0.7  0.71 0.72 0.73 0.74 0.75 0.76 0.77 0.78 0.79 0.8  0.81
 0.82 0.83 0.84 0.85 0.86 0.87 0.88 0.89 0.9  0.91 0.92 0.93 0.94 0.95]","[-0.01036762 -0.0458173  -0.13019981 -0.1279366  -0.12568906 -0.12345693
 -0.12123992 -0.11903774 -0.11685008 -0.11467662 -0.11251707 -0.11037111
 -0.10823843 -0.10611871 -0.10401164 -0.10191692 -0.09983426 -0.09776334
 -0.09570389 -0.09365562 -0.09161825 -0.08959152 -0.08757515 -0.0855689
 -0.08357252 -0.08158577 -0.07960842 -0.07764023 -0.07568101 -0.07373053
 -0.0717886  -0.06985502 -0.06792961 -0.0660122  -0.06410259 -0.06220064
 -0.06030619 -0.05841908 -0.05653916 -0.05466631 -0.05280038 -0.05094125
 -0.04908879 -0.0472429  -0.04540345 -0.04357035 -0.04174349 -0.03992277
 -0.03810811 -0.03629941 -0.03449659 -0.03269958 -0.03090829 -0.02912265
 -0.0273426  -0.02556807 -0.02379899 -0.02203531 -0.02027698 -0.01852393
 -0.01677612 -0.0150335  -0.01329603 -0.01156366 -0.00983635 -0.00811406
 -0.00639676 -0.0046844  -0.00297697 -0.00127442]"
