sigma0re,sigma0im,beta0re,beta0im,mu0re,mu0im,beta1re,beta1im,sigma1re,sigma1im,mu1re,mu1im,alpha0,alpha1,b_star,corresponding_negative_eigenvalues
0.2,0.3,1,1.1,1.0,-0.3999999999999977,1,1.1,0.2,0.3,-0.5,-1.4999999999999996,0.0,0.0,"[0.01 0.02 0.03 0.04 0.05 0.06 0.07 0.08 0.09 0.1  0.11 0.12 0.13 0.14
 0.15 0.16 0.17 0.18 0.19 0.2  0.21 0.22 0.23]","[-0.00033138 -0.00132387 -0.00297151 -0.00526038 -0.00816147 -0.01161825
 -0.0155267  -0.01970794 -0.02388215 -0.02767094 -0.03066618 -0.03255957
 -0.03324227 -0.03279347 -0.03139257 -0.0292371  -0.02650051 -0.02332062
 -0.01980211 -0.01602315 -0.01204187 -0.00790171 -0.00363538]"
