sigma0re,sigma0im,beta0re,beta0im,mu0re,mu0im,beta1re,beta1im,sigma1re,sigma1im,mu1re,mu1im,alpha0,alpha1,b_star,corresponding_negative_eigenvalues
0.2,0.3,1,1.1,1.0,-0.1999999999999975,1,1.1,0.2,0.3,-0.5,-1.0999999999999992,0.1,0.1,"[0.01 0.02 0.03 0.04 0.05 0.06 0.07 0.08 0.09 0.1  0.11 0.12 0.13 0.14
 0.15 0.16 0.17 0.18 0.19 0.2 ]","[-9.35460010e-05 -3.71053600e-04 -8.23011666e-04 -1.43318961e-03
 -2.17814849e-03 -3.02673338e-03 -3.93975957e-03 -4.87019263e-03
 -5.76418071e-03 -6.56326025e-03 -7.20785330e-03 -7.64178438e-03
 -7.81707630e-03 -7.69797688e-03 -7.26325925e-03 -6.50635082e-03
 -5.43352549e-03 -4.06088711e-03 -2.41099537e-03 -5.09796184e-04]"
