sigma0re,sigma0im,beta0re,beta0im,mu0re,mu0im,beta1re,beta1im,sigma1re,sigma1im,mu1re,mu1im,alpha0,alpha1,b_star,corresponding_negative_eigenvalues
0.2,0.3,1,1.1,1.0,2.800000000000005,1,1.1,0.2,0.3,-0.5,0.40000000000000213,0.0,0.0,"[0.01 0.02 0.03 0.04 0.05 0.06 0.07 0.08 0.09 0.1  0.11 0.12 0.13 0.14
 0.15 0.16 0.17 0.18 0.19 0.2  0.21 0.22 0.23 0.24 0.25 0.26 0.27 0.28
 0.29 0.3  0.31 0.32 0.33 0.34 0.35 0.36 0.37 0.38 0.39 0.4  0.41 0.42]","[-0.00062075 -0.00250702 -0.00573615 -0.01045755 -0.01693705 -0.02566579
 -0.03768488 -0.05608637 -0.06283766 -0.0571906  -0.05826812 -0.06138293
 -0.06568737 -0.07089287 -0.07688251 -0.08361183 -0.09107463 -0.09337
 -0.08926904 -0.08519593 -0.08115154 -0.07713581 -0.07314815 -0.06918763
 -0.06525313 -0.06134343 -0.05745725 -0.05359334 -0.04975043 -0.0459273
 -0.04212277 -0.03833572 -0.03456506 -0.03080976 -0.02706887 -0.02334145
 -0.01962663 -0.0159236  -0.01223157 -0.00854982 -0.00487765 -0.0012144 ]"
