sigma0re,sigma0im,beta0re,beta0im,mu0re,mu0im,beta1re,beta1im,sigma1re,sigma1im,mu1re,mu1im,alpha0,alpha1,b_star,corresponding_negative_eigenvalues
0.2,0.3,1,1.1,1.0,2.3000000000000043,1,1.1,0.2,0.3,-0.5,0.40000000000000213,0.0,0.0,"[0.01 0.02 0.03 0.04 0.05 0.06 0.07 0.08 0.09 0.1  0.11 0.12 0.13 0.14
 0.15 0.16 0.17 0.18 0.19 0.2  0.21 0.22 0.23 0.24 0.25 0.26 0.27 0.28
 0.29 0.3  0.31 0.32 0.33 0.34 0.35 0.36 0.37 0.38 0.39 0.4  0.41 0.42
 0.43 0.44 0.45 0.46 0.47 0.48 0.49 0.5  0.51]","[-0.00050954 -0.00205332 -0.00467941 -0.00847751 -0.01359799 -0.02029247
 -0.0290088  -0.0406631  -0.05779871 -0.07760331 -0.06399576 -0.06371914
 -0.06608339 -0.06981614 -0.07451146 -0.08000446 -0.0862262  -0.09315588
 -0.10080227 -0.09773122 -0.09433106 -0.09095089 -0.08759226 -0.08425583
 -0.0809417  -0.07764964 -0.07437915 -0.07112961 -0.06790027 -0.06469034
 -0.06149902 -0.05832548 -0.05516891 -0.05202849 -0.04890346 -0.04579305
 -0.04269652 -0.03961318 -0.03654235 -0.03348339 -0.03043568 -0.02739863
 -0.02437167 -0.02135428 -0.01834594 -0.01534617 -0.0123545  -0.00937049
 -0.00639373 -0.00342382 -0.00046037]"
