sigma0re,sigma0im,beta0re,beta0im,mu0re,mu0im,beta1re,beta1im,sigma1re,sigma1im,mu1re,mu1im,alpha0,alpha1,b_star,corresponding_negative_eigenvalues
0.2,0.3,1,1.1,1.0,-1.3999999999999986,1,1.1,0.2,0.3,-0.5,-1.2999999999999994,0.0,0.0,"[0.18 0.19 0.2  0.21 0.22 0.23 0.24 0.25 0.26 0.27 0.28 0.29 0.3  0.31
 0.32 0.33 0.34 0.35 0.36 0.37 0.38 0.39 0.4  0.41 0.42 0.43 0.44 0.45
 0.46 0.47 0.48 0.49 0.5  0.51 0.52 0.53 0.54 0.55 0.56 0.57 0.58 0.59
 0.6  0.61 0.62 0.63 0.64 0.65 0.66 0.67 0.68 0.69 0.7  0.71 0.72 0.73
 0.74 0.75 0.76 0.77 0.78 0.79 0.8  0.81 0.82 0.83 0.84 0.85 0.86 0.87
 0.88 0.89]","[-0.00837196 -0.01821655 -0.02931324 -0.04181536 -0.05593555 -0.07197952
 -0.09041108 -0.11199256 -0.13494715 -0.13258013 -0.13022465 -0.12788064
 -0.12554801 -0.12322666 -0.12091645 -0.11861726 -0.11632893 -0.11405129
 -0.11178418 -0.10952742 -0.10728081 -0.10504418 -0.10281732 -0.10060004
 -0.09839213 -0.09619339 -0.09400361 -0.09182259 -0.08965012 -0.08748601
 -0.08533004 -0.08318201 -0.08104174 -0.07890901 -0.07678363 -0.07466542
 -0.07255417 -0.07044972 -0.06835187 -0.06626044 -0.06417527 -0.06209617
 -0.06002297 -0.05795552 -0.05589365 -0.0538372  -0.05178602 -0.04973996
 -0.04769887 -0.0456626  -0.04363102 -0.04160399 -0.03958137 -0.03756304
 -0.03554887 -0.03353874 -0.03153253 -0.02953011 -0.02753138 -0.02553622
 -0.02354453 -0.0215562  -0.01957114 -0.01758923 -0.01561039 -0.01363451
 -0.01166152 -0.00969131 -0.00772381 -0.00575893 -0.00379659 -0.0018367 ]"
