sigma0re,sigma0im,beta0re,beta0im,mu0re,mu0im,beta1re,beta1im,sigma1re,sigma1im,mu1re,mu1im,alpha0,alpha1,b_star,corresponding_negative_eigenvalues
0.2,0.3,1,1.1,1.0,-1.0999999999999983,1,1.1,0.2,0.3,-0.5,-1.5999999999999996,0.1,0.1,"[0.13 0.14 0.15 0.16 0.17 0.18 0.19 0.2  0.21 0.22 0.23 0.24 0.25 0.26
 0.27 0.28 0.29 0.3  0.31 0.32 0.33 0.34 0.35 0.36 0.37 0.38 0.39 0.4
 0.41 0.42 0.43 0.44 0.45 0.46 0.47 0.48 0.49 0.5  0.51 0.52 0.53 0.54
 0.55 0.56]","[-0.00493555 -0.01068574 -0.01715551 -0.02436911 -0.03236017 -0.04117337
 -0.05086679 -0.06151561 -0.07321755 -0.08610132 -0.10034032 -0.10294861
 -0.09937609 -0.09583644 -0.09232867 -0.08885183 -0.08540498 -0.08198722
 -0.07859768 -0.07523553 -0.07189996 -0.06859022 -0.06530555 -0.06204527
 -0.05880869 -0.05559518 -0.05240413 -0.04923495 -0.04608708 -0.04296
 -0.03985321 -0.03676621 -0.03369856 -0.0306498  -0.02761953 -0.02460734
 -0.02161285 -0.01863569 -0.01567553 -0.01273202 -0.00980484 -0.0068937
 -0.00399829 -0.00111834]"
