sigma0re,sigma0im,beta0re,beta0im,mu0re,mu0im,beta1re,beta1im,sigma1re,sigma1im,mu1re,mu1im,alpha0,alpha1,b_star,corresponding_negative_eigenvalues
0.2,0.3,1,1.1,1.0,1.1000000000000032,1,1.1,0.2,0.3,-0.5,1.7000000000000033,0.0,0.0,"[0.27 0.28 0.29 0.3  0.31 0.32 0.33 0.34 0.35 0.36 0.37 0.38 0.39 0.4
 0.41 0.42 0.43 0.44 0.45 0.46 0.47]","[-0.03182726 -0.07306542 -0.06916215 -0.06528406 -0.06142967 -0.05759755
 -0.05378635 -0.04999484 -0.04622181 -0.04246617 -0.03872685 -0.03500288
 -0.03129332 -0.0275973  -0.023914   -0.02024264 -0.01658249 -0.01293287
 -0.00929313 -0.00566266 -0.00204087]"
