sigma0re,sigma0im,beta0re,beta0im,mu0re,mu0im,beta1re,beta1im,sigma1re,sigma1im,mu1re,mu1im,alpha0,alpha1,b_star,corresponding_negative_eigenvalues
0.2,0.3,1,1.1,1.0,-1.799999999999999,1,1.1,0.2,0.3,-0.5,-1.6999999999999997,0.1,0.1,"[0.19 0.2  0.21 0.22 0.23 0.24 0.25 0.26 0.27 0.28 0.29 0.3  0.31 0.32
 0.33 0.34 0.35 0.36 0.37 0.38 0.39 0.4  0.41 0.42 0.43 0.44 0.45 0.46
 0.47 0.48 0.49 0.5  0.51 0.52 0.53 0.54 0.55 0.56 0.57 0.58 0.59 0.6
 0.61 0.62 0.63 0.64 0.65 0.66 0.67 0.68 0.69 0.7  0.71 0.72 0.73 0.74
 0.75 0.76 0.77 0.78 0.79 0.8  0.81 0.82 0.83 0.84 0.85 0.86 0.87 0.88
 0.89 0.9  0.91 0.92 0.93 0.94 0.95 0.96 0.97 0.98 0.99 1.   1.01 1.02]","[-0.01089262 -0.02521333 -0.04177349 -0.06108265 -0.0839725  -0.11197897
 -0.14533028 -0.14317915 -0.14102997 -0.1388827  -0.13673733 -0.13459385
 -0.13245226 -0.13031257 -0.12817482 -0.12603906 -0.12390534 -0.12177374
 -0.11964436 -0.1175173  -0.1153927  -0.1132707  -0.11115146 -0.10903517
 -0.10692203 -0.10481226 -0.1027061  -0.10060381 -0.09850567 -0.09641197
 -0.09432303 -0.09223918 -0.09016077 -0.08808817 -0.08602176 -0.08396194
 -0.08190912 -0.07986373 -0.0778262  -0.07579698 -0.07377653 -0.07176532
 -0.06976381 -0.06777249 -0.06579183 -0.06382232 -0.06186445 -0.05991871
 -0.05798556 -0.0560655  -0.054159   -0.05226652 -0.05038853 -0.04852547
 -0.04667779 -0.04484592 -0.04303027 -0.04123125 -0.03944924 -0.03768461
 -0.03593773 -0.03420891 -0.03249848 -0.03080674 -0.02913396 -0.0274804
 -0.02584629 -0.02423183 -0.02263721 -0.0210626  -0.01950813 -0.01797391
 -0.01646004 -0.01496656 -0.01349351 -0.01204091 -0.01060873 -0.00919692
 -0.00780542 -0.00643411 -0.00508288 -0.00375158 -0.00244    -0.00114796]"
