sigma0re,sigma0im,beta0re,beta0im,mu0re,mu0im,beta1re,beta1im,sigma1re,sigma1im,mu1re,mu1im,alpha0,alpha1,b_star,corresponding_negative_eigenvalues
0.2,0.3,1,1.1,1.0,-0.9999999999999982,1,1.1,0.2,0.3,-0.5,-1.4999999999999996,0.0,0.0,"[0.09 0.1  0.11 0.12 0.13 0.14 0.15 0.16 0.17 0.18 0.19 0.2  0.21 0.22
 0.23 0.24 0.25 0.26 0.27 0.28 0.29 0.3  0.31 0.32 0.33 0.34 0.35 0.36
 0.37 0.38 0.39 0.4  0.41 0.42 0.43 0.44 0.45 0.46 0.47 0.48]","[-0.00251986 -0.00663612 -0.01138569 -0.01677179 -0.02280612 -0.02950852
 -0.03690722 -0.04503969 -0.05395409 -0.06371169 -0.07439044 -0.08609058
 -0.0989432  -0.09705231 -0.09313223 -0.08925195 -0.08540887 -0.0816006
 -0.07782493 -0.07407977 -0.0703632  -0.06667343 -0.06300878 -0.05936768
 -0.05574869 -0.05215045 -0.04857168 -0.04501119 -0.04146787 -0.03794069
 -0.03442866 -0.03093087 -0.02744645 -0.02397461 -0.02051457 -0.01706564
 -0.01362714 -0.01019843 -0.00677892 -0.00336806]"
