sigma0re,sigma0im,beta0re,beta0im,mu0re,mu0im,beta1re,beta1im,sigma1re,sigma1im,mu1re,mu1im,alpha0,alpha1,b_star,corresponding_negative_eigenvalues
0.2,0.3,1,1.1,1.0,1.400000000000004,1,1.1,0.2,0.3,-0.5,1.1000000000000028,0.0,0.0,"[0.26 0.27 0.28 0.29 0.3  0.31 0.32 0.33 0.34 0.35 0.36 0.37 0.38 0.39
 0.4  0.41 0.42 0.43 0.44 0.45 0.46 0.47 0.48 0.49 0.5  0.51 0.52 0.53
 0.54 0.55 0.56 0.57 0.58 0.59 0.6  0.61 0.62 0.63 0.64 0.65 0.66 0.67
 0.68 0.69 0.7  0.71 0.72 0.73 0.74 0.75 0.76 0.77 0.78 0.79 0.8  0.81
 0.82 0.83 0.84 0.85 0.86 0.87 0.88 0.89 0.9  0.91 0.92 0.93 0.94 0.95
 0.96 0.97 0.98 0.99 1.   1.01 1.02 1.03 1.04 1.05 1.06 1.07 1.08 1.09
 1.1  1.11 1.12 1.13 1.14 1.15 1.16 1.17 1.18 1.19 1.2  1.21 1.22 1.23
 1.24]","[-2.85020239e-03 -2.32486490e-02 -5.05107041e-02 -9.52990192e-02
 -1.44223477e-01 -1.42454523e-01 -1.40692661e-01 -1.38937900e-01
 -1.37190239e-01 -1.35449665e-01 -1.33716160e-01 -1.31989697e-01
 -1.30270239e-01 -1.28557745e-01 -1.26852168e-01 -1.25153452e-01
 -1.23461538e-01 -1.21776363e-01 -1.20097857e-01 -1.18425947e-01
 -1.16760559e-01 -1.15101613e-01 -1.13449027e-01 -1.11802717e-01
 -1.10162596e-01 -1.08528577e-01 -1.06900569e-01 -1.05278482e-01
 -1.03662225e-01 -1.02051704e-01 -1.00446826e-01 -9.88474989e-02
 -9.72536277e-02 -9.56651191e-02 -9.40818795e-02 -9.25038156e-02
 -9.09308345e-02 -8.93628436e-02 -8.77997512e-02 -8.62414661e-02
 -8.46878977e-02 -8.31389566e-02 -8.15945540e-02 -8.00546022e-02
 -7.85190145e-02 -7.69877052e-02 -7.54605897e-02 -7.39375845e-02
 -7.24186075e-02 -7.09035774e-02 -6.93924143e-02 -6.78850395e-02
 -6.63813755e-02 -6.48813460e-02 -6.33848762e-02 -6.18918920e-02
 -6.04023212e-02 -5.89160923e-02 -5.74331354e-02 -5.59533816e-02
 -5.44767633e-02 -5.30032143e-02 -5.15326694e-02 -5.00650646e-02
 -4.86003373e-02 -4.71384259e-02 -4.56792699e-02 -4.42228102e-02
 -4.27689886e-02 -4.13177482e-02 -3.98690331e-02 -3.84227886e-02
 -3.69789609e-02 -3.55374973e-02 -3.40983464e-02 -3.26614576e-02
 -3.12267812e-02 -2.97942687e-02 -2.83638726e-02 -2.69355463e-02
 -2.55092439e-02 -2.40849208e-02 -2.26625332e-02 -2.12420380e-02
 -1.98233932e-02 -1.84065576e-02 -1.69914909e-02 -1.55781533e-02
 -1.41665063e-02 -1.27565119e-02 -1.13481328e-02 -9.94133284e-03
 -8.53607622e-03 -7.13232807e-03 -5.73005420e-03 -4.32922111e-03
 -2.92979604e-03 -1.53174685e-03 -1.35042101e-04]"
