sigma0re,sigma0im,beta0re,beta0im,mu0re,mu0im,beta1re,beta1im,sigma1re,sigma1im,mu1re,mu1im,alpha0,alpha1,b_star,corresponding_negative_eigenvalues
0.2,0.3,1,1.1,1.0,-2.099999999999999,1,1.1,0.2,0.3,-0.5,-1.7999999999999998,0.0,0.0,"[0.17 0.18 0.19 0.2  0.21 0.22 0.23 0.24 0.25 0.26 0.27 0.28 0.29 0.3
 0.31 0.32 0.33 0.34 0.35 0.36 0.37 0.38 0.39 0.4  0.41 0.42 0.43 0.44
 0.45 0.46 0.47 0.48 0.49 0.5  0.51 0.52 0.53 0.54 0.55 0.56 0.57 0.58
 0.59 0.6  0.61 0.62 0.63 0.64 0.65 0.66 0.67 0.68 0.69 0.7  0.71 0.72
 0.73 0.74 0.75 0.76 0.77 0.78 0.79 0.8  0.81 0.82 0.83 0.84 0.85 0.86
 0.87 0.88 0.89 0.9  0.91 0.92 0.93 0.94 0.95 0.96 0.97 0.98 0.99 1.
 1.01 1.02 1.03]","[-0.00647235 -0.02439197 -0.04579701 -0.07188155 -0.10507427 -0.1522925
 -0.15305445 -0.15103968 -0.14902794 -0.14701929 -0.1450138  -0.14301152
 -0.1410125  -0.13901678 -0.13702439 -0.13503538 -0.13304976 -0.13106757
 -0.12908882 -0.12711352 -0.12514168 -0.12317331 -0.12120841 -0.11924697
 -0.117289   -0.11533448 -0.11338339 -0.11143573 -0.10949148 -0.1075506
 -0.10561308 -0.1036789  -0.10174802 -0.09982041 -0.09789605 -0.09597489
 -0.09405691 -0.09214205 -0.0902303  -0.08832159 -0.08641591 -0.0845132
 -0.08261341 -0.08071652 -0.07882247 -0.07693122 -0.07504272 -0.07315694
 -0.07127381 -0.06939331 -0.06751537 -0.06563996 -0.06376703 -0.06189654
 -0.06002843 -0.05816267 -0.0562992  -0.05443798 -0.05257897 -0.05072213
 -0.0488674  -0.04701474 -0.04516411 -0.04331548 -0.04146878 -0.03962399
 -0.03778106 -0.03593995 -0.03410062 -0.03226302 -0.03042713 -0.0285929
 -0.02676029 -0.02492926 -0.02309979 -0.02127182 -0.01944533 -0.01762028
 -0.01579663 -0.01397436 -0.01215342 -0.01033379 -0.00851542 -0.0066983
 -0.00488239 -0.00306766 -0.00125407]"
