sigma0re,sigma0im,beta0re,beta0im,mu0re,mu0im,beta1re,beta1im,sigma1re,sigma1im,mu1re,mu1im,alpha0,alpha1,b_star,corresponding_negative_eigenvalues
0.2,0.3,1,1.1,1.0,-0.09999999999999742,1,1.1,0.2,0.3,-0.5,-0.1999999999999984,0.0,0.0,"[0.01 0.02 0.03 0.04 0.05 0.06 0.07 0.08 0.09 0.1  0.11 0.12 0.13 0.14
 0.15 0.16 0.17 0.18 0.19 0.2  0.21 0.22 0.23 0.24 0.25 0.26 0.27 0.28
 0.29 0.3  0.31 0.32 0.33 0.34 0.35 0.36 0.37]","[-1.10294127e-05 -4.38716051e-05 -9.77959022e-05 -1.71609060e-04
 -2.63690957e-04 -3.72042352e-04 -4.94342616e-04 -6.28014912e-04
 -7.70296017e-04 -9.18307832e-04 -1.06912767e-03 -1.21985462e-03
 -1.36766971e-03 -1.50988801e-03 -1.64400143e-03 -1.76771166e-03
 -1.87895317e-03 -1.97590668e-03 -2.05700412e-03 -2.12092611e-03
 -2.16659331e-03 -2.19315311e-03 -2.19996283e-03 -2.18657078e-03
 -2.15269616e-03 -2.09820872e-03 -2.02310883e-03 -1.92750845e-03
 -1.81161346e-03 -1.67570744e-03 -1.52013710e-03 -1.34529935e-03
 -1.15162995e-03 -9.39593722e-04 -7.09676127e-04 -4.62376184e-04
 -1.98200494e-04]"
