sigma0re,sigma0im,beta0re,beta0im,mu0re,mu0im,beta1re,beta1im,sigma1re,sigma1im,mu1re,mu1im,alpha0,alpha1,b_star,corresponding_negative_eigenvalues
0.2,0.3,1,1.1,1.0,-0.1999999999999975,1,1.1,0.2,0.3,-0.5,-0.49999999999999867,0.0,0.0,"[0.01 0.02 0.03 0.04 0.05 0.06 0.07 0.08 0.09 0.1  0.11 0.12 0.13 0.14
 0.15 0.16 0.17 0.18 0.19 0.2  0.21 0.22 0.23 0.24 0.25 0.26 0.27 0.28
 0.29 0.3  0.31]","[-5.51500304e-05 -2.19400435e-04 -4.89152266e-04 -8.58410718e-04
 -1.31880090e-03 -1.85961064e-03 -2.46787972e-03 -3.12855756e-03
 -3.82475135e-03 -4.53808200e-03 -5.24915535e-03 -5.93814116e-03
 -6.58543367e-03 -7.17234862e-03 -7.68179770e-03 -8.09887656e-03
 -8.41130959e-03 -8.60971333e-03 -8.68766564e-03 -8.64159408e-03
 -8.47051778e-03 -8.17568892e-03 -7.76018225e-03 -7.22847565e-03
 -6.58605434e-03 -5.83906022e-03 -4.99399703e-03 -4.05749387e-03
 -3.03612405e-03 -1.93627264e-03 -7.64045188e-04]"
