sigma0re,sigma0im,beta0re,beta0im,mu0re,mu0im,beta1re,beta1im,sigma1re,sigma1im,mu1re,mu1im,alpha0,alpha1,b_star,corresponding_negative_eigenvalues
0.2,0.3,1,1.1,1.0,-1.899999999999999,1,1.1,0.2,0.3,-0.5,-2.0,0.1,0.1,"[0.17 0.18 0.19 0.2  0.21 0.22 0.23 0.24 0.25 0.26 0.27 0.28 0.29 0.3
 0.31 0.32 0.33 0.34 0.35 0.36 0.37 0.38 0.39 0.4  0.41 0.42 0.43 0.44
 0.45 0.46 0.47 0.48 0.49 0.5  0.51 0.52 0.53 0.54 0.55 0.56 0.57 0.58
 0.59 0.6  0.61 0.62 0.63 0.64 0.65 0.66 0.67 0.68 0.69 0.7  0.71 0.72
 0.73 0.74 0.75 0.76 0.77 0.78 0.79 0.8  0.81 0.82 0.83 0.84 0.85]","[-0.00172579 -0.01609849 -0.03285498 -0.05250467 -0.07587271 -0.10445859
 -0.14149203 -0.13899465 -0.13650096 -0.13401099 -0.13152479 -0.1290424
 -0.12656391 -0.12408939 -0.12161894 -0.11915265 -0.11669066 -0.1142331
 -0.11178011 -0.10933186 -0.10688851 -0.10445027 -0.10201733 -0.09958991
 -0.09716824 -0.09475256 -0.09234314 -0.08994024 -0.08754414 -0.08515514
 -0.08277354 -0.08039965 -0.07803381 -0.07567635 -0.0733276  -0.07098791
 -0.06865765 -0.06633716 -0.06402682 -0.06172698 -0.05943802 -0.05716031
 -0.05489421 -0.05264009 -0.05039832 -0.04816924 -0.04595322 -0.0437506
 -0.04156173 -0.03938693 -0.03722652 -0.03508082 -0.03295013 -0.03083472
 -0.02873487 -0.02665085 -0.02458288 -0.02253119 -0.020496   -0.01847749
 -0.01647583 -0.01449118 -0.01252367 -0.0105734  -0.00864047 -0.00672495
 -0.00482689 -0.00294631 -0.00108322]"
