sigma0re,sigma0im,beta0re,beta0im,mu0re,mu0im,beta1re,beta1im,sigma1re,sigma1im,mu1re,mu1im,alpha0,alpha1,b_star,corresponding_negative_eigenvalues
0.2,0.3,1,1.1,1.0,-0.5999999999999979,1,1.1,0.2,0.3,-0.5,-0.899999999999999,0.1,0.1,"[0.01 0.02 0.03 0.04 0.05 0.06 0.07 0.08 0.09 0.1  0.11 0.12 0.13 0.14
 0.15 0.16 0.17 0.18 0.19 0.2  0.21 0.22 0.23 0.24 0.25 0.26 0.27 0.28
 0.29 0.3  0.31 0.32 0.33 0.34 0.35 0.36 0.37 0.38 0.39 0.4  0.41 0.42
 0.43 0.44 0.45 0.46 0.47 0.48 0.49 0.5  0.51 0.52 0.53]","[-0.00023602 -0.00094541 -0.00213209 -0.00380254 -0.00596559 -0.00863204
 -0.01181383 -0.01552232 -0.01976502 -0.02453921 -0.02982012 -0.03554007
 -0.04155579 -0.04761003 -0.0533199  -0.05825    -0.06207394 -0.06469638
 -0.06622553 -0.06686085 -0.06680474 -0.06622581 -0.06525345 -0.06398383
 -0.06248787 -0.06081808 -0.05901365 -0.0571042  -0.05511234 -0.05305557
 -0.05094754 -0.04879906 -0.04661871 -0.04441341 -0.04218875 -0.03994931
 -0.03769883 -0.03544042 -0.03317663 -0.03090961 -0.02864115 -0.02637277
 -0.02410573 -0.0218411  -0.01957979 -0.01732258 -0.01507012 -0.01282296
 -0.0105816  -0.00834642 -0.00611777 -0.00389596 -0.00168122]"
