sigma0re,sigma0im,beta0re,beta0im,mu0re,mu0im,beta1re,beta1im,sigma1re,sigma1im,mu1re,mu1im,alpha0,alpha1,b_star,corresponding_negative_eigenvalues
0.2,0.3,1,1.1,1.0,-1.4999999999999987,1,1.1,0.2,0.3,-0.5,-1.1999999999999993,0.0,0.0,"[0.19 0.2  0.21 0.22 0.23 0.24 0.25 0.26 0.27 0.28 0.29 0.3  0.31 0.32
 0.33 0.34 0.35 0.36 0.37 0.38 0.39 0.4  0.41 0.42 0.43 0.44 0.45 0.46
 0.47 0.48 0.49 0.5  0.51 0.52 0.53 0.54 0.55 0.56 0.57 0.58 0.59 0.6
 0.61 0.62 0.63 0.64 0.65 0.66 0.67 0.68 0.69 0.7  0.71 0.72 0.73 0.74
 0.75 0.76 0.77 0.78 0.79 0.8  0.81 0.82 0.83 0.84 0.85 0.86 0.87 0.88
 0.89 0.9  0.91 0.92 0.93 0.94 0.95 0.96 0.97 0.98 0.99 1.   1.01 1.02
 1.03 1.04 1.05 1.06 1.07 1.08 1.09 1.1  1.11 1.12 1.13 1.14 1.15 1.16
 1.17 1.18 1.19]","[-0.00409166 -0.01437313 -0.02603092 -0.0392636  -0.05435398 -0.07172525
 -0.09205908 -0.11658786 -0.14804489 -0.14696108 -0.14513693 -0.1433189
 -0.14150705 -0.1397014  -0.13790197 -0.13610877 -0.1343218  -0.13254107
 -0.13076654 -0.12899822 -0.12723607 -0.12548005 -0.12373014 -0.12198629
 -0.12024845 -0.11851656 -0.11679059 -0.11507046 -0.11335611 -0.11164748
 -0.1099445  -0.1082471  -0.10655521 -0.10486875 -0.10318764 -0.10151182
 -0.0998412  -0.0981757  -0.09651524 -0.09485975 -0.09320914 -0.09156332
 -0.08992223 -0.08828578 -0.08665388 -0.08502646 -0.08340343 -0.08178472
 -0.08017025 -0.07855993 -0.0769537  -0.07535146 -0.07375314 -0.07215868
 -0.07056798 -0.06898099 -0.06739762 -0.06581779 -0.06424145 -0.06266852
 -0.06109893 -0.05953261 -0.05796949 -0.05640951 -0.05485261 -0.0532987
 -0.05174774 -0.05019967 -0.04865441 -0.04711191 -0.04557211 -0.04403495
 -0.04250038 -0.04096834 -0.03943877 -0.03791162 -0.03638684 -0.03486437
 -0.03334416 -0.03182617 -0.03031034 -0.02879663 -0.02728499 -0.02577536
 -0.02426772 -0.02276201 -0.02125818 -0.01975621 -0.01825603 -0.01675762
 -0.01526093 -0.01376592 -0.01227256 -0.01078081 -0.00929062 -0.00780197
 -0.00631481 -0.00482912 -0.00334485 -0.00186198 -0.00038047]"
