sigma0re,sigma0im,beta0re,beta0im,mu0re,mu0im,beta1re,beta1im,sigma1re,sigma1im,mu1re,mu1im,alpha0,alpha1,b_star,corresponding_negative_eigenvalues
0.2,0.3,1,1.1,1.0,-1.5999999999999988,1,1.1,0.2,0.3,-0.5,-1.6999999999999997,0.1,0.1,"[0.18 0.19 0.2  0.21 0.22 0.23 0.24 0.25 0.26 0.27 0.28 0.29 0.3  0.31
 0.32 0.33 0.34 0.35 0.36 0.37 0.38 0.39 0.4  0.41 0.42 0.43 0.44 0.45
 0.46 0.47 0.48 0.49 0.5  0.51 0.52 0.53 0.54 0.55 0.56 0.57 0.58 0.59
 0.6  0.61 0.62 0.63 0.64 0.65 0.66 0.67 0.68 0.69 0.7  0.71 0.72 0.73
 0.74 0.75 0.76 0.77 0.78 0.79 0.8  0.81 0.82 0.83]","[-0.00591455 -0.01746996 -0.0306387  -0.04566225 -0.06288934 -0.08285234
 -0.1064349  -0.13385136 -0.13127874 -0.12871257 -0.12615296 -0.12360006
 -0.12105401 -0.11851499 -0.11598314 -0.11345863 -0.11094164 -0.10843235
 -0.10593095 -0.10343762 -0.10095257 -0.098476   -0.09600811 -0.09354911
 -0.09109922 -0.08865865 -0.08622764 -0.08380639 -0.08139514 -0.07899411
 -0.07660352 -0.07422362 -0.07185463 -0.06949677 -0.06715029 -0.06481539
 -0.06249232 -0.06018129 -0.05788253 -0.05559626 -0.05332269 -0.05106204
 -0.04881451 -0.04658032 -0.04435966 -0.04215272 -0.03995969 -0.03778077
 -0.03561612 -0.03346593 -0.03133034 -0.02920953 -0.02710363 -0.0250128
 -0.02293716 -0.02087685 -0.01883198 -0.01680265 -0.01478898 -0.01279104
 -0.01080893 -0.0088427  -0.00689243 -0.00495816 -0.00303993 -0.00113778]"
