sigma0re,sigma0im,beta0re,beta0im,mu0re,mu0im,beta1re,beta1im,sigma1re,sigma1im,mu1re,mu1im,alpha0,alpha1,b_star,corresponding_negative_eigenvalues
0.2,0.3,1,1.1,1.0,-1.5999999999999988,1,1.1,0.2,0.3,-0.5,-1.3999999999999995,0.1,0.1,"[0.2  0.21 0.22 0.23 0.24 0.25 0.26 0.27 0.28 0.29 0.3  0.31 0.32 0.33
 0.34 0.35 0.36 0.37 0.38 0.39 0.4  0.41 0.42 0.43 0.44 0.45 0.46 0.47
 0.48 0.49 0.5  0.51 0.52 0.53 0.54 0.55 0.56 0.57 0.58 0.59 0.6  0.61
 0.62 0.63 0.64 0.65 0.66 0.67 0.68 0.69 0.7  0.71 0.72 0.73 0.74 0.75
 0.76 0.77 0.78 0.79 0.8  0.81 0.82 0.83 0.84 0.85 0.86 0.87 0.88 0.89
 0.9  0.91 0.92 0.93 0.94 0.95 0.96 0.97 0.98 0.99 1.   1.01 1.02 1.03
 1.04 1.05 1.06 1.07 1.08 1.09 1.1  1.11 1.12 1.13 1.14 1.15 1.16 1.17
 1.18 1.19 1.2  1.21]","[-0.00814878 -0.01961382 -0.0326441  -0.04749847 -0.06455481 -0.08440124
 -0.10804644 -0.13752416 -0.14474238 -0.14279706 -0.14085264 -0.13890908
 -0.13696636 -0.13502449 -0.13308347 -0.13114332 -0.12920409 -0.12726584
 -0.12532863 -0.12339258 -0.12145777 -0.11952436 -0.11759248 -0.11566232
 -0.11373404 -0.11180788 -0.10988405 -0.1079628  -0.10604441 -0.10412917
 -0.10221738 -0.10030936 -0.09840547 -0.09650607 -0.09461153 -0.09272225
 -0.09083865 -0.08896115 -0.08709018 -0.08522619 -0.08336966 -0.08152103
 -0.07968081 -0.07784946 -0.07602748 -0.07421537 -0.07241361 -0.07062272
 -0.06884319 -0.06707552 -0.0653202  -0.06357773 -0.06184859 -0.06013328
 -0.05843226 -0.056746   -0.05507497 -0.05341961 -0.05178036 -0.05015765
 -0.0485519  -0.04696351 -0.04539287 -0.04384037 -0.04230635 -0.04079118
 -0.03929518 -0.03781866 -0.03636194 -0.03492528 -0.03350897 -0.03211323
 -0.03073831 -0.02938442 -0.02805176 -0.02674048 -0.02545076 -0.02418272
 -0.02293647 -0.02171213 -0.02050975 -0.01932939 -0.01817108 -0.01703483
 -0.01592063 -0.01482844 -0.0137582  -0.01270984 -0.01168325 -0.0106783
 -0.00969485 -0.00873271 -0.00779169 -0.00687156 -0.00597209 -0.005093
 -0.004234   -0.00339477 -0.00257497 -0.00177424 -0.00099219 -0.00022842]"
