sigma0re,sigma0im,beta0re,beta0im,mu0re,mu0im,beta1re,beta1im,sigma1re,sigma1im,mu1re,mu1im,alpha0,alpha1,b_star,corresponding_negative_eigenvalues
0.2,0.3,1,1.1,1.0,-1.3999999999999986,1,1.1,0.2,0.3,-0.5,-1.2999999999999994,0.1,0.1,"[0.19 0.2  0.21 0.22 0.23 0.24 0.25 0.26 0.27 0.28 0.29 0.3  0.31 0.32
 0.33 0.34 0.35 0.36 0.37 0.38 0.39 0.4  0.41 0.42 0.43 0.44 0.45 0.46
 0.47 0.48 0.49 0.5  0.51 0.52 0.53 0.54 0.55 0.56 0.57 0.58 0.59 0.6
 0.61 0.62 0.63 0.64 0.65 0.66 0.67 0.68 0.69 0.7  0.71 0.72 0.73 0.74
 0.75 0.76 0.77 0.78 0.79 0.8  0.81 0.82 0.83 0.84 0.85 0.86 0.87 0.88
 0.89 0.9  0.91 0.92 0.93 0.94 0.95 0.96 0.97 0.98 0.99 1.   1.01 1.02
 1.03]","[-0.00474538 -0.01359793 -0.02354198 -0.03469367 -0.04720823 -0.06129888
 -0.07727034 -0.09558312 -0.11699284 -0.13677885 -0.13458695 -0.1324001
 -0.13021842 -0.12804205 -0.12587112 -0.12370577 -0.12154616 -0.11939247
 -0.11724485 -0.11510349 -0.11296858 -0.11084032 -0.10871891 -0.10660455
 -0.10449748 -0.10239791 -0.10030607 -0.09822219 -0.09614652 -0.0940793
 -0.09202077 -0.08997119 -0.0879308  -0.08589988 -0.08387866 -0.08186742
 -0.07986641 -0.0778759  -0.07589614 -0.0739274  -0.07196994 -0.07002401
 -0.06808989 -0.06616781 -0.06425805 -0.06236085 -0.06047645 -0.05860511
 -0.05674707 -0.05490257 -0.05307184 -0.05125511 -0.04945262 -0.04766458
 -0.04589121 -0.04413273 -0.04238933 -0.04066123 -0.03894862 -0.03725168
 -0.03557061 -0.03390557 -0.03225674 -0.03062429 -0.02900837 -0.02740913
 -0.02582672 -0.02426128 -0.02271292 -0.02118178 -0.01966796 -0.01817158
 -0.01669272 -0.01523149 -0.01378795 -0.01236218 -0.01095424 -0.00956418
 -0.00819206 -0.0068379  -0.00550173 -0.00418356 -0.0028834  -0.00160124
 -0.00033707]"
