sigma0re,sigma0im,beta0re,beta0im,mu0re,mu0im,beta1re,beta1im,sigma1re,sigma1im,mu1re,mu1im,alpha0,alpha1,b_star,corresponding_negative_eigenvalues
0.2,0.3,1,1.1,1.0,-0.699999999999998,1,1.1,0.2,0.3,-0.5,-0.7999999999999989,0.0,0.0,"[0.01 0.02 0.03 0.04 0.05 0.06 0.07 0.08 0.09 0.1  0.11 0.12 0.13 0.14
 0.15 0.16 0.17 0.18 0.19 0.2  0.21 0.22 0.23 0.24 0.25 0.26 0.27 0.28
 0.29 0.3  0.31 0.32 0.33 0.34 0.35 0.36 0.37 0.38 0.39 0.4  0.41 0.42
 0.43 0.44 0.45 0.46 0.47 0.48 0.49 0.5  0.51 0.52 0.53 0.54 0.55 0.56
 0.57 0.58 0.59 0.6  0.61 0.62 0.63 0.64 0.65 0.66]","[-0.00030971 -0.00124255 -0.00280989 -0.00503145 -0.00793652 -0.0115659
 -0.01597471 -0.02123639 -0.02744776 -0.03473405 -0.04324689 -0.05312473
 -0.06429695 -0.0758458  -0.08543519 -0.09138154 -0.09430569 -0.09536954
 -0.09533519 -0.09462839 -0.09348992 -0.09206266 -0.0904357  -0.08866705
 -0.08679594 -0.08484967 -0.08284779 -0.08080452 -0.07873045 -0.07663357
 -0.07451997 -0.07239433 -0.07026031 -0.06812076 -0.06597793 -0.06383359
 -0.06168913 -0.05954567 -0.05740407 -0.05526503 -0.05312907 -0.05099662
 -0.04886798 -0.04674339 -0.04462302 -0.04250699 -0.04039536 -0.03828817
 -0.03618543 -0.03408712 -0.03199321 -0.02990363 -0.02781831 -0.0257372
 -0.02366019 -0.02158719 -0.01951811 -0.01745285 -0.0153913  -0.01333336
 -0.01127893 -0.00922789 -0.00718013 -0.00513556 -0.00309406 -0.00105554]"
