sigma0re,sigma0im,beta0re,beta0im,mu0re,mu0im,beta1re,beta1im,sigma1re,sigma1im,mu1re,mu1im,alpha0,alpha1,b_star,corresponding_negative_eigenvalues
0.2,0.3,1,1.1,1.0,-0.8999999999999981,1,1.1,0.2,0.3,-0.5,-1.1999999999999993,0.0,0.0,"[0.01 0.02 0.03 0.04 0.05 0.06 0.07 0.08 0.09 0.1  0.11 0.12 0.13 0.14
 0.15 0.16 0.17 0.18 0.19 0.2  0.21 0.22 0.23 0.24 0.25 0.26 0.27 0.28
 0.29 0.3  0.31 0.32 0.33 0.34 0.35 0.36 0.37 0.38 0.39 0.4  0.41 0.42
 0.43 0.44 0.45 0.46 0.47 0.48 0.49 0.5  0.51 0.52 0.53 0.54 0.55]","[-0.00059861 -0.00241806 -0.00553451 -0.00582645 -0.00726953 -0.00927399
 -0.01173006 -0.0146163  -0.0179312  -0.02168099 -0.02587636 -0.03053141
 -0.03566352 -0.04129354 -0.04744628 -0.05415125 -0.06144362 -0.06936567
 -0.07796866 -0.08731556 -0.09748495 -0.1023318  -0.09890301 -0.0955132
 -0.09215985 -0.08884066 -0.08555349 -0.08229639 -0.07906751 -0.07586518
 -0.07268784 -0.06953401 -0.06640235 -0.06329158 -0.06020052 -0.05712807
 -0.05407319 -0.05103491 -0.04801232 -0.04500456 -0.04201082 -0.03903036
 -0.03606245 -0.03310643 -0.03016165 -0.02722752 -0.02430348 -0.02138899
 -0.01848354 -0.01558665 -0.01269787 -0.00981677 -0.00694295 -0.004076
 -0.00121558]"
