sigma0re,sigma0im,beta0re,beta0im,mu0re,mu0im,beta1re,beta1im,sigma1re,sigma1im,mu1re,mu1im,alpha0,alpha1,b_star,corresponding_negative_eigenvalues
0.2,0.3,1,1.1,1.0,-1.6999999999999988,1,1.1,0.2,0.3,-0.5,-0.1999999999999984,0.0,0.0,[0.3  0.31 0.32 0.33 0.34 0.35],[-0.0151033  -0.01265513 -0.01014864 -0.00759207 -0.00499232 -0.00235517]
