sigma0re,sigma0im,beta0re,beta0im,mu0re,mu0im,beta1re,beta1im,sigma1re,sigma1im,mu1re,mu1im,alpha0,alpha1,b_star,corresponding_negative_eigenvalues
0.2,0.3,1,1.1,1.0,-1.0999999999999983,1,1.1,0.2,0.3,-0.5,-1.7999999999999998,0.0,0.0,"[0.11 0.12 0.13 0.14 0.15 0.16 0.17 0.18 0.19 0.2  0.21 0.22 0.23 0.24
 0.25 0.26 0.27 0.28 0.29 0.3  0.31 0.32 0.33 0.34 0.35 0.36 0.37 0.38
 0.39 0.4  0.41 0.42 0.43 0.44 0.45]","[-0.00330558 -0.00944385 -0.01644468 -0.02433376 -0.03315053 -0.04295024
 -0.05380731 -0.06582078 -0.07912291 -0.09389321 -0.09661627 -0.09229797
 -0.08801874 -0.08377619 -0.07956806 -0.07539223 -0.07124668 -0.06712951
 -0.06303895 -0.05897332 -0.05493103 -0.05091063 -0.04691071 -0.04292997
 -0.0389672  -0.03502125 -0.03109105 -0.02717558 -0.0232739  -0.01938512
 -0.0155084  -0.01164297 -0.00778809 -0.00394306 -0.00010724]"
