sigma0re,sigma0im,beta0re,beta0im,mu0re,mu0im,beta1re,beta1im,sigma1re,sigma1im,mu1re,mu1im,alpha0,alpha1,b_star,corresponding_negative_eigenvalues
0.2,0.3,1,1.1,1.0,-0.8999999999999981,1,1.1,0.2,0.3,-0.5,-1.5999999999999996,0.0,0.0,"[0.01 0.02 0.03 0.04 0.05 0.06 0.07 0.08 0.09 0.1  0.11 0.12 0.13 0.14
 0.15 0.16 0.17 0.18 0.19 0.2  0.21 0.22 0.23 0.24 0.25 0.26 0.27 0.28
 0.29 0.3  0.31 0.32 0.33 0.34 0.35 0.36 0.37 0.38 0.39 0.4  0.41]","[-0.00079923 -0.00324228 -0.00477062 -0.00600164 -0.00800089 -0.01054808
 -0.01361263 -0.01719268 -0.02129602 -0.02593566 -0.03112871 -0.03689625
 -0.04326371 -0.05026155 -0.05792624 -0.06630173 -0.07544135 -0.08541059
 -0.09336464 -0.0889194  -0.08452391 -0.08017423 -0.07586681 -0.07159839
 -0.06736604 -0.06316703 -0.05899889 -0.05485936 -0.05074634 -0.04665791
 -0.0425923  -0.03854787 -0.0345231  -0.03051658 -0.02652703 -0.02255322
 -0.01859405 -0.01464845 -0.01071547 -0.0067942  -0.00288379]"
