sigma0re,sigma0im,beta0re,beta0im,mu0re,mu0im,beta1re,beta1im,sigma1re,sigma1im,mu1re,mu1im,alpha0,alpha1,b_star,corresponding_negative_eigenvalues
0.2,0.3,1,1.1,1.0,1.7000000000000046,1,1.1,0.2,0.3,-0.5,1.6000000000000032,0.1,0.1,"[0.27 0.28 0.29 0.3  0.31 0.32 0.33 0.34 0.35 0.36 0.37 0.38 0.39 0.4
 0.41 0.42 0.43 0.44 0.45 0.46 0.47 0.48 0.49 0.5  0.51 0.52 0.53 0.54
 0.55 0.56 0.57 0.58 0.59 0.6  0.61 0.62 0.63 0.64 0.65 0.66 0.67 0.68
 0.69 0.7  0.71 0.72 0.73 0.74 0.75 0.76 0.77 0.78 0.79 0.8  0.81 0.82
 0.83 0.84 0.85 0.86 0.87 0.88 0.89 0.9  0.91 0.92 0.93 0.94 0.95 0.96
 0.97 0.98 0.99 1.   1.01 1.02 1.03 1.04 1.05 1.06 1.07 1.08 1.09 1.1
 1.11 1.12 1.13 1.14 1.15 1.16 1.17 1.18 1.19 1.2  1.21 1.22 1.23]","[-0.01541708 -0.04692561 -0.10702979 -0.13752172 -0.1356569  -0.13380616
 -0.13196929 -0.13014608 -0.12833631 -0.12653974 -0.12475615 -0.12298528
 -0.12122691 -0.11948078 -0.11774665 -0.11602428 -0.11431342 -0.11261383
 -0.11092528 -0.10924753 -0.10758034 -0.10592348 -0.10427674 -0.10263989
 -0.10101272 -0.09939502 -0.09778659 -0.09618722 -0.09459672 -0.0930149
 -0.09144158 -0.08987659 -0.08831974 -0.08677088 -0.08522984 -0.08369647
 -0.08217062 -0.08065214 -0.07914089 -0.07763674 -0.07613955 -0.07464921
 -0.07316558 -0.07168856 -0.07021802 -0.06875388 -0.06729601 -0.06584432
 -0.06439872 -0.06295911 -0.06152541 -0.06009753 -0.05867539 -0.05725891
 -0.05584803 -0.05444266 -0.05304274 -0.0516482  -0.05025898 -0.04887503
 -0.04749628 -0.04612268 -0.04475418 -0.04339072 -0.04203227 -0.04067877
 -0.03933018 -0.03798646 -0.03664757 -0.03531346 -0.03398412 -0.03265949
 -0.03133956 -0.03002428 -0.02871362 -0.02740757 -0.02610609 -0.02480915
 -0.02351674 -0.02222882 -0.02094538 -0.0196664  -0.01839185 -0.01712172
 -0.01585599 -0.01459464 -0.01333765 -0.01208502 -0.01083672 -0.00959275
 -0.00835309 -0.00711772 -0.00588665 -0.00465984 -0.00343731 -0.00221903
 -0.00100499]"
