sigma0re,sigma0im,beta0re,beta0im,mu0re,mu0im,beta1re,beta1im,sigma1re,sigma1im,mu1re,mu1im,alpha0,alpha1,b_star,corresponding_negative_eigenvalues
0.2,0.3,1,1.1,1.0,-0.5999999999999979,1,1.1,0.2,0.3,-0.5,-1.9,0.1,0.1,"[0.01 0.02 0.03 0.04 0.05 0.06 0.07 0.08 0.09 0.1  0.11 0.12 0.13 0.14
 0.15 0.16 0.17 0.18 0.19 0.2  0.21 0.22 0.23 0.24 0.25 0.26 0.27 0.28
 0.29]","[-0.00049981 -0.00200987 -0.00456298 -0.00821662 -0.01305682 -0.01920106
 -0.02679016 -0.03592698 -0.04640321 -0.05688843 -0.06453857 -0.06787597
 -0.06798908 -0.06622433 -0.06338809 -0.05991432 -0.05604308 -0.05191433
 -0.04761383 -0.04319644 -0.03869851 -0.03414482 -0.02955266 -0.02493433
 -0.02029871 -0.01565226 -0.01099977 -0.00634476 -0.00168985]"
