sigma0re,sigma0im,beta0re,beta0im,mu0re,mu0im,beta1re,beta1im,sigma1re,sigma1im,mu1re,mu1im,alpha0,alpha1,b_star,corresponding_negative_eigenvalues
0.2,0.3,1,1.1,1.0,-0.699999999999998,1,1.1,0.2,0.3,-0.5,-0.899999999999999,0.1,0.1,"[0.01 0.02 0.03 0.04 0.05 0.06 0.07 0.08 0.09 0.1  0.11 0.12 0.13 0.14
 0.15 0.16 0.17 0.18 0.19 0.2  0.21 0.22 0.23 0.24 0.25 0.26 0.27 0.28
 0.29 0.3  0.31 0.32 0.33 0.34 0.35 0.36 0.37 0.38 0.39 0.4  0.41 0.42
 0.43 0.44 0.45 0.46 0.47 0.48 0.49 0.5  0.51 0.52 0.53 0.54 0.55 0.56
 0.57 0.58 0.59 0.6  0.61 0.62 0.63]","[-0.00027588 -0.00110648 -0.00250077 -0.00447424 -0.00704976 -0.01025885
 -0.01414352 -0.01875884 -0.02417601 -0.03048535 -0.03779575 -0.04621739
 -0.05578059 -0.06615378 -0.07606915 -0.08355155 -0.08789805 -0.08987815
 -0.09037942 -0.08997398 -0.08899458 -0.08763741 -0.08602299 -0.08422856
 -0.08230558 -0.08028948 -0.07820533 -0.07607134 -0.07390096 -0.07170431
 -0.06948912 -0.06726138 -0.06502575 -0.06278591 -0.06054478 -0.05830473
 -0.05606761 -0.05383496 -0.051608   -0.04938774 -0.04717498 -0.04497041
 -0.04277454 -0.04058783 -0.03841062 -0.03624321 -0.03408581 -0.03193862
 -0.02980177 -0.02767537 -0.0255595  -0.02345423 -0.02135958 -0.01927559
 -0.01720225 -0.01513958 -0.01308756 -0.01104616 -0.00901537 -0.00699514
 -0.00498546 -0.00298627 -0.00099754]"
