sigma0re,sigma0im,beta0re,beta0im,mu0re,mu0im,beta1re,beta1im,sigma1re,sigma1im,mu1re,mu1im,alpha0,alpha1,b_star,corresponding_negative_eigenvalues
0.2,0.3,1,1.1,1.0,-0.9999999999999982,1,1.1,0.2,0.3,-0.5,-1.9,0.0,0.0,"[0.08 0.09 0.1  0.11 0.12 0.13 0.14 0.15 0.16 0.17 0.18 0.19 0.2  0.21
 0.22 0.23 0.24 0.25 0.26 0.27 0.28 0.29 0.3  0.31 0.32 0.33 0.34 0.35
 0.36 0.37 0.38 0.39]","[-0.00259069 -0.00707002 -0.01229651 -0.01827272 -0.02501283 -0.03254185
 -0.04089583 -0.05012298 -0.06028584 -0.07146479 -0.08376366 -0.0918357
 -0.08701146 -0.08223757 -0.07751009 -0.07282541 -0.06818023 -0.06357151
 -0.05899646 -0.05445251 -0.0499373  -0.04544864 -0.04098454 -0.03654314
 -0.03212273 -0.02772173 -0.02333867 -0.0189722  -0.01462106 -0.01028409
 -0.0059602  -0.0016484 ]"
