sigma0re,sigma0im,beta0re,beta0im,mu0re,mu0im,beta1re,beta1im,sigma1re,sigma1im,mu1re,mu1im,alpha0,alpha1,b_star,corresponding_negative_eigenvalues
0.2,0.3,1,1.1,1.0,-1.899999999999999,1,1.1,0.2,0.3,-0.5,-1.7999999999999998,0.1,0.1,"[0.18 0.19 0.2  0.21 0.22 0.23 0.24 0.25 0.26 0.27 0.28 0.29 0.3  0.31
 0.32 0.33 0.34 0.35 0.36 0.37 0.38 0.39 0.4  0.41 0.42 0.43 0.44 0.45
 0.46 0.47 0.48 0.49 0.5  0.51 0.52 0.53 0.54 0.55 0.56 0.57 0.58 0.59
 0.6  0.61 0.62 0.63 0.64 0.65 0.66 0.67 0.68 0.69 0.7  0.71 0.72 0.73
 0.74 0.75 0.76 0.77 0.78 0.79 0.8  0.81 0.82 0.83 0.84 0.85 0.86 0.87
 0.88 0.89 0.9  0.91 0.92 0.93 0.94 0.95 0.96 0.97 0.98 0.99 1.   1.01
 1.02]","[-0.002465   -0.01661352 -0.03306563 -0.05232675 -0.07521654 -0.10323073
 -0.13974561 -0.14555928 -0.14341558 -0.14127357 -0.13913319 -0.1369944
 -0.13485717 -0.13272148 -0.13058733 -0.12845472 -0.12632368 -0.12419425
 -0.12206648 -0.11994045 -0.11781624 -0.11569397 -0.11357377 -0.11145577
 -0.10934015 -0.1072271  -0.10511683 -0.10300957 -0.10090557 -0.09880511
 -0.09670848 -0.09461601 -0.09252803 -0.09044491 -0.08836702 -0.08629477
 -0.08422858 -0.08216888 -0.08011612 -0.07807079 -0.07603336 -0.07400433
 -0.0719842  -0.0699735  -0.06797275 -0.06598249 -0.06400324 -0.06203555
 -0.06007996 -0.05813701 -0.05620722 -0.05429114 -0.05238928 -0.05050216
 -0.04863028 -0.04677414 -0.04493421 -0.04311095 -0.04130482 -0.03951623
 -0.0377456  -0.03599332 -0.03425974 -0.0325452  -0.03085003 -0.02917451
 -0.0275189  -0.02588345 -0.02426835 -0.02267378 -0.0210999  -0.01954681
 -0.01801461 -0.01650335 -0.01501305 -0.01354371 -0.01209527 -0.01066767
 -0.00926081 -0.00787453 -0.00650868 -0.00516304 -0.00383738 -0.00253144
 -0.00124492]"
