sigma0re,sigma0im,beta0re,beta0im,mu0re,mu0im,beta1re,beta1im,sigma1re,sigma1im,mu1re,mu1im,alpha0,alpha1,b_star,corresponding_negative_eigenvalues
0.2,0.3,1,1.1,1.0,-2.6999999999999997,1,1.1,0.2,0.3,-0.5,-0.899999999999999,0.0,0.0,"[0.24 0.25 0.26 0.27 0.28 0.29 0.3  0.31 0.32 0.33 0.34 0.35 0.36 0.37
 0.38 0.39 0.4  0.41 0.42 0.43 0.44 0.45 0.46 0.47 0.48 0.49 0.5  0.51
 0.52 0.53 0.54 0.55 0.56 0.57 0.58 0.59 0.6  0.61 0.62 0.63 0.64 0.65
 0.66 0.67 0.68 0.69 0.7  0.71 0.72 0.73 0.74 0.75 0.76 0.77 0.78 0.79
 0.8  0.81 0.82 0.83 0.84 0.85 0.86 0.87 0.88 0.89 0.9  0.91 0.92 0.93
 0.94 0.95 0.96 0.97 0.98 0.99 1.   1.01 1.02 1.03 1.04 1.05 1.06 1.07
 1.08 1.09 1.1  1.11 1.12 1.13 1.14 1.15 1.16 1.17 1.18 1.19 1.2  1.21
 1.22 1.23 1.24 1.25 1.26 1.27 1.28 1.29 1.3  1.31 1.32 1.33 1.34 1.35
 1.36 1.37 1.38]","[-0.0205532  -0.05144774 -0.10255666 -0.15737099 -0.15581928 -0.15427023
 -0.15272392 -0.15118037 -0.14963964 -0.14810177 -0.1465668  -0.14503475
 -0.14350565 -0.14197954 -0.14045644 -0.13893636 -0.13741933 -0.13590535
 -0.13439445 -0.13288663 -0.13138189 -0.12988025 -0.1283817  -0.12688624
 -0.12539387 -0.12390459 -0.12241838 -0.12093524 -0.11945516 -0.11797813
 -0.11650412 -0.11503314 -0.11356515 -0.11210014 -0.11063809 -0.10917898
 -0.10772279 -0.1062695  -0.10481907 -0.10337149 -0.10192673 -0.10048476
 -0.09904556 -0.0976091  -0.09617534 -0.09474426 -0.09331583 -0.09189002
 -0.0904668  -0.08904614 -0.087628   -0.08621236 -0.08479919 -0.08338844
 -0.0819801  -0.08057412 -0.07917048 -0.07776915 -0.07637009 -0.07497326
 -0.07357864 -0.0721862  -0.07079591 -0.06940772 -0.06802162 -0.06663756
 -0.06525552 -0.06387547 -0.06249737 -0.0611212  -0.05974692 -0.05837451
 -0.05700393 -0.05563515 -0.05426815 -0.05290289 -0.05153935 -0.0501775
 -0.0488173  -0.04745874 -0.04610178 -0.04474639 -0.04339256 -0.04204025
 -0.04068943 -0.03934008 -0.03799218 -0.03664569 -0.0353006  -0.03395687
 -0.03261449 -0.03127342 -0.02993366 -0.02859516 -0.02725791 -0.02592189
 -0.02458707 -0.02325344 -0.02192096 -0.02058962 -0.0192594  -0.01793027
 -0.01660221 -0.01527522 -0.01394925 -0.0126243  -0.01130035 -0.00997737
 -0.00865535 -0.00733426 -0.0060141  -0.00469484 -0.00337647 -0.00205896
 -0.00074231]"
