sigma0re,sigma0im,beta0re,beta0im,mu0re,mu0im,beta1re,beta1im,sigma1re,sigma1im,mu1re,mu1im,alpha0,alpha1,b_star,corresponding_negative_eigenvalues
0.2,0.3,1,1.1,1.0,-0.5999999999999979,1,1.1,0.2,0.3,-0.5,-0.9999999999999991,0.1,0.1,"[0.01 0.02 0.03 0.04 0.05 0.06 0.07 0.08 0.09 0.1  0.11 0.12 0.13 0.14
 0.15 0.16 0.17 0.18 0.19 0.2  0.21 0.22 0.23 0.24 0.25 0.26 0.27 0.28
 0.29 0.3  0.31 0.32 0.33 0.34 0.35 0.36 0.37 0.38 0.39 0.4  0.41 0.42
 0.43 0.44 0.45 0.46 0.47 0.48]","[-0.00026237 -0.00105137 -0.00237266 -0.00423565 -0.00665338 -0.00964218
 -0.01322065 -0.01740737 -0.02221574 -0.02764309 -0.03364837 -0.04011049
 -0.04676394 -0.05314504 -0.05865581 -0.06281582 -0.06549317 -0.06686187
 -0.06720801 -0.0667978  -0.06583733 -0.0644758  -0.06281916 -0.06094281
 -0.05890098 -0.05673328 -0.05446906 -0.0521304  -0.04973412 -0.04729322
 -0.04481784 -0.04231597 -0.03979399 -0.03725701 -0.03470915 -0.03215376
 -0.02959359 -0.0270309  -0.02446754 -0.02190506 -0.01934473 -0.01678761
 -0.0142346  -0.01168644 -0.00914374 -0.00660702 -0.00407671 -0.00155318]"
