sigma0re,sigma0im,beta0re,beta0im,mu0re,mu0im,beta1re,beta1im,sigma1re,sigma1im,mu1re,mu1im,alpha0,alpha1,b_star,corresponding_negative_eigenvalues
0.2,0.3,1,1.1,1.0,1.3000000000000043,1,1.1,0.2,0.3,-0.5,0.10000000000000187,0.1,0.1,"[0.01 0.02 0.03 0.04 0.05 0.06 0.07 0.08 0.09 0.1  0.11 0.12 0.13 0.14
 0.15 0.16 0.17 0.18 0.19 0.2  0.21 0.22 0.23 0.24 0.25 0.26 0.27 0.28
 0.29 0.3  0.31 0.32 0.33 0.34 4.93 4.94 4.95 4.96 4.97 4.98 4.99 5.  ]","[-6.82849393e-05 -2.72017479e-04 -6.07812112e-04 -1.06996689e-03
 -1.65038433e-03 -2.33848184e-03 -3.12111416e-03 -3.98253887e-03
 -4.90446283e-03 -5.86621255e-03 -6.84506983e-03 -7.81680359e-03
 -8.75640623e-03 -9.63900824e-03 -1.04409049e-02 -1.11405922e-02
 -1.17196889e-02 -1.21636308e-02 -1.24620542e-02 -1.26088438e-02
 -1.26018728e-02 -1.24425084e-02 -1.21349761e-02 -1.16856745e-02
 -1.11025164e-02 -1.03943437e-02 -9.57044448e-03 -8.64017636e-03
 -7.61269024e-03 -6.49674053e-03 -5.30056540e-03 -4.03182093e-03
 -2.69755500e-03 -1.30420896e-03 -2.31564736e-03 -6.02632499e-03
 -9.76150572e-03 -1.35212574e-02 -1.73056481e-02 -2.11147460e-02
 -2.49486194e-02 -2.88073368e-02]"
