sigma0re,sigma0im,beta0re,beta0im,mu0re,mu0im,beta1re,beta1im,sigma1re,sigma1im,mu1re,mu1im,alpha0,alpha1,b_star,corresponding_negative_eigenvalues
0.2,0.3,1,1.1,1.0,1.1000000000000032,1,1.1,0.2,0.3,-0.5,1.1000000000000028,0.1,0.1,"[0.33 0.34 0.35 0.36 0.37 0.38 0.39 0.4  0.41 0.42 0.43 0.44 0.45 0.46
 0.47 0.48 0.49 0.5  0.51 0.52 0.53 0.54 0.55 0.56 0.57 0.58 0.59 0.6
 0.61 0.62 0.63 0.64 0.65 0.66 0.67 0.68 0.69 0.7  0.71 0.72 0.73 0.74
 0.75 0.76 0.77 0.78 0.79 0.8  0.81 0.82 0.83 0.84 0.85 0.86 0.87 0.88
 0.89 0.9  0.91 0.92 0.93 0.94 0.95 0.96 0.97 0.98 0.99 1.   1.01 1.02
 1.03 1.04 1.05 1.06 1.07 1.08 1.09 1.1  1.11 1.12 1.13 1.14 1.15]","[-0.01426958 -0.03821875 -0.07982039 -0.11312255 -0.11126359 -0.10942542
 -0.10760732 -0.10580863 -0.10402867 -0.10226684 -0.10052251 -0.09879511
 -0.09708409 -0.09538891 -0.09370907 -0.09204406 -0.09039342 -0.0887567
 -0.08713347 -0.08552331 -0.08392583 -0.08234064 -0.08076739 -0.07920573
 -0.07765531 -0.07611583 -0.07458697 -0.07306844 -0.07155995 -0.07006125
 -0.06857207 -0.06709217 -0.0656213  -0.06415924 -0.06270577 -0.06126069
 -0.05982379 -0.05839489 -0.05697379 -0.05556033 -0.05415433 -0.05275564
 -0.0513641  -0.04997956 -0.04860187 -0.04723092 -0.04586656 -0.04450866
 -0.04315712 -0.04181181 -0.04047263 -0.03913947 -0.03781222 -0.03649081
 -0.03517512 -0.03386508 -0.03256059 -0.03126158 -0.02996797 -0.02867969
 -0.02739666 -0.02611882 -0.0248461  -0.02357844 -0.02231578 -0.02105806
 -0.01980523 -0.01855723 -0.01731402 -0.01607555 -0.01484177 -0.01361264
 -0.01238812 -0.01116817 -0.00995274 -0.00874181 -0.00753534 -0.00633329
 -0.00513564 -0.00394235 -0.0027534  -0.00156876 -0.0003884 ]"
