sigma0re,sigma0im,beta0re,beta0im,mu0re,mu0im,beta1re,beta1im,sigma1re,sigma1im,mu1re,mu1im,alpha0,alpha1,b_star,corresponding_negative_eigenvalues
0.2,0.3,1,1.1,1.0,0.9000000000000035,1,1.1,0.2,0.3,-0.5,1.0000000000000027,0.0,0.0,"[0.3  0.31 0.32 0.33 0.34 0.35 0.36 0.37 0.38 0.39 0.4  0.41 0.42 0.43
 0.44 0.45 0.46 0.47 0.48 0.49 0.5  0.51 0.52 0.53 0.54 0.55 0.56 0.57
 0.58 0.59 0.6  0.61 0.62 0.63 0.64 0.65 0.66 0.67 0.68]","[-0.02362683 -0.08553362 -0.08816512 -0.08554593 -0.082948   -0.08037027
 -0.07781172 -0.07527143 -0.07274851 -0.07024213 -0.0677515  -0.06527589
 -0.06281458 -0.06036694 -0.05793232 -0.05551015 -0.05309985 -0.0507009
 -0.04831279 -0.04593505 -0.04356721 -0.04120885 -0.03885956 -0.03651894
 -0.03418661 -0.03186223 -0.02954544 -0.02723593 -0.02493339 -0.02263752
 -0.02034804 -0.01806468 -0.01578717 -0.01351528 -0.01124876 -0.00898738
 -0.00673093 -0.00447921 -0.00223201]"
