sigma0re,sigma0im,beta0re,beta0im,mu0re,mu0im,beta1re,beta1im,sigma1re,sigma1im,mu1re,mu1im,alpha0,alpha1,b_star,corresponding_negative_eigenvalues
0.2,0.3,1,1.1,1.0,0.8000000000000034,1,1.1,0.2,0.3,-0.5,0.8000000000000025,0.0,0.0,"[0.28 0.29 0.3  0.31 0.32 0.33 0.34 0.35 0.36 0.37 0.38 0.39 0.4  0.41
 0.42 0.43 0.44 0.45 0.46 0.47 0.48 0.49 0.5  0.51 0.52 0.53 0.54 0.55
 0.56 0.57 0.58 0.59 0.6  0.61 0.62 0.63 0.64 0.65 0.66 0.67 0.68 0.69
 0.7  0.71 0.72 0.73 0.74 0.75 0.76 0.77 0.78 0.79 0.8 ]","[-2.30122662e-04 -1.72149595e-02 -4.22821576e-02 -9.40380344e-02
 -9.19103411e-02 -8.97944275e-02 -8.76904122e-02 -8.55982980e-02
 -8.35180010e-02 -8.14493735e-02 -7.93922202e-02 -7.73463113e-02
 -7.53113928e-02 -7.32871932e-02 -7.12734303e-02 -6.92698150e-02
 -6.72760550e-02 -6.52918579e-02 -6.33169328e-02 -6.13509919e-02
 -5.93937520e-02 -5.74449352e-02 -5.55042697e-02 -5.35714901e-02
 -5.16463378e-02 -4.97285613e-02 -4.78179161e-02 -4.59141649e-02
 -4.40170776e-02 -4.21264312e-02 -4.02420096e-02 -3.83636035e-02
 -3.64910106e-02 -3.46240347e-02 -3.27624863e-02 -3.09061820e-02
 -2.90549445e-02 -2.72086021e-02 -2.53669889e-02 -2.35299446e-02
 -2.16973140e-02 -1.98689470e-02 -1.80446984e-02 -1.62244280e-02
 -1.44079999e-02 -1.25952828e-02 -1.07861497e-02 -8.98047757e-03
 -7.17814747e-03 -5.37904431e-03 -3.58305666e-03 -1.79007669e-03
 -2.77555756e-16]"
