sigma0re,sigma0im,beta0re,beta0im,mu0re,mu0im,beta1re,beta1im,sigma1re,sigma1im,mu1re,mu1im,alpha0,alpha1,b_star,corresponding_negative_eigenvalues
0.2,0.3,1,1.1,1.0,2.0000000000000044,1,1.1,0.2,0.3,-0.5,0.10000000000000187,0.0,0.0,"[0.01 0.02 0.03 0.04 0.05 0.06 0.07 0.08 0.09 0.1  0.11 0.12 0.13 0.14
 0.15 0.16 0.17 0.18 0.19]","[-0.00011018 -0.00043684 -0.00096818 -0.00168398 -0.00255489 -0.00354172
 -0.00459505 -0.00565567 -0.00665637 -0.0075255  -0.00819227 -0.00859323
 -0.00867827 -0.00841485 -0.00778918 -0.00680453 -0.00547751 -0.00383353
 -0.00190269]"
