sigma0re,sigma0im,beta0re,beta0im,mu0re,mu0im,beta1re,beta1im,sigma1re,sigma1im,mu1re,mu1im,alpha0,alpha1,b_star,corresponding_negative_eigenvalues
0.2,0.3,1,1.1,1.0,-1.9999999999999991,1,1.1,0.2,0.3,-0.5,-0.2999999999999985,0.1,0.1,"[0.32 0.33 0.34 0.35 0.36 0.37 0.38 0.39 0.4  0.41 0.42 0.43 0.44 0.45
 0.46 0.47 4.53 4.54 4.55 4.56 4.57 4.58 4.59 4.6  4.61 4.62 4.63 4.64
 4.65 4.66 4.67 4.68 4.69 4.7  4.71 4.72 4.73 4.74 4.75 4.76 4.77 4.78
 4.79 4.8  4.81 4.82 4.83 4.84 4.85 4.86 4.87 4.88 4.89 4.9  4.91 4.92
 4.93 4.94 4.95 4.96 4.97 4.98 4.99 5.  ]","[-0.00050631 -0.03744251 -0.03487192 -0.03229085 -0.02970287 -0.02711093
 -0.02451747 -0.02192452 -0.01933376 -0.01674662 -0.01416429 -0.01158779
 -0.00901797 -0.00645556 -0.00390117 -0.00135535 -0.00082255 -0.00422695
 -0.00765421 -0.01110436 -0.01457745 -0.01807353 -0.02159263 -0.02513481
 -0.0287001  -0.03228855 -0.0359002  -0.0395351  -0.04319328 -0.04687479
 -0.05057967 -0.05430798 -0.05805974 -0.061835   -0.0656338  -0.06945619
 -0.07330221 -0.0771719  -0.08106531 -0.08498247 -0.08892343 -0.09288823
 -0.09687691 -0.10088951 -0.10492609 -0.10898667 -0.11307129 -0.11718002
 -0.12131287 -0.1254699  -0.12965114 -0.13385664 -0.13808644 -0.14234058
 -0.1466191  -0.15092204 -0.15524944 -0.15960135 -0.1639778  -0.16837884
 -0.1728045  -0.17725483 -0.18172987 -0.18622965]"
