sigma0re,sigma0im,beta0re,beta0im,mu0re,mu0im,beta1re,beta1im,sigma1re,sigma1im,mu1re,mu1im,alpha0,alpha1,b_star,corresponding_negative_eigenvalues
0.2,0.3,1,1.1,1.0,-2.1999999999999993,1,1.1,0.2,0.3,-0.5,-1.9,0.1,0.1,"[0.18 0.19 0.2  0.21 0.22 0.23 0.24 0.25 0.26 0.27 0.28 0.29 0.3  0.31
 0.32 0.33 0.34 0.35 0.36 0.37 0.38 0.39 0.4  0.41 0.42 0.43 0.44 0.45
 0.46 0.47 0.48 0.49 0.5  0.51 0.52 0.53 0.54 0.55 0.56 0.57 0.58 0.59
 0.6  0.61 0.62 0.63 0.64 0.65 0.66 0.67 0.68 0.69 0.7  0.71 0.72 0.73
 0.74 0.75 0.76 0.77 0.78 0.79 0.8  0.81 0.82 0.83 0.84 0.85 0.86 0.87
 0.88 0.89 0.9  0.91 0.92 0.93 0.94 0.95 0.96 0.97 0.98 0.99 1.   1.01
 1.02 1.03 1.04 1.05 1.06 1.07 1.08 1.09 1.1  1.11 1.12 1.13 1.14 1.15
 1.16 1.17 1.18 1.19 1.2  1.21 1.22 1.23 1.24 1.25 1.26 1.27 1.28 1.29
 1.3  1.31 1.32 1.33 1.34 1.35 1.36 1.37 1.38 1.39 1.4  1.41 1.42]","[-0.00695353 -0.02495067 -0.0464526  -0.07268902 -0.10617478 -0.15421008
 -0.15629998 -0.15450444 -0.15270926 -0.15091422 -0.14911915 -0.14732384
 -0.14552811 -0.14373176 -0.14193462 -0.14013652 -0.13833726 -0.13653671
 -0.1347347  -0.13293109 -0.13112575 -0.12931856 -0.12750944 -0.12569829
 -0.12388506 -0.12206971 -0.12025224 -0.11843265 -0.11661099 -0.11478734
 -0.11296183 -0.1111346  -0.10930585 -0.10747582 -0.10564478 -0.10381308
 -0.10198109 -0.10014924 -0.09831802 -0.09648795 -0.09465963 -0.0928337
 -0.09101085 -0.08919182 -0.0873774  -0.08556843 -0.08376578 -0.08197038
 -0.08018318 -0.07840516 -0.07663733 -0.07488073 -0.0731364  -0.07140539
 -0.06968878 -0.06798761 -0.06630293 -0.06463579 -0.06298719 -0.06135814
 -0.05974959 -0.05816247 -0.05659766 -0.055056   -0.0535383  -0.05204528
 -0.05057764 -0.04913599 -0.0477209  -0.04633287 -0.04497232 -0.04363962
 -0.04233504 -0.04105881 -0.03981107 -0.03859188 -0.03740123 -0.03623902
 -0.03510511 -0.03399924 -0.03292109 -0.03187028 -0.03084633 -0.02984871
 -0.0288768  -0.02792993 -0.02700735 -0.02610826 -0.02523179 -0.02437703
 -0.02354302 -0.02272876 -0.02193319 -0.02115525 -0.02039384 -0.01964785
 -0.01891614 -0.01819759 -0.01749107 -0.01679546 -0.01610966 -0.0154326
 -0.01476322 -0.0141005  -0.01344347 -0.01279119 -0.01214277 -0.01149738
 -0.01085422 -0.01021256 -0.00957173 -0.00893111 -0.00829013 -0.00764827
 -0.00700509 -0.00636018 -0.00571318 -0.0050638  -0.00441177 -0.00375688
 -0.00309895 -0.00243786 -0.00177351 -0.00110582 -0.00043477]"
