sigma0re,sigma0im,beta0re,beta0im,mu0re,mu0im,beta1re,beta1im,sigma1re,sigma1im,mu1re,mu1im,alpha0,alpha1,b_star,corresponding_negative_eigenvalues
0.2,0.3,1,1.1,1.0,-0.09999999999999742,1,1.1,0.2,0.3,-0.5,-0.49999999999999867,0.0,0.0,"[0.01 0.02 0.03 0.04 0.05 0.06 0.07 0.08 0.09 0.1  0.11 0.12 0.13 0.14
 0.15 0.16 0.17 0.18 0.19]","[-2.75266875e-05 -1.08929826e-04 -2.40700172e-04 -4.17062822e-04
 -6.30094757e-04 -8.69901482e-04 -1.12486135e-03 -1.38194370e-03
 -1.62710145e-03 -1.84573023e-03 -2.02317578e-03 -2.14526106e-03
 -2.19879646e-03 -2.17203382e-03 -2.05502810e-03 -1.83988032e-03
 -1.52084951e-03 -1.09433686e-03 -5.58758910e-04]"
