sigma0re,sigma0im,beta0re,beta0im,mu0re,mu0im,beta1re,beta1im,sigma1re,sigma1im,mu1re,mu1im,alpha0,alpha1,b_star,corresponding_negative_eigenvalues
0.2,0.3,1,1.1,1.0,-0.5999999999999979,1,1.1,0.2,0.3,-0.5,-1.1999999999999993,0.1,0.1,"[0.01 0.02 0.03 0.04 0.05 0.06 0.07 0.08 0.09 0.1  0.11 0.12 0.13 0.14
 0.15 0.16 0.17 0.18 0.19 0.2  0.21 0.22 0.23 0.24 0.25 0.26 0.27 0.28
 0.29 0.3  0.31 0.32 0.33 0.34 0.35 0.36 0.37 0.38 0.39 0.4  0.41]","[-0.00031509 -0.00126362 -0.00285546 -0.00510726 -0.00804264 -0.01169202
 -0.01609131 -0.02127744 -0.02727584 -0.03406845 -0.04151889 -0.04923021
 -0.05640832 -0.06206332 -0.06564997 -0.0673259  -0.06756438 -0.06680626
 -0.06536856 -0.0634629  -0.06122914 -0.05876103 -0.05612277 -0.05335933
 -0.05050288 -0.04757688 -0.04459876 -0.04158164 -0.03853552 -0.03546814
 -0.03238553 -0.02929241 -0.02619255 -0.02308893 -0.01998395 -0.01687952
 -0.01377719 -0.01067821 -0.00758361 -0.00449418 -0.0014106 ]"
