sigma0re,sigma0im,beta0re,beta0im,mu0re,mu0im,beta1re,beta1im,sigma1re,sigma1im,mu1re,mu1im,alpha0,alpha1,b_star,corresponding_negative_eigenvalues
0.2,0.3,1,1.1,1.0,2.3000000000000043,1,1.1,0.2,0.3,-0.5,0.30000000000000204,0.0,0.0,"[0.01 0.02 0.03 0.04 0.05 0.06 0.07 0.08 0.09 0.1  0.11 0.12 0.13 0.14
 0.15 0.16 0.17 0.18 0.19 0.2  0.21 0.22 0.23 0.24 0.25 0.26 0.27 0.28
 0.29 0.3  0.31 0.32 0.33 0.34 0.35 0.36 0.37 0.38 0.39]","[-0.00038166 -0.00153187 -0.00346655 -0.00621292 -0.00981031 -0.01431059
 -0.01977634 -0.02627145 -0.0338289  -0.04235496 -0.05139607 -0.05982809
 -0.06616355 -0.06976534 -0.0710924  -0.0708699  -0.06964632 -0.06777089
 -0.06545996 -0.06284986 -0.06002907 -0.05705676 -0.05397361 -0.05080827
 -0.04758134 -0.0443079  -0.04099915 -0.03766353 -0.03430743 -0.03093577
 -0.02755233 -0.02416004 -0.02076121 -0.0173576  -0.0139506  -0.01054131
 -0.00713055 -0.00371897 -0.00030706]"
