sigma0re,sigma0im,beta0re,beta0im,mu0re,mu0im,beta1re,beta1im,sigma1re,sigma1im,mu1re,mu1im,alpha0,alpha1,b_star,corresponding_negative_eigenvalues
0.2,0.3,1,1.1,1.0,2.800000000000005,1,1.1,0.2,0.3,-0.5,0.7000000000000024,0.0,0.0,"[0.17 0.18 0.19 0.2  0.21 0.22 0.23 0.24 0.25 0.26 0.27 0.28 0.29 0.3
 0.31 0.32 0.33 0.34 0.35 0.36 0.37 0.38 0.39 0.4  0.41 0.42 0.43 0.44
 0.45 0.46 0.47 0.48 0.49 0.5  0.51 0.52 0.53 0.54 0.55 0.56 0.57 0.58
 0.59 0.6  0.61 0.62 0.63 0.64 0.65 0.66 0.67 0.68 0.69 0.7  0.71 0.72
 0.73 0.74 0.75 0.76 0.77 0.78 0.79 0.8 ]","[-5.05409606e-03 -1.45962747e-02 -2.53740320e-02 -3.75233211e-02
 -5.12310913e-02 -6.67620429e-02 -8.45080622e-02 -1.05089364e-01
 -1.29594646e-01 -1.27732575e-01 -1.25118054e-01 -1.22516978e-01
 -1.19929184e-01 -1.17354490e-01 -1.14792696e-01 -1.12243583e-01
 -1.09706923e-01 -1.07182475e-01 -1.04669987e-01 -1.02169203e-01
 -9.96798595e-02 -9.72016897e-02 -9.47344238e-02 -9.22777902e-02
 -8.98315171e-02 -8.73953331e-02 -8.49689678e-02 -8.25521531e-02
 -8.01446231e-02 -7.77461154e-02 -7.53563708e-02 -7.29751342e-02
 -7.06021550e-02 -6.82371868e-02 -6.58799882e-02 -6.35303226e-02
 -6.11879587e-02 -5.88526702e-02 -5.65242361e-02 -5.42024408e-02
 -5.18870739e-02 -4.95779304e-02 -4.72748105e-02 -4.49775199e-02
 -4.26858692e-02 -4.03996746e-02 -3.81187569e-02 -3.58429422e-02
 -3.35720617e-02 -3.13059510e-02 -2.90444508e-02 -2.67874064e-02
 -2.45346675e-02 -2.22860884e-02 -2.00415278e-02 -1.78008485e-02
 -1.55639174e-02 -1.33306057e-02 -1.11007882e-02 -8.87434373e-03
 -6.65115481e-03 -4.43110756e-03 -2.21409160e-03 -7.77156117e-16]"
