sigma0re,sigma0im,beta0re,beta0im,mu0re,mu0im,beta1re,beta1im,sigma1re,sigma1im,mu1re,mu1im,alpha0,alpha1,b_star,corresponding_negative_eigenvalues
0.2,0.3,1,1.1,1.0,0.7000000000000033,1,1.1,0.2,0.3,-0.5,1.400000000000003,0.1,0.1,[0.35 0.36 0.37 0.38 0.39 0.4  0.41 0.42 0.43 0.44],"[-0.03201864 -0.02875166 -0.02549533 -0.02224935 -0.0190134  -0.01578714
 -0.01257025 -0.00936237 -0.0061632  -0.00297242]"
