sigma0re,sigma0im,beta0re,beta0im,mu0re,mu0im,beta1re,beta1im,sigma1re,sigma1im,mu1re,mu1im,alpha0,alpha1,b_star,corresponding_negative_eigenvalues
0.2,0.3,1,1.1,1.0,1.1000000000000032,1,1.1,0.2,0.3,-0.5,1.500000000000003,0.0,0.0,"[0.28 0.29 0.3  0.31 0.32 0.33 0.34 0.35 0.36 0.37 0.38 0.39 0.4  0.41
 0.42 0.43 0.44 0.45 0.46 0.47 0.48 0.49 0.5  0.51 0.52 0.53 0.54]","[-0.04165514 -0.08234272 -0.07886149 -0.07540422 -0.07196964 -0.06855656
 -0.06516384 -0.06179039 -0.05843519 -0.05509727 -0.05177572 -0.04846966
 -0.04517827 -0.04190078 -0.03863643 -0.03538454 -0.03214443 -0.02891548
 -0.02569709 -0.0224887  -0.01928977 -0.0160998  -0.0129183  -0.00974481
 -0.00657891 -0.00342017 -0.00026821]"
