sigma0re,sigma0im,beta0re,beta0im,mu0re,mu0im,beta1re,beta1im,sigma1re,sigma1im,mu1re,mu1im,alpha0,alpha1,b_star,corresponding_negative_eigenvalues
0.2,0.3,1,1.1,1.0,-0.699999999999998,1,1.1,0.2,0.3,-0.5,-0.6999999999999988,0.0,0.0,"[0.01 0.02 0.03 0.04 0.05 0.06 0.07 0.08 0.09 0.1  0.11 0.12 0.13 0.14
 0.15 0.16 0.17 0.18 0.19 0.2  0.21 0.22 0.23 0.24 0.25 0.26 0.27 0.28
 0.29 0.3  0.31 0.32 0.33 0.34 0.35 0.36 0.37 0.38 0.39 0.4  0.41 0.42
 0.43 0.44 0.45 0.46 0.47 0.48 0.49 0.5  0.51 0.52 0.53 0.54 0.55 0.56
 0.57 0.58 0.59 0.6  0.61 0.62 0.63 0.64 0.65 0.66 0.67 0.68 0.69 0.7
 0.71 0.72 0.73 0.74 0.75 0.76 0.77 0.78 0.79 0.8 ]","[-2.70929079e-04 -1.08617847e-03 -2.45323464e-03 -4.38491409e-03
 -6.89989094e-03 -1.00234679e-02 -1.37886019e-02 -1.82371410e-02
 -2.34210446e-02 -2.94028140e-02 -3.62527723e-02 -4.40362582e-02
 -5.27711717e-02 -6.23080218e-02 -7.20734513e-02 -8.08758334e-02
 -8.75074374e-02 -9.17364985e-02 -9.40969744e-02 -9.51931748e-02
 -9.54564481e-02 -9.51621842e-02 -9.44844780e-02 -9.35358000e-02
 -9.23909937e-02 -9.11013575e-02 -8.97030123e-02 -8.82220037e-02
 -8.66775044e-02 -8.50838828e-02 -8.34520747e-02 -8.17905155e-02
 -8.01057872e-02 -7.84030773e-02 -7.66865095e-02 -7.49593858e-02
 -7.32243666e-02 -7.14836069e-02 -6.97388592e-02 -6.79915537e-02
 -6.62428602e-02 -6.44937369e-02 -6.27449688e-02 -6.09971991e-02
 -5.92509536e-02 -5.75066606e-02 -5.57646678e-02 -5.40252551e-02
 -5.22886459e-02 -5.05550162e-02 -4.88245020e-02 -4.70972057e-02
 -4.53732012e-02 -4.36525389e-02 -4.19352484e-02 -4.02213428e-02
 -3.85108204e-02 -3.68036675e-02 -3.50998605e-02 -3.33993667e-02
 -3.17021468e-02 -3.00081551e-02 -2.83173414e-02 -2.66296512e-02
 -2.49450268e-02 -2.32634079e-02 -2.15847323e-02 -1.99089360e-02
 -1.82359540e-02 -1.65657205e-02 -1.48981690e-02 -1.32332331e-02
 -1.15708463e-02 -9.91094210e-03 -8.25345465e-03 -6.59831842e-03
 -4.94546856e-03 -3.29484095e-03 -1.64637224e-03 -1.66533454e-16]"
