sigma0re,sigma0im,beta0re,beta0im,mu0re,mu0im,beta1re,beta1im,sigma1re,sigma1im,mu1re,mu1im,alpha0,alpha1,b_star,corresponding_negative_eigenvalues
0.2,0.3,1,1.1,1.0,0.5000000000000031,1,1.1,0.2,0.3,-0.5,0.8000000000000025,0.0,0.0,"[0.3  0.31 0.32 0.33 0.34 0.35 0.36 0.37 0.38 0.39 0.4  0.41 0.42 0.43
 0.44 0.45]","[-0.03720715 -0.03511068 -0.03295769 -0.03075723 -0.02851674 -0.02624234
 -0.02393913 -0.02161133 -0.0192625  -0.01689563 -0.01451322 -0.01211741
 -0.00971001 -0.00729256 -0.00486637 -0.00243256]"
