sigma0re,sigma0im,beta0re,beta0im,mu0re,mu0im,beta1re,beta1im,sigma1re,sigma1im,mu1re,mu1im,alpha0,alpha1,b_star,corresponding_negative_eigenvalues
0.2,0.3,1,1.1,1.0,-0.699999999999998,1,1.1,0.2,0.3,-0.5,-1.3999999999999995,0.0,0.0,"[0.01 0.02 0.03 0.04 0.05 0.06 0.07 0.08 0.09 0.1  0.11 0.12 0.13 0.14
 0.15 0.16 0.17 0.18 0.19 0.2  0.21 0.22 0.23 0.24 0.25 0.26 0.27 0.28
 0.29 0.3  0.31 0.32 0.33 0.34 0.35 0.36 0.37]","[-0.00054274 -0.0021867  -0.00498158 -0.00901924 -0.01445104 -0.02152224
 -0.03064366 -0.04254974 -0.05860678 -0.07942315 -0.09273999 -0.09545079
 -0.09445284 -0.09202343 -0.08891424 -0.0854393  -0.08175253 -0.07793776
 -0.07404414 -0.07010198 -0.06613071 -0.06214312 -0.05814776 -0.05415042
 -0.05015502 -0.04616419 -0.04217969 -0.03820263 -0.03423366 -0.03027312
 -0.02632111 -0.02237757 -0.01844231 -0.01451507 -0.01059551 -0.00668328
 -0.00277798]"
