sigma0re,sigma0im,beta0re,beta0im,mu0re,mu0im,beta1re,beta1im,sigma1re,sigma1im,mu1re,mu1im,alpha0,alpha1,b_star,corresponding_negative_eigenvalues
0.2,0.3,1,1.1,1.0,0.9000000000000035,1,1.1,0.2,0.3,-0.5,1.300000000000003,0.1,0.1,"[0.34 0.35 0.36 0.37 0.38 0.39 0.4  0.41 0.42 0.43 0.44 0.45 0.46 0.47
 0.48 0.49 0.5  0.51 0.52 0.53 0.54 0.55 0.56 0.57 0.58 0.59 0.6  0.61
 0.62]","[-0.01164664 -0.07039746 -0.06768005 -0.06498343 -0.06230658 -0.05964857
 -0.05700851 -0.05438557 -0.05177899 -0.04918803 -0.04661202 -0.04405029
 -0.04150227 -0.03896737 -0.03644506 -0.03393484 -0.03143624 -0.0289488
 -0.02647212 -0.0240058  -0.02154945 -0.01910274 -0.01666534 -0.01423692
 -0.0118172  -0.0094059  -0.00700276 -0.00460753 -0.00221998]"
