sigma0re,sigma0im,beta0re,beta0im,mu0re,mu0im,beta1re,beta1im,sigma1re,sigma1im,mu1re,mu1im,alpha0,alpha1,b_star,corresponding_negative_eigenvalues
0.2,0.3,1,1.1,1.0,0.7000000000000033,1,1.1,0.2,0.3,-0.5,0.20000000000000195,0.0,0.0,"[0.01 0.02 0.03 0.04 0.05 0.06 0.07 0.08 0.09 0.1  0.11 0.12 0.13 0.14
 0.15 0.16 0.17 0.18 0.19 0.2  0.21 0.22 0.23 0.24 0.25 0.26 0.27 0.28
 0.29 0.3  0.31 0.32 0.33 0.34 0.35 0.36 0.37 0.38 0.39 0.4  0.41 0.42
 0.43 0.44 0.45 0.46 0.47 0.48 0.49 0.5  0.51 0.52 0.53 0.54 0.55 0.56
 0.57 0.58 0.59 0.6  0.61 0.62 0.63 0.64 0.65 0.66 0.67 0.68 0.69 0.7
 0.71 0.72 0.73 0.74 0.75 0.76 0.77 0.78 0.79 0.8  0.81 0.82 0.83 0.84
 0.85 0.86 0.87 0.88 0.89 0.9  0.91 0.92 0.93 0.94 0.95 0.96 0.97 0.98
 0.99]","[-7.72932369e-05 -3.08490773e-04 -6.91538632e-04 -1.22298972e-03
 -1.89797188e-03 -2.71015071e-03 -3.65169499e-03 -4.71325477e-03
 -5.88396433e-03 -7.15148359e-03 -8.50209165e-03 -9.92084490e-03
 -1.13918076e-02 -1.28983568e-02 -1.44235546e-02 -1.59505704e-02
 -1.74631275e-02 -1.89459400e-02 -2.03851068e-02 -2.17684297e-02
 -2.30856333e-02 -2.43284765e-02 -2.54907555e-02 -2.65682135e-02
 -2.75583758e-02 -2.84603355e-02 -2.92745123e-02 -3.00024063e-02
 -3.06463618e-02 -3.12093516e-02 -3.16947891e-02 -3.21063694e-02
 -3.24479400e-02 -3.27233975e-02 -3.29366096e-02 -3.30913561e-02
 -3.31912872e-02 -3.32398955e-02 -3.32404986e-02 -3.31962293e-02
 -3.31100331e-02 -3.29846690e-02 -3.28227147e-02 -3.26265727e-02
 -3.23984792e-02 -3.21405131e-02 -3.18546050e-02 -3.15425473e-02
 -3.12060035e-02 -3.08465172e-02 -3.04655210e-02 -3.00643445e-02
 -2.96442224e-02 -2.92063016e-02 -2.87516479e-02 -2.82812524e-02
 -2.77960372e-02 -2.72968605e-02 -2.67845222e-02 -2.62597676e-02
 -2.57232921e-02 -2.51757448e-02 -2.46177321e-02 -2.40498207e-02
 -2.34725411e-02 -2.28863894e-02 -2.22918307e-02 -2.16893010e-02
 -2.10792089e-02 -2.04619385e-02 -1.98378501e-02 -1.92072827e-02
 -1.85705549e-02 -1.79279666e-02 -1.72798004e-02 -1.66263223e-02
 -1.59677833e-02 -1.53044200e-02 -1.46364559e-02 -1.39641020e-02
 -1.32875576e-02 -1.26070113e-02 -1.19226413e-02 -1.12346165e-02
 -1.05430965e-02 -9.84823266e-03 -9.15016854e-03 -8.44904008e-03
 -7.74497630e-03 -7.03809964e-03 -6.32852634e-03 -5.61636682e-03
 -4.90172596e-03 -4.18470350e-03 -3.46539426e-03 -2.74388843e-03
 -2.02027185e-03 -1.29462625e-03 -5.67029417e-04]"
