sigma0re,sigma0im,beta0re,beta0im,mu0re,mu0im,beta1re,beta1im,sigma1re,sigma1im,mu1re,mu1im,alpha0,alpha1,b_star,corresponding_negative_eigenvalues
0.2,0.3,1,1.1,1.0,-0.2999999999999976,1,1.1,0.2,0.3,-0.5,-1.7999999999999998,0.0,0.0,"[0.01 0.02 0.03 0.04 0.05 0.06 0.07 0.08 0.09 0.1  0.11 0.12 0.13 0.14
 0.15 0.16 0.17]","[-0.00029774 -0.00118341 -0.0026324  -0.00459694 -0.00699542 -0.00969725
 -0.01250701 -0.0151583  -0.01733595 -0.01873875 -0.01916126 -0.01854143
 -0.01694397 -0.01450448 -0.01137664 -0.00770156 -0.00359642]"
