sigma0re,sigma0im,beta0re,beta0im,mu0re,mu0im,beta1re,beta1im,sigma1re,sigma1im,mu1re,mu1im,alpha0,alpha1,b_star,corresponding_negative_eigenvalues
0.2,0.3,1,1.1,1.0,0.10000000000000275,1,1.1,0.2,0.3,-0.5,0.5000000000000022,0.1,0.1,[0.16 0.17 0.18 0.19 0.2  0.21 0.22 0.23 0.24 0.25 0.26],"[-0.00362926 -0.00367928 -0.00365648 -0.00355641 -0.00337606 -0.00311377
 -0.00276913 -0.00234281 -0.00183639 -0.00125224 -0.00059327]"
