sigma0re,sigma0im,beta0re,beta0im,mu0re,mu0im,beta1re,beta1im,sigma1re,sigma1im,mu1re,mu1im,alpha0,alpha1,b_star,corresponding_negative_eigenvalues
0.2,0.3,1,1.1,1.0,2.9000000000000057,1,1.1,0.2,0.3,-0.5,0.10000000000000187,0.1,0.1,"[0.01 0.02 0.03 0.04 0.05 0.06 0.07 0.08 0.09 0.1  0.11 0.12 0.13 0.14
 0.15 0.16 0.17 0.18 0.19]","[-0.00014841 -0.00058905 -0.0013078  -0.00227981 -0.00346762 -0.00481897
 -0.00626475 -0.00771834 -0.00907775 -0.01023211 -0.01107288 -0.01150767
 -0.01147246 -0.0109378  -0.00990706 -0.00840886 -0.00648719 -0.00419259
 -0.00157577]"
