sigma0re,sigma0im,beta0re,beta0im,mu0re,mu0im,beta1re,beta1im,sigma1re,sigma1im,mu1re,mu1im,alpha0,alpha1,b_star,corresponding_negative_eigenvalues
0.2,0.3,1,1.1,1.0,-1.0999999999999983,1,1.1,0.2,0.3,-0.5,-1.0999999999999992,0.1,0.1,"[0.15 0.16 0.17 0.18 0.19 0.2  0.21 0.22 0.23 0.24 0.25 0.26 0.27 0.28
 0.29 0.3  0.31 0.32 0.33 0.34 0.35 0.36 0.37 0.38 0.39 0.4  0.41 0.42
 0.43 0.44 0.45 0.46 0.47 0.48 0.49 0.5  0.51 0.52 0.53 0.54 0.55 0.56
 0.57 0.58 0.59 0.6  0.61 0.62 0.63 0.64 0.65 0.66 0.67 0.68 0.69 0.7
 0.71 0.72 0.73 0.74 0.75 0.76 0.77 0.78 0.79 0.8  0.81 0.82 0.83 0.84
 0.85 0.86 0.87 0.88 0.89]","[-0.00281572 -0.00787878 -0.01355025 -0.0198531  -0.02681715 -0.03448047
 -0.04289139 -0.05211126 -0.06221866 -0.07331555 -0.08553712 -0.0990678
 -0.11416944 -0.1229861  -0.12049696 -0.11802658 -0.11557479 -0.11314143
 -0.11072635 -0.10832937 -0.10595031 -0.10358901 -0.1012453  -0.098919
 -0.09660995 -0.09431798 -0.09204294 -0.08978467 -0.08754302 -0.08531785
 -0.08310901 -0.08091637 -0.0787398  -0.07657917 -0.07443438 -0.07230531
 -0.07019184 -0.06809389 -0.06601135 -0.06394413 -0.06189216 -0.05985535
 -0.05783362 -0.05582691 -0.05383515 -0.05185829 -0.04989625 -0.047949
 -0.04601648 -0.04409864 -0.04219545 -0.04030687 -0.03843287 -0.0365734
 -0.03472844 -0.03289797 -0.03108196 -0.02928039 -0.02749323 -0.02572048
 -0.0239621  -0.0222181  -0.02048845 -0.01877315 -0.01707217 -0.01538552
 -0.01371317 -0.01205513 -0.01041138 -0.00878191 -0.00716672 -0.0055658
 -0.00397913 -0.00240671 -0.00084852]"
