sigma0re,sigma0im,beta0re,beta0im,mu0re,mu0im,beta1re,beta1im,sigma1re,sigma1im,mu1re,mu1im,alpha0,alpha1,b_star,corresponding_negative_eigenvalues
0.2,0.3,1,1.1,1.0,0.6000000000000032,1,1.1,0.2,0.3,-0.5,1.300000000000003,0.1,0.1,[0.36 0.37 0.38 0.39 0.4  0.41 0.42],"[-0.01932027 -0.01614411 -0.01297075 -0.00980063 -0.0066341  -0.00347139
 -0.00031268]"
