sigma0re,sigma0im,beta0re,beta0im,mu0re,mu0im,beta1re,beta1im,sigma1re,sigma1im,mu1re,mu1im,alpha0,alpha1,b_star,corresponding_negative_eigenvalues
0.2,0.3,1,1.1,1.0,-0.1999999999999975,1,1.1,0.2,0.3,-0.5,-0.5999999999999988,0.1,0.1,"[0.01 0.02 0.03 0.04 0.05 0.06 0.07 0.08 0.09 0.1  0.11 0.12 0.13 0.14
 0.15 0.16 0.17 0.18 0.19 0.2  0.21 0.22 0.23 0.24 0.25 0.26 0.27 0.28
 0.29 0.3 ]","[-5.17115379e-05 -2.05747940e-04 -4.58810016e-04 -8.05386630e-04
 -1.23774545e-03 -1.74593889e-03 -2.31784369e-03 -2.93925663e-03
 -3.59407059e-03 -4.26455375e-03 -4.93174784e-03 -5.57598915e-03
 -6.17753754e-03 -6.71727825e-03 -7.17744106e-03 -7.54226913e-03
 -7.79856894e-03 -7.93608586e-03 -7.94767429e-03 -7.82926110e-03
 -7.57962894e-03 -7.20006519e-03 -6.69393068e-03 -6.06619990e-03
 -5.32301529e-03 -4.47128477e-03 -3.51833932e-03 -2.47165635e-03
 -1.33864708e-03 -1.26501395e-04]"
