sigma0re,sigma0im,beta0re,beta0im,mu0re,mu0im,beta1re,beta1im,sigma1re,sigma1im,mu1re,mu1im,alpha0,alpha1,b_star,corresponding_negative_eigenvalues
0.2,0.3,1,1.1,1.0,1.7000000000000046,1,1.1,0.2,0.3,-0.5,1.500000000000003,0.1,0.1,"[0.27 0.28 0.29 0.3  0.31 0.32 0.33 0.34 0.35 0.36 0.37 0.38 0.39 0.4
 0.41 0.42 0.43 0.44 0.45 0.46 0.47 0.48 0.49 0.5  0.51 0.52 0.53 0.54
 0.55 0.56 0.57 0.58 0.59 0.6  0.61 0.62 0.63 0.64 0.65 0.66 0.67 0.68
 0.69 0.7  0.71 0.72 0.73 0.74 0.75 0.76 0.77 0.78 0.79 0.8  0.81 0.82
 0.83 0.84 0.85 0.86 0.87 0.88 0.89 0.9  0.91 0.92 0.93 0.94 0.95 0.96
 0.97 0.98 0.99 1.   1.01 1.02 1.03 1.04 1.05 1.06 1.07 1.08 1.09 1.1
 1.11 1.12 1.13 1.14 1.15 1.16 1.17 1.18 1.19 1.2  1.21 1.22 1.23 1.24
 1.25 1.26 1.27 1.28 1.29 1.3  1.31 1.32 1.33 1.34 1.35 1.36 1.37 1.38
 1.39 1.4  1.41 1.42 1.43 1.44 1.45 1.46 1.47 1.48 1.49]","[-0.00619205 -0.03121737 -0.06721647 -0.14397656 -0.14231205 -0.14066094
 -0.13902306 -0.13739826 -0.13578634 -0.13418712 -0.1326004  -0.13102599
 -0.12946368 -0.12791326 -0.12637451 -0.12484724 -0.12333122 -0.12182624
 -0.12033209 -0.11884856 -0.11737545 -0.11591253 -0.11445962 -0.1130165
 -0.11158299 -0.11015888 -0.10874399 -0.10733813 -0.10594112 -0.10455278
 -0.10317293 -0.10180142 -0.10043806 -0.09908272 -0.09773522 -0.09639542
 -0.09506316 -0.09373832 -0.09242075 -0.09111032 -0.08980689 -0.08851035
 -0.08722057 -0.08593744 -0.08466085 -0.08339068 -0.08212683 -0.08086921
 -0.0796177  -0.07837223 -0.07713269 -0.07589901 -0.0746711  -0.07344887
 -0.07223225 -0.07102117 -0.06981555 -0.06861533 -0.06742043 -0.0662308
 -0.06504638 -0.0638671  -0.06269291 -0.06152376 -0.06035959 -0.05920035
 -0.05804601 -0.0568965  -0.05575179 -0.05461183 -0.0534766  -0.05234603
 -0.05122011 -0.0500988  -0.04898206 -0.04786985 -0.04676216 -0.04565894
 -0.04456018 -0.04346584 -0.0423759  -0.04129033 -0.04020912 -0.03913223
 -0.03805965 -0.03699136 -0.03592734 -0.03486756 -0.03381202 -0.03276069
 -0.03171356 -0.03067061 -0.02963183 -0.02859721 -0.02756673 -0.02654038
 -0.02551815 -0.02450002 -0.02348599 -0.02247604 -0.02147017 -0.02046836
 -0.01947061 -0.01847692 -0.01748726 -0.01650164 -0.01552004 -0.01454246
 -0.0135689  -0.01259935 -0.01163379 -0.01067224 -0.00971467 -0.00876109
 -0.0078115  -0.00686588 -0.00592424 -0.00498656 -0.00405285 -0.00312311
 -0.00219732 -0.00127549 -0.00035762]"
