sigma0re,sigma0im,beta0re,beta0im,mu0re,mu0im,beta1re,beta1im,sigma1re,sigma1im,mu1re,mu1im,alpha0,alpha1,b_star,corresponding_negative_eigenvalues
0.2,0.3,1,1.1,1.0,1.400000000000004,1,1.1,0.2,0.3,-0.5,1.400000000000003,0.1,0.1,"[0.3  0.31 0.32 0.33 0.34 0.35 0.36 0.37 0.38 0.39 0.4  0.41 0.42 0.43
 0.44 0.45 0.46 0.47 0.48 0.49 0.5  0.51 0.52 0.53 0.54 0.55 0.56 0.57
 0.58 0.59 0.6  0.61 0.62 0.63 0.64 0.65 0.66 0.67 0.68 0.69 0.7  0.71
 0.72 0.73 0.74 0.75 0.76 0.77 0.78 0.79 0.8  0.81 0.82 0.83 0.84 0.85
 0.86 0.87 0.88 0.89 0.9  0.91 0.92 0.93 0.94 0.95 0.96 0.97 0.98 0.99
 1.   1.01 1.02 1.03 1.04 1.05 1.06 1.07 1.08 1.09 1.1 ]","[-0.01738671 -0.04833846 -0.12529121 -0.12328454 -0.12129577 -0.11932447
 -0.11737023 -0.11543262 -0.11351122 -0.11160562 -0.10971539 -0.10784015
 -0.10597949 -0.10413302 -0.10230037 -0.10048116 -0.09867503 -0.09688164
 -0.09510064 -0.09333169 -0.09157448 -0.0898287  -0.08809404 -0.08637022
 -0.08465695 -0.08295396 -0.08126099 -0.07957778 -0.0779041  -0.07623971
 -0.07458438 -0.0729379  -0.07130005 -0.06967064 -0.06804948 -0.06643637
 -0.06483114 -0.06323362 -0.06164365 -0.06006106 -0.05848571 -0.05691745
 -0.05535615 -0.05380166 -0.05225387 -0.05071264 -0.04917787 -0.04764944
 -0.04612724 -0.04461118 -0.04310114 -0.04159705 -0.0400988  -0.03860632
 -0.03711951 -0.03563831 -0.03416264 -0.03269241 -0.03122758 -0.02976806
 -0.02831381 -0.02686475 -0.02542083 -0.023982   -0.0225482  -0.02111938
 -0.01969551 -0.01827653 -0.01686239 -0.01545307 -0.01404852 -0.0126487
 -0.01125358 -0.00986312 -0.00847729 -0.00709607 -0.00571942 -0.00434731
 -0.00297973 -0.00161664 -0.00025802]"
