sigma0re,sigma0im,beta0re,beta0im,mu0re,mu0im,beta1re,beta1im,sigma1re,sigma1im,mu1re,mu1im,alpha0,alpha1,b_star,corresponding_negative_eigenvalues
0.2,0.3,1,1.1,1.0,1.8000000000000043,1,1.1,0.2,0.3,-0.5,1.9000000000000035,0.1,0.1,"[0.25 0.26 0.27 0.28 0.29 0.3  0.31 0.32 0.33 0.34 0.35 0.36 0.37 0.38
 0.39 0.4  0.41 0.42 0.43 0.44 0.45 0.46 0.47 0.48 0.49 0.5  0.51 0.52
 0.53 0.54 0.55 0.56 0.57 0.58 0.59 0.6  0.61 0.62 0.63 0.64 0.65 0.66
 0.67 0.68 0.69 0.7  0.71 0.72 0.73 0.74 0.75 0.76 0.77 0.78 0.79 0.8
 0.81 0.82 0.83 0.84 0.85 0.86 0.87 0.88 0.89 0.9  0.91 0.92 0.93 0.94
 0.95]","[-0.01095872 -0.04812915 -0.13320232 -0.13093291 -0.12867833 -0.12643834
 -0.12421271 -0.12200118 -0.11980351 -0.11761942 -0.11544864 -0.11329089
 -0.11114589 -0.10901338 -0.10689306 -0.10478466 -0.10268791 -0.10060254
 -0.09852827 -0.09646485 -0.09441203 -0.09236954 -0.09033715 -0.08831462
 -0.08630172 -0.08429821 -0.08230389 -0.08031854 -0.07834195 -0.07637394
 -0.07441431 -0.07246287 -0.07051946 -0.06858389 -0.06665601 -0.06473566
 -0.06282269 -0.06091696 -0.05901832 -0.05712665 -0.05524181 -0.05336369
 -0.05149217 -0.04962713 -0.04776848 -0.0459161  -0.04406991 -0.04222981
 -0.04039572 -0.03856754 -0.0367452  -0.03492862 -0.03311774 -0.03131248
 -0.02951277 -0.02771856 -0.02592978 -0.02414638 -0.0223683  -0.0205955
 -0.01882793 -0.01706553 -0.01530828 -0.01355612 -0.01180901 -0.01006693
 -0.00832984 -0.0065977  -0.00487048 -0.00314816 -0.0014307 ]"
