sigma0re,sigma0im,beta0re,beta0im,mu0re,mu0im,beta1re,beta1im,sigma1re,sigma1im,mu1re,mu1im,alpha0,alpha1,b_star,corresponding_negative_eigenvalues
0.2,0.3,1,1.1,1.0,-1.1999999999999984,1,1.1,0.2,0.3,-0.5,-1.1999999999999993,0.1,0.1,"[0.17 0.18 0.19 0.2  0.21 0.22 0.23 0.24 0.25 0.26 0.27 0.28 0.29 0.3
 0.31 0.32 0.33 0.34 0.35 0.36 0.37 0.38 0.39 0.4  0.41 0.42 0.43 0.44
 0.45 0.46 0.47 0.48 0.49 0.5  0.51 0.52 0.53 0.54 0.55 0.56 0.57 0.58
 0.59 0.6  0.61 0.62 0.63 0.64 0.65 0.66 0.67 0.68 0.69 0.7  0.71 0.72
 0.73 0.74 0.75 0.76 0.77 0.78 0.79 0.8  0.81 0.82 0.83 0.84 0.85 0.86
 0.87 0.88 0.89 0.9 ]","[-4.56238890e-03 -1.11190211e-02 -1.84373178e-02 -2.65643324e-02
 -3.55602643e-02 -4.55024551e-02 -5.64913796e-02 -6.86599522e-02
 -8.21886626e-02 -9.73317085e-02 -1.14465817e-01 -1.25947805e-01
 -1.23479571e-01 -1.21025274e-01 -1.18584976e-01 -1.16158729e-01
 -1.13746581e-01 -1.11348570e-01 -1.08964728e-01 -1.06595085e-01
 -1.04239662e-01 -1.01898479e-01 -9.95715513e-02 -9.72588927e-02
 -9.49605135e-02 -9.26764228e-02 -9.04066283e-02 -8.81511367e-02
 -8.59099540e-02 -8.36830860e-02 -8.14705382e-02 -7.92723165e-02
 -7.70884269e-02 -7.49188760e-02 -7.27636711e-02 -7.06228202e-02
 -6.84963321e-02 -6.63842166e-02 -6.42864844e-02 -6.22031473e-02
 -6.01342180e-02 -5.80797101e-02 -5.60396386e-02 -5.40140190e-02
 -5.20028680e-02 -5.00062032e-02 -4.80240428e-02 -4.60564060e-02
 -4.41033125e-02 -4.21647828e-02 -4.02408377e-02 -3.83314986e-02
 -3.64367871e-02 -3.45567251e-02 -3.26913346e-02 -3.08406374e-02
 -2.90046556e-02 -2.71834106e-02 -2.53769237e-02 -2.35852158e-02
 -2.18083069e-02 -2.00462165e-02 -1.82989632e-02 -1.65665645e-02
 -1.48490367e-02 -1.31463951e-02 -1.14586533e-02 -9.78582350e-03
 -8.12791619e-03 -6.48494000e-03 -4.85690160e-03 -3.24380556e-03
 -1.64565417e-03 -6.24473349e-05]"
