sigma0re,sigma0im,beta0re,beta0im,mu0re,mu0im,beta1re,beta1im,sigma1re,sigma1im,mu1re,mu1im,alpha0,alpha1,b_star,corresponding_negative_eigenvalues
0.2,0.3,1,1.1,1.0,1.8000000000000043,1,1.1,0.2,0.3,-0.5,1.8000000000000034,0.1,0.1,"[0.25 0.26 0.27 0.28 0.29 0.3  0.31 0.32 0.33 0.34 0.35 0.36 0.37 0.38
 0.39 0.4  0.41 0.42 0.43 0.44 0.45 0.46 0.47 0.48 0.49 0.5  0.51 0.52
 0.53 0.54 0.55 0.56 0.57 0.58 0.59 0.6  0.61 0.62 0.63 0.64 0.65 0.66
 0.67 0.68 0.69 0.7  0.71 0.72 0.73 0.74 0.75 0.76 0.77 0.78 0.79 0.8
 0.81 0.82 0.83 0.84 0.85 0.86 0.87 0.88 0.89 0.9  0.91 0.92 0.93 0.94
 0.95 0.96 0.97 0.98 0.99 1.   1.01 1.02 1.03 1.04 1.05 1.06]","[-0.00052789 -0.02990339 -0.07715781 -0.13603907 -0.1339559  -0.13188683
 -0.12983166 -0.12779019 -0.12576219 -0.12374743 -0.12174569 -0.11975671
 -0.11778024 -0.11581605 -0.11386389 -0.11192349 -0.10999462 -0.10807703
 -0.10617046 -0.10427468 -0.10238946 -0.10051455 -0.09864973 -0.09679476
 -0.09494945 -0.09311355 -0.09128688 -0.08946923 -0.08766039 -0.08586018
 -0.08406841 -0.08228491 -0.0805095  -0.07874202 -0.07698229 -0.07523018
 -0.07348551 -0.07174816 -0.07001799 -0.06829485 -0.06657863 -0.06486919
 -0.06316642 -0.06147021 -0.05978044 -0.05809702 -0.05641983 -0.0547488
 -0.05308382 -0.05142481 -0.04977168 -0.04812435 -0.04648275 -0.04484681
 -0.04321645 -0.04159161 -0.03997222 -0.03835822 -0.03674956 -0.03514618
 -0.03354803 -0.03195506 -0.03036722 -0.02878447 -0.02720676 -0.02563405
 -0.0240663  -0.02250348 -0.02094555 -0.01939248 -0.01784424 -0.0163008
 -0.01476212 -0.01322819 -0.01169898 -0.01017445 -0.0086546  -0.0071394
 -0.00562883 -0.00412286 -0.00262149 -0.0011247 ]"
