sigma0re,sigma0im,beta0re,beta0im,mu0re,mu0im,beta1re,beta1im,sigma1re,sigma1im,mu1re,mu1im,alpha0,alpha1,b_star,corresponding_negative_eigenvalues
0.2,0.3,1,1.1,1.0,-0.09999999999999742,1,1.1,0.2,0.3,-0.5,-1.7999999999999998,0.1,0.1,[0.01 0.02 0.03 0.04 0.05 0.06 0.07 0.08 0.09 0.1 ],"[-7.18685442e-05 -2.78616806e-04 -5.93509423e-04 -9.71639505e-04
 -1.35010219e-03 -1.64960836e-03 -1.77868324e-03 -1.64122705e-03
 -1.14703440e-03 -2.23140959e-04]"
