sigma0re,sigma0im,beta0re,beta0im,mu0re,mu0im,beta1re,beta1im,sigma1re,sigma1im,mu1re,mu1im,alpha0,alpha1,b_star,corresponding_negative_eigenvalues
0.2,0.3,1,1.1,1.0,1.0000000000000036,1,1.1,0.2,0.3,-0.5,1.1000000000000028,0.1,0.1,"[0.34 0.35 0.36 0.37 0.38 0.39 0.4  0.41 0.42 0.43 0.44 0.45 0.46 0.47
 0.48 0.49 0.5  0.51 0.52 0.53 0.54 0.55 0.56 0.57 0.58 0.59 0.6  0.61
 0.62 0.63 0.64 0.65 0.66 0.67 0.68 0.69 0.7  0.71 0.72 0.73 0.74 0.75
 0.76 0.77 0.78 0.79 0.8  0.81 0.82 0.83 0.84 0.85 0.86 0.87 0.88 0.89
 0.9  0.91 0.92 0.93 0.94 0.95]","[-0.01951641 -0.05104038 -0.10003213 -0.09797723 -0.09594421 -0.09393218
 -0.09194032 -0.08996783 -0.08801397 -0.08607803 -0.08415934 -0.08225726
 -0.08037119 -0.07850054 -0.07664477 -0.07480335 -0.07297581 -0.07116165
 -0.06936045 -0.06757176 -0.06579519 -0.06403034 -0.06227685 -0.06053438
 -0.05880258 -0.05708113 -0.05536975 -0.05366812 -0.05197599 -0.05029309
 -0.04861916 -0.04695397 -0.04529729 -0.0436489  -0.0420086  -0.04037619
 -0.03875148 -0.03713428 -0.03552443 -0.03392177 -0.03232613 -0.03073736
 -0.02915533 -0.0275799  -0.02601094 -0.02444832 -0.02289193 -0.02134164
 -0.01979737 -0.01825899 -0.01672642 -0.01519956 -0.01367832 -0.01216262
 -0.01065237 -0.0091475  -0.00764793 -0.00615359 -0.00466442 -0.00318036
 -0.00170133 -0.00022728]"
