sigma0re,sigma0im,beta0re,beta0im,mu0re,mu0im,beta1re,beta1im,sigma1re,sigma1im,mu1re,mu1im,alpha0,alpha1,b_star,corresponding_negative_eigenvalues
0.2,0.3,1,1.1,1.0,2.600000000000005,1,1.1,0.2,0.3,-0.5,0.40000000000000213,0.0,0.0,"[0.01 0.02 0.03 0.04 0.05 0.06 0.07 0.08 0.09 0.1  0.11 0.12 0.13 0.14
 0.15 0.16 0.17 0.18 0.19 0.2  0.21 0.22 0.23 0.24 0.25 0.26 0.27 0.28
 0.29 0.3  0.31 0.32 0.33 0.34 0.35 0.36 0.37 0.38 0.39 0.4  0.41 0.42
 0.43 0.44 0.45]","[-0.00057625 -0.00232522 -0.00531168 -0.00965898 -0.0155813  -0.02345837
 -0.03403613 -0.04916823 -0.07888378 -0.06026657 -0.05943226 -0.06166614
 -0.06536097 -0.07005344 -0.07556297 -0.08181489 -0.08878548 -0.09648107
 -0.09386165 -0.09003596 -0.08623561 -0.08246143 -0.07871347 -0.0749913
 -0.07129418 -0.06762121 -0.06397136 -0.06034357 -0.05673675 -0.05314982
 -0.04958172 -0.04603142 -0.04249791 -0.03898026 -0.03547754 -0.03198888
 -0.02851346 -0.0250505  -0.02159923 -0.01815897 -0.01472903 -0.01130878
 -0.00789762 -0.00449498 -0.00110033]"
