sigma0re,sigma0im,beta0re,beta0im,mu0re,mu0im,beta1re,beta1im,sigma1re,sigma1im,mu1re,mu1im,alpha0,alpha1,b_star,corresponding_negative_eigenvalues
0.2,0.3,1,1.1,1.0,0.9000000000000035,1,1.1,0.2,0.3,-0.5,0.20000000000000195,0.0,0.0,"[0.01 0.02 0.03 0.04 0.05 0.06 0.07 0.08 0.09 0.1  0.11 0.12 0.13 0.14
 0.15 0.16 0.17 0.18 0.19 0.2  0.21 0.22 0.23 0.24 0.25 0.26 0.27 0.28
 0.29 0.3  0.31 0.32 0.33 0.34 0.35 0.36 0.37 0.38 0.39 0.4  0.41 0.42
 0.43 0.44 0.45 0.46 0.47 0.48 0.49 0.5  0.51 0.52 0.53 0.54 0.55 0.56
 0.57 0.58 0.59 0.6  0.61 0.62 0.63 0.64 0.65 0.66 0.67]","[-9.93829102e-05 -3.96723139e-04 -8.89569656e-04 -1.57375339e-03
 -2.44326520e-03 -3.49009392e-03 -4.70403579e-03 -6.07249263e-03
 -7.58028416e-03 -9.20950917e-03 -1.09394993e-02 -1.27469153e-02
 -1.46060366e-02 -1.64892804e-02 -1.83679670e-02 -2.02133022e-02
 -2.19975061e-02 -2.36949722e-02 -2.52833186e-02 -2.67441998e-02
 -2.80637850e-02 -2.92328711e-02 -3.02466563e-02 -3.11042526e-02
 -3.18080352e-02 -3.23629284e-02 -3.27757075e-02 -3.30543724e-02
 -3.32076206e-02 -3.32444298e-02 -3.31737436e-02 -3.30042477e-02
 -3.27442208e-02 -3.24014439e-02 -3.19831529e-02 -3.14960233e-02
 -3.09461765e-02 -3.03392004e-02 -2.96801794e-02 -2.89737283e-02
 -2.82240292e-02 -2.74348681e-02 -2.66096702e-02 -2.57515341e-02
 -2.48632628e-02 -2.39473932e-02 -2.30062221e-02 -2.20418305e-02
 -2.10561054e-02 -2.00507592e-02 -1.90273475e-02 -1.79872844e-02
 -1.69318574e-02 -1.58622389e-02 -1.47794987e-02 -1.36846130e-02
 -1.25784742e-02 -1.14618985e-02 -1.03356335e-02 -9.20036416e-03
 -8.05671925e-03 -6.90527604e-03 -5.74656523e-03 -4.58107507e-03
 -3.40925519e-03 -2.23151998e-03 -1.04825168e-03]"
