sigma0re,sigma0im,beta0re,beta0im,mu0re,mu0im,beta1re,beta1im,sigma1re,sigma1im,mu1re,mu1im,alpha0,alpha1,b_star,corresponding_negative_eigenvalues
0.2,0.3,1,1.1,1.0,1.3000000000000043,1,1.1,0.2,0.3,-0.5,1.400000000000003,0.1,0.1,"[0.31 0.32 0.33 0.34 0.35 0.36 0.37 0.38 0.39 0.4  0.41 0.42 0.43 0.44
 0.45 0.46 0.47 0.48 0.49 0.5  0.51 0.52 0.53 0.54 0.55 0.56 0.57 0.58
 0.59 0.6  0.61 0.62 0.63 0.64 0.65 0.66 0.67 0.68 0.69 0.7  0.71 0.72
 0.73 0.74 0.75 0.76 0.77 0.78 0.79 0.8  0.81 0.82 0.83 0.84 0.85 0.86
 0.87 0.88 0.89 0.9  0.91 0.92 0.93 0.94 0.95]","[-0.02429035 -0.06423731 -0.1141823  -0.11199039 -0.10981806 -0.10766472
 -0.10552979 -0.10341271 -0.10131294 -0.09922993 -0.09716316 -0.09511214
 -0.09307637 -0.09105539 -0.08904872 -0.08705595 -0.08507663 -0.08311037
 -0.08115676 -0.07921543 -0.07728602 -0.07536817 -0.07346155 -0.07156584
 -0.06968073 -0.06780593 -0.06594114 -0.06408609 -0.06224054 -0.06040422
 -0.0585769  -0.05675834 -0.05494834 -0.05314668 -0.05135317 -0.0495676
 -0.04778981 -0.0460196  -0.04425683 -0.04250132 -0.04075292 -0.0390115
 -0.03727691 -0.03554902 -0.0338277  -0.03211284 -0.03040431 -0.02870201
 -0.02700584 -0.02531569 -0.02363146 -0.02195308 -0.02028045 -0.01861348
 -0.01695211 -0.01529626 -0.01364585 -0.01200082 -0.01036111 -0.00872664
 -0.00709738 -0.00547325 -0.00385421 -0.00224021 -0.00063119]"
