sigma0re,sigma0im,beta0re,beta0im,mu0re,mu0im,beta1re,beta1im,sigma1re,sigma1im,mu1re,mu1im,alpha0,alpha1,b_star,corresponding_negative_eigenvalues
0.2,0.3,1,1.1,1.0,-0.9999999999999982,1,1.1,0.2,0.3,-0.5,-1.2999999999999994,0.1,0.1,"[0.1  0.11 0.12 0.13 0.14 0.15 0.16 0.17 0.18 0.19 0.2  0.21 0.22 0.23
 0.24 0.25 0.26 0.27 0.28 0.29 0.3  0.31 0.32 0.33 0.34 0.35 0.36 0.37
 0.38 0.39 0.4  0.41 0.42 0.43 0.44 0.45 0.46 0.47 0.48 0.49 0.5  0.51
 0.52 0.53 0.54 0.55 0.56 0.57 0.58 0.59 0.6  0.61 0.62 0.63]","[-0.00104216 -0.00452109 -0.00852521 -0.0130557  -0.01811913 -0.02372741
 -0.0298979  -0.0366539  -0.04402534 -0.05204992 -0.06077475 -0.07025877
 -0.08057629 -0.09182225 -0.10412039 -0.10544249 -0.10224981 -0.0990911
 -0.09596511 -0.09287065 -0.08980662 -0.08677197 -0.0837657  -0.08078688
 -0.07783463 -0.07490812 -0.07200656 -0.06912922 -0.0662754  -0.06344443
 -0.06063571 -0.05784864 -0.05508267 -0.05233728 -0.04961196 -0.04690626
 -0.04421972 -0.04155193 -0.03890249 -0.03627101 -0.03365715 -0.03106056
 -0.02848091 -0.0259179  -0.02337124 -0.02084065 -0.01832585 -0.0158266
 -0.01334266 -0.01087379 -0.00841977 -0.00598039 -0.00355545 -0.00114476]"
