sigma0re,sigma0im,beta0re,beta0im,mu0re,mu0im,beta1re,beta1im,sigma1re,sigma1im,mu1re,mu1im,alpha0,alpha1,b_star,corresponding_negative_eigenvalues
0.2,0.3,1,1.1,1.0,1.600000000000004,1,1.1,0.2,0.3,-0.5,0.10000000000000187,0.0,0.0,"[0.01 0.02 0.03 0.04 0.05 0.06 0.07 0.08 0.09 0.1  0.11 0.12 0.13 0.14
 0.15 0.16 0.17 0.18 0.19 0.2  0.21 0.22]","[-8.81824137e-05 -3.50108909e-04 -7.77846835e-04 -1.35795587e-03
 -2.07121573e-03 -2.89236587e-03 -3.78999126e-03 -4.72673296e-03
 -5.66002643e-03 -6.54354638e-03 -7.32943222e-03 -7.97117638e-03
 -8.42681788e-03 -8.66189386e-03 -8.65157253e-03 -8.38157080e-03
 -7.84778405e-03 -7.05487660e-03 -6.01427015e-03 -4.74198197e-03
 -3.25665374e-03 -1.57795738e-03]"
