sigma0re,sigma0im,beta0re,beta0im,mu0re,mu0im,beta1re,beta1im,sigma1re,sigma1im,mu1re,mu1im,alpha0,alpha1,b_star,corresponding_negative_eigenvalues
0.2,0.3,1,1.1,1.0,1.400000000000004,1,1.1,0.2,0.3,-0.5,1.9000000000000035,0.1,0.1,"[0.28 0.29 0.3  0.31 0.32 0.33 0.34 0.35 0.36 0.37 0.38 0.39 0.4  0.41
 0.42 0.43 0.44 0.45 0.46 0.47 0.48 0.49 0.5  0.51 0.52 0.53 0.54 0.55
 0.56 0.57 0.58 0.59 0.6  0.61 0.62 0.63 0.64 0.65 0.66]","[-0.02561797 -0.1015568  -0.09856112 -0.09558683 -0.09263316 -0.08969935
 -0.08678467 -0.08388839 -0.08100983 -0.07814833 -0.07530323 -0.07247393
 -0.06965983 -0.06686037 -0.06407501 -0.06130322 -0.05854452 -0.05579844
 -0.05306453 -0.05034237 -0.04763154 -0.04493167 -0.0422424  -0.03956338
 -0.03689427 -0.03423478 -0.0315846  -0.02894347 -0.02631111 -0.02368728
 -0.02107174 -0.01846428 -0.01586468 -0.01327275 -0.01068829 -0.00811114
 -0.00554113 -0.0029781  -0.0004219 ]"
