sigma0re,sigma0im,beta0re,beta0im,mu0re,mu0im,beta1re,beta1im,sigma1re,sigma1im,mu1re,mu1im,alpha0,alpha1,b_star,corresponding_negative_eigenvalues
0.2,0.3,1,1.1,1.0,1.3000000000000043,1,1.1,0.2,0.3,-0.5,1.2000000000000028,0.0,0.0,"[0.27 0.28 0.29 0.3  0.31 0.32 0.33 0.34 0.35 0.36 0.37 0.38 0.39 0.4
 0.41 0.42 0.43 0.44 0.45 0.46 0.47 0.48 0.49 0.5  0.51 0.52 0.53 0.54
 0.55 0.56 0.57 0.58 0.59 0.6  0.61 0.62 0.63 0.64 0.65 0.66 0.67 0.68
 0.69 0.7  0.71 0.72 0.73 0.74 0.75 0.76 0.77 0.78 0.79 0.8  0.81 0.82
 0.83 0.84 0.85 0.86 0.87 0.88 0.89 0.9 ]","[-0.01152676 -0.04038486 -0.09541204 -0.12476476 -0.12245556 -0.12015952
 -0.11787642 -0.11560603 -0.11334811 -0.11110241 -0.10886867 -0.10664664
 -0.10443605 -0.10223664 -0.10004815 -0.09787031 -0.09570286 -0.09354553
 -0.09139807 -0.08926023 -0.08713173 -0.08501235 -0.08290182 -0.08079992
 -0.07870639 -0.07662101 -0.07454356 -0.07247379 -0.07041151 -0.06835649
 -0.06630852 -0.06426741 -0.06223295 -0.06020494 -0.05818321 -0.05616756
 -0.05415782 -0.05215382 -0.05015537 -0.04816232 -0.04617451 -0.04419178
 -0.04221397 -0.04024095 -0.03827256 -0.03630867 -0.03434913 -0.03239383
 -0.03044262 -0.02849539 -0.02655201 -0.02461237 -0.02267635 -0.02074384
 -0.01881473 -0.01688892 -0.0149663  -0.01304679 -0.01113027 -0.00921666
 -0.00730587 -0.0053978  -0.00349238 -0.00158952]"
