sigma0re,sigma0im,beta0re,beta0im,mu0re,mu0im,beta1re,beta1im,sigma1re,sigma1im,mu1re,mu1im,alpha0,alpha1,b_star,corresponding_negative_eigenvalues
0.2,0.3,1,1.1,1.0,-0.3999999999999977,1,1.1,0.2,0.3,-0.5,-0.5999999999999988,0.1,0.1,"[0.01 0.02 0.03 0.04 0.05 0.06 0.07 0.08 0.09 0.1  0.11 0.12 0.13 0.14
 0.15 0.16 0.17 0.18 0.19 0.2  0.21 0.22 0.23 0.24 0.25 0.26 0.27 0.28
 0.29 0.3  0.31 0.32 0.33 0.34 0.35 0.36 0.37 0.38 0.39 0.4  0.41 0.42
 0.43 0.44 0.45 0.46 0.47 0.48 0.49 0.5  0.51 0.52 0.53]","[-0.00010434 -0.00041663 -0.00093458 -0.00165428 -0.00256997 -0.00367384
 -0.00495564 -0.00640234 -0.00799771 -0.00972193 -0.01155123 -0.01345777
 -0.01540972 -0.01737178 -0.0193062  -0.02117426 -0.02293826 -0.02456361
 -0.02602094 -0.02728759 -0.02834851 -0.02919629 -0.02983042 -0.03025621
 -0.03048327 -0.03052416 -0.03039315 -0.0301052  -0.02967521 -0.02911755
 -0.02844569 -0.02767209 -0.02680809 -0.02586391 -0.02484874 -0.02377077
 -0.02263729 -0.02145476 -0.02022893 -0.01896489 -0.01766715 -0.01633973
 -0.01498618 -0.01360967 -0.01221301 -0.01079873 -0.00936905 -0.00792598
 -0.00647133 -0.00500669 -0.00353353 -0.00205313 -0.00056667]"
