sigma0re,sigma0im,beta0re,beta0im,mu0re,mu0im,beta1re,beta1im,sigma1re,sigma1im,mu1re,mu1im,alpha0,alpha1,b_star,corresponding_negative_eigenvalues
0.2,0.3,1,1.1,1.0,0.400000000000003,1,1.1,0.2,0.3,-0.5,0.5000000000000022,0.1,0.1,"[0.17 0.18 0.19 0.2  0.21 0.22 0.23 0.24 0.25 0.26 0.27 0.28 0.29 0.3
 0.31 0.32 0.33 0.34 0.35 0.36 0.37 0.38 0.39 0.4  0.41 0.42 0.43 0.44
 0.45 0.46 0.47 0.48 0.49 0.5  0.51 0.52 0.53 0.54 0.55 0.56 0.57 0.58
 0.59 0.6  0.61 0.62 0.63 0.64 0.65 0.66 0.67 0.68 0.69 0.7  0.71 0.72
 0.73 0.74 0.75 0.76 0.77 0.78 0.79 0.8  0.81 0.82 0.83 0.84 0.85 0.86
 0.87 0.88 0.89 0.9  0.91 0.92 0.93 0.94 0.95 0.96 0.97]","[-0.00392491 -0.01089309 -0.02755046 -0.02947989 -0.03129479 -0.03297722
 -0.03451392 -0.03589642 -0.03712082 -0.03818724 -0.03909912 -0.03986247
 -0.04048507 -0.04097588 -0.04134442 -0.04160039 -0.04175333 -0.04181242
 -0.04178631 -0.04168309 -0.04151021 -0.04127449 -0.04098216 -0.04063886
 -0.0402497  -0.03981928 -0.03935177 -0.03885089 -0.03832002 -0.0377622
 -0.03718015 -0.03657633 -0.03595296 -0.03531204 -0.03465538 -0.03398461
 -0.0333012  -0.0326065  -0.0319017  -0.03118792 -0.03046615 -0.0297373
 -0.02900219 -0.02826157 -0.02751614 -0.02676651 -0.02601326 -0.02525692
 -0.02449795 -0.0237368  -0.02297387 -0.02220953 -0.02144411 -0.02067794
 -0.01991128 -0.01914442 -0.01837759 -0.01761101 -0.01684489 -0.01607942
 -0.01531478 -0.01455112 -0.0137886  -0.01302736 -0.01226753 -0.01150922
 -0.01075254 -0.0099976  -0.00924449 -0.0084933  -0.00774412 -0.00699701
 -0.00625204 -0.00550929 -0.00476882 -0.00403067 -0.00329491 -0.00256158
 -0.00183074 -0.00110241 -0.00037665]"
