sigma0re,sigma0im,beta0re,beta0im,mu0re,mu0im,beta1re,beta1im,sigma1re,sigma1im,mu1re,mu1im,alpha0,alpha1,b_star,corresponding_negative_eigenvalues
0.2,0.3,1,1.1,1.0,-0.5999999999999979,1,1.1,0.2,0.3,-0.5,-1.7999999999999998,0.1,0.1,"[0.01 0.02 0.03 0.04 0.05 0.06 0.07 0.08 0.09 0.1  0.11 0.12 0.13 0.14
 0.15 0.16 0.17 0.18 0.19 0.2  0.21 0.22 0.23 0.24 0.25 0.26 0.27 0.28
 0.29 0.3 ]","[-0.0004734  -0.00190294 -0.00431733 -0.00776667 -0.01232541 -0.01809461
 -0.02519625 -0.03373136 -0.04359968 -0.05393015 -0.06242313 -0.06704017
 -0.06818097 -0.0671424  -0.06483808 -0.06178049 -0.05825483 -0.05442668
 -0.0503969  -0.04622963 -0.0419672  -0.03763836 -0.03326316 -0.02885583
 -0.02442668 -0.01998323 -0.01553105 -0.01107431 -0.00661609 -0.00215875]"
