sigma0re,sigma0im,beta0re,beta0im,mu0re,mu0im,beta1re,beta1im,sigma1re,sigma1im,mu1re,mu1im,alpha0,alpha1,b_star,corresponding_negative_eigenvalues
0.2,0.3,1,1.1,1.0,0.7000000000000033,1,1.1,0.2,0.3,-0.5,0.7000000000000024,0.1,0.1,"[0.31 0.32 0.33 0.34 0.35 0.36 0.37 0.38 0.39 0.4  0.41 0.42 0.43 0.44
 0.45 0.46 0.47 0.48 0.49 0.5  0.51 0.52 0.53 0.54 0.55 0.56 0.57 0.58
 0.59 0.6  0.61 0.62 0.63 0.64 0.65 0.66 0.67 0.68 0.69 0.7  0.71 0.72
 0.73 0.74 0.75 0.76 0.77 0.78 0.79 0.8  0.81 0.82 0.83 0.84 0.85 0.86
 0.87 0.88 0.89 0.9  0.91 0.92 0.93 0.94 0.95 0.96 0.97 0.98 0.99 1.
 1.01 1.02 1.03 1.04 1.05 1.06 1.07 1.08 1.09 1.1  1.11 1.12 1.13 1.14
 1.15 1.16 1.17 1.18 1.19 1.2  1.21 1.22 1.23 1.24 1.25 1.26 1.27 1.28
 1.29 1.3  1.31 1.32 1.33 1.34 1.35 1.36 1.37]","[-0.00532372 -0.01713825 -0.03247106 -0.05548275 -0.0940599  -0.0928957
 -0.09172515 -0.0905509  -0.08937511 -0.0881995  -0.08702549 -0.08585421
 -0.08468659 -0.08352339 -0.08236521 -0.08121255 -0.08006581 -0.0789253
 -0.07779127 -0.07666391 -0.07554336 -0.07442974 -0.07332311 -0.07222352
 -0.071131   -0.07004554 -0.06896714 -0.06789576 -0.06683136 -0.06577391
 -0.06472334 -0.0636796  -0.06264261 -0.06161231 -0.06058862 -0.05957147
 -0.05856078 -0.05755646 -0.05655845 -0.05556665 -0.05458099 -0.05360139
 -0.05262777 -0.05166005 -0.05069815 -0.049742   -0.04879151 -0.04784661
 -0.04690724 -0.04597332 -0.04504477 -0.04412153 -0.04320354 -0.04229072
 -0.04138301 -0.04048035 -0.03958268 -0.03868995 -0.03780208 -0.03691902
 -0.03604073 -0.03516715 -0.03429822 -0.0334339  -0.03257413 -0.03171888
 -0.03086809 -0.03002171 -0.02917972 -0.02834206 -0.0275087  -0.02667959
 -0.0258547  -0.02503399 -0.02421743 -0.02340498 -0.02259661 -0.02179228
 -0.02099198 -0.02019566 -0.01940329 -0.01861486 -0.01783033 -0.01704967
 -0.01627287 -0.0154999  -0.01473073 -0.01396534 -0.01320372 -0.01244583
 -0.01169167 -0.01094121 -0.01019443 -0.00945131 -0.00871185 -0.00797601
 -0.00724379 -0.00651518 -0.00579014 -0.00506869 -0.00435079 -0.00363643
 -0.00292561 -0.00221832 -0.00151453 -0.00081425 -0.00011745]"
