sigma0re,sigma0im,beta0re,beta0im,mu0re,mu0im,beta1re,beta1im,sigma1re,sigma1im,mu1re,mu1im,alpha0,alpha1,b_star,corresponding_negative_eigenvalues
0.2,0.3,1,1.1,1.0,-1.1999999999999984,1,1.1,0.2,0.3,-0.5,-1.9,0.1,0.1,"[0.13 0.14 0.15 0.16 0.17 0.18 0.19 0.2  0.21 0.22 0.23 0.24 0.25 0.26
 0.27 0.28 0.29 0.3  0.31 0.32 0.33 0.34 0.35 0.36 0.37 0.38 0.39 0.4
 0.41 0.42 0.43 0.44 0.45 0.46 0.47 0.48 0.49 0.5  0.51]","[-0.00042506 -0.00714318 -0.01477913 -0.02337337 -0.03298155 -0.04367831
 -0.05556284 -0.06876774 -0.08347321 -0.09993121 -0.10191556 -0.09804082
 -0.09419703 -0.09038347 -0.08659938 -0.08284401 -0.07911664 -0.07541653
 -0.07174297 -0.06809525 -0.06447272 -0.06087469 -0.05730054 -0.05374965
 -0.05022142 -0.04671529 -0.04323068 -0.03976709 -0.03632399 -0.03290089
 -0.02949732 -0.02611284 -0.02274699 -0.01939938 -0.01606959 -0.01275725
 -0.00946198 -0.00618342 -0.00292125]"
