sigma0re,sigma0im,beta0re,beta0im,mu0re,mu0im,beta1re,beta1im,sigma1re,sigma1im,mu1re,mu1im,alpha0,alpha1,b_star,corresponding_negative_eigenvalues
0.2,0.3,1,1.1,1.0,-2.099999999999999,1,1.1,0.2,0.3,-0.5,-2.0,0.1,0.1,"[0.18 0.19 0.2  0.21 0.22 0.23 0.24 0.25 0.26 0.27 0.28 0.29 0.3  0.31
 0.32 0.33 0.34 0.35 0.36 0.37 0.38 0.39 0.4  0.41 0.42 0.43 0.44 0.45
 0.46 0.47 0.48 0.49 0.5  0.51 0.52 0.53 0.54 0.55 0.56 0.57 0.58 0.59
 0.6  0.61 0.62 0.63 0.64 0.65 0.66 0.67 0.68 0.69 0.7  0.71 0.72 0.73
 0.74 0.75 0.76 0.77 0.78 0.79 0.8  0.81 0.82 0.83 0.84 0.85 0.86 0.87
 0.88 0.89 0.9  0.91 0.92 0.93 0.94 0.95 0.96 0.97 0.98 0.99 1.   1.01
 1.02 1.03]","[-0.01478186 -0.03342802 -0.05567752 -0.08284179 -0.11766813 -0.15014512
 -0.14800919 -0.1458748  -0.14374186 -0.14161028 -0.13947997 -0.13735085
 -0.13522286 -0.13309595 -0.13097006 -0.12884519 -0.1267213  -0.12459841
 -0.12247652 -0.12035568 -0.11823594 -0.11611736 -0.11400005 -0.11188413
 -0.10976972 -0.107657   -0.10554616 -0.1034374  -0.10133097 -0.09922714
 -0.0971262  -0.09502848 -0.09293433 -0.09084412 -0.08875827 -0.08667721
 -0.08460139 -0.08253131 -0.08046748 -0.07841043 -0.07636072 -0.07431891
 -0.07228561 -0.07026142 -0.06824696 -0.06624287 -0.06424978 -0.06226835
 -0.06029922 -0.05834304 -0.05640045 -0.0544721  -0.05255862 -0.05066062
 -0.04877872 -0.0469135  -0.04506552 -0.04323533 -0.04142346 -0.0396304
 -0.0378566  -0.03610251 -0.03436852 -0.03265499 -0.03096226 -0.0292906
 -0.02764028 -0.02601148 -0.02440439 -0.02281911 -0.02125574 -0.01971429
 -0.01819477 -0.01669712 -0.01522122 -0.01376695 -0.01233411 -0.01092247
 -0.00953174 -0.00816162 -0.00681174 -0.0054817  -0.00417106 -0.00287936
 -0.00160608 -0.00035069]"
