sigma0re,sigma0im,beta0re,beta0im,mu0re,mu0im,beta1re,beta1im,sigma1re,sigma1im,mu1re,mu1im,alpha0,alpha1,b_star,corresponding_negative_eigenvalues
0.2,0.3,1,1.1,1.0,-0.699999999999998,1,1.1,0.2,0.3,-0.5,-1.7999999999999998,0.0,0.0,"[0.01 0.02 0.03 0.04 0.05 0.06 0.07 0.08 0.09 0.1  0.11 0.12 0.13 0.14
 0.15 0.16 0.17 0.18 0.19 0.2  0.21 0.22 0.23 0.24 0.25 0.26 0.27 0.28
 0.29 0.3 ]","[-0.00069843 -0.0028219  -0.00646107 -0.01179083 -0.01912083 -0.02901415
 -0.04260037 -0.06244201 -0.08748223 -0.09525829 -0.09450066 -0.09141314
 -0.08741029 -0.08296921 -0.07829575 -0.07349265 -0.06861612 -0.06369887
 -0.0587607  -0.05381392 -0.04886626 -0.04392257 -0.03898583 -0.0340578
 -0.0291394  -0.02423101 -0.01933264 -0.01444402 -0.00956475 -0.0046943 ]"
