sigma0re,sigma0im,beta0re,beta0im,mu0re,mu0im,beta1re,beta1im,sigma1re,sigma1im,mu1re,mu1im,alpha0,alpha1,b_star,corresponding_negative_eigenvalues
0.2,0.3,1,1.1,1.0,0.9000000000000035,1,1.1,0.2,0.3,-0.5,1.8000000000000034,0.0,0.0,[0.28 0.29 0.3  0.31 0.32 0.33 0.34 0.35 0.36 0.37],"[-0.0429849  -0.03847663 -0.03399143 -0.02952747 -0.02508305 -0.02065664
 -0.01624681 -0.01185223 -0.00747168 -0.00310404]"
