sigma0re,sigma0im,beta0re,beta0im,mu0re,mu0im,beta1re,beta1im,sigma1re,sigma1im,mu1re,mu1im,alpha0,alpha1,b_star,corresponding_negative_eigenvalues
0.2,0.3,1,1.1,1.0,0.400000000000003,1,1.1,0.2,0.3,-0.5,0.6000000000000023,0.1,0.1,"[0.27 0.28 0.29 0.3  0.31 0.32 0.33 0.34 0.35 0.36 0.37 0.38 0.39 0.4
 0.41 0.42 0.43 0.44 0.45 0.46 0.47 0.48 0.49 0.5  0.51 0.52 0.53 0.54
 0.55 0.56 0.57 0.58 0.59 0.6  0.61 0.62 0.63 0.64 0.65 0.66 0.67]","[-0.00739915 -0.02882181 -0.03985764 -0.03967237 -0.03936063 -0.0389368
 -0.03841384 -0.0378034  -0.03711581 -0.03636023 -0.03554472 -0.03467638
 -0.03376147 -0.03280547 -0.03181321 -0.03078894 -0.02973641 -0.02865892
 -0.02755939 -0.02644039 -0.02530422 -0.02415291 -0.02298825 -0.02181185
 -0.02062515 -0.01942941 -0.01822579 -0.0170153  -0.01579886 -0.0145773
 -0.01335136 -0.0121217  -0.01088893 -0.00965359 -0.00841616 -0.0071771
 -0.0059368  -0.00469564 -0.00345393 -0.00221198 -0.00097007]"
