sigma0re,sigma0im,beta0re,beta0im,mu0re,mu0im,beta1re,beta1im,sigma1re,sigma1im,mu1re,mu1im,alpha0,alpha1,b_star,corresponding_negative_eigenvalues
0.2,0.3,1,1.1,1.0,-0.1999999999999975,1,1.1,0.2,0.3,-0.5,-1.5999999999999996,0.1,0.1,"[0.01 0.02 0.03 0.04 0.05 0.06 0.07 0.08 0.09 0.1  0.11 0.12 0.13 0.14
 0.15 0.16]","[-0.00013529 -0.00053496 -0.00117989 -0.0020368  -0.00305637 -0.00417143
 -0.00529619 -0.00632809 -0.00715394 -0.0076609  -0.00775085 -0.00735373
 -0.00643522 -0.00499607 -0.00306475 -0.00068711]"
