sigma0re,sigma0im,beta0re,beta0im,mu0re,mu0im,beta1re,beta1im,sigma1re,sigma1im,mu1re,mu1im,alpha0,alpha1,b_star,corresponding_negative_eigenvalues
0.2,0.3,1,1.1,1.0,-0.1999999999999975,1,1.1,0.2,0.3,-0.5,-1.3999999999999995,0.0,0.0,"[0.01 0.02 0.03 0.04 0.05 0.06 0.07 0.08 0.09 0.1  0.11 0.12 0.13 0.14
 0.15 0.16]","[-0.00015411 -0.00060932 -0.00134362 -0.00231853 -0.00347662 -0.00473925
 -0.00600577 -0.0071564  -0.0080608  -0.00859287 -0.00864858 -0.00816082
 -0.00710537 -0.00549645 -0.00337565 -0.00079924]"
