sigma0re,sigma0im,beta0re,beta0im,mu0re,mu0im,beta1re,beta1im,sigma1re,sigma1im,mu1re,mu1im,alpha0,alpha1,b_star,corresponding_negative_eigenvalues
0.2,0.3,1,1.1,1.0,0.10000000000000275,1,1.1,0.2,0.3,-0.5,0.40000000000000213,0.1,0.1,"[0.01 0.02 0.03 0.04 0.05 0.06 0.07 0.08 0.09 0.1  0.11 0.12 0.13 0.14
 0.15 0.16 0.17 0.18 0.19 0.2  0.21 0.22 0.23 0.24 0.25 0.26 0.27 0.28
 0.29 0.3  0.31 0.32]","[-2.31084858e-05 -9.19248827e-05 -2.04930378e-04 -3.59621739e-04
 -5.52554242e-04 -7.79403048e-04 -1.03504385e-03 -1.31365324e-03
 -1.60882841e-03 -1.91372484e-03 -2.22120900e-03 -2.52402179e-03
 -2.81494693e-03 -3.08697722e-03 -3.33347155e-03 -3.54829501e-03
 -3.72593593e-03 -3.86159505e-03 -3.95124388e-03 -3.99165203e-03
 -3.98038495e-03 -3.91577563e-03 -3.79687503e-03 -3.62338662e-03
 -3.39559041e-03 -3.11426182e-03 -2.78058962e-03 -2.39609648e-03
 -1.96256493e-03 -1.48197009e-03 -9.56420521e-04 -3.88107160e-04]"
