sigma0re,sigma0im,beta0re,beta0im,mu0re,mu0im,beta1re,beta1im,sigma1re,sigma1im,mu1re,mu1im,alpha0,alpha1,b_star,corresponding_negative_eigenvalues
0.2,0.3,1,1.1,1.0,-0.799999999999998,1,1.1,0.2,0.3,-0.5,-0.7999999999999989,0.0,0.0,"[0.01 0.02 0.03 0.04 0.05 0.06 0.07 0.08 0.09 0.1  0.11 0.12 0.13 0.14
 0.15 0.16 0.17 0.18 0.19 0.2  0.21 0.22 0.23 0.24 0.25 0.26 0.27 0.28
 0.29 0.3  0.31 0.32 0.33 0.34 0.35 0.36 0.37 0.38 0.39 0.4  0.41 0.42
 0.43 0.44 0.45 0.46 0.47 0.48 0.49 0.5  0.51 0.52 0.53 0.54 0.55 0.56
 0.57 0.58 0.59 0.6  0.61 0.62 0.63 0.64 0.65 0.66 0.67 0.68 0.69 0.7
 0.71 0.72 0.73 0.74 0.75 0.76 0.77 0.78 0.79]","[-0.0003541  -0.0014225  -0.00322408 -0.00579243 -0.00917966 -0.01346302
 -0.01875692 -0.02523528 -0.03317771 -0.04307853 -0.05596902 -0.07487494
 -0.10909753 -0.08795449 -0.08570935 -0.08730322 -0.0907513  -0.09543155
 -0.10109413 -0.10763669 -0.11503215 -0.11354904 -0.11137987 -0.10919991
 -0.10701645 -0.10483448 -0.1026575  -0.10048793 -0.09832745 -0.09617723
 -0.09403803 -0.09191034 -0.08979443 -0.08769041 -0.0855983  -0.083518
 -0.08144937 -0.07939222 -0.07734631 -0.07531139 -0.07328719 -0.07127343
 -0.06926981 -0.06727606 -0.06529186 -0.06331693 -0.06135099 -0.05939375
 -0.05744494 -0.05550427 -0.05357149 -0.05164634 -0.04972856 -0.04781792
 -0.04591416 -0.04401708 -0.04212643 -0.04024201 -0.0383636  -0.03649101
 -0.03462403 -0.03276249 -0.03090618 -0.02905494 -0.0272086  -0.02536699
 -0.02352994 -0.02169731 -0.01986895 -0.0180447  -0.01622443 -0.014408
 -0.01259528 -0.01078615 -0.00898048 -0.00717815 -0.00537904 -0.00358306
 -0.00179008]"
