sigma0re,sigma0im,beta0re,beta0im,mu0re,mu0im,beta1re,beta1im,sigma1re,sigma1im,mu1re,mu1im,alpha0,alpha1,b_star,corresponding_negative_eigenvalues
0.2,0.3,1,1.1,1.0,-1.899999999999999,1,1.1,0.2,0.3,-0.5,-1.6999999999999997,0.1,0.1,"[0.19 0.2  0.21 0.22 0.23 0.24 0.25 0.26 0.27 0.28 0.29 0.3  0.31 0.32
 0.33 0.34 0.35 0.36 0.37 0.38 0.39 0.4  0.41 0.42 0.43 0.44 0.45 0.46
 0.47 0.48 0.49 0.5  0.51 0.52 0.53 0.54 0.55 0.56 0.57 0.58 0.59 0.6
 0.61 0.62 0.63 0.64 0.65 0.66 0.67 0.68 0.69 0.7  0.71 0.72 0.73 0.74
 0.75 0.76 0.77 0.78 0.79 0.8  0.81 0.82 0.83 0.84 0.85 0.86 0.87 0.88
 0.89 0.9  0.91 0.92 0.93 0.94 0.95 0.96 0.97 0.98 0.99 1.   1.01 1.02
 1.03 1.04 1.05 1.06 1.07 1.08 1.09 1.1  1.11 1.12 1.13 1.14 1.15 1.16
 1.17 1.18]","[-0.0088055  -0.02381058 -0.04128402 -0.06184808 -0.08656227 -0.1175295
 -0.15045395 -0.14849914 -0.14654505 -0.14459156 -0.14263856 -0.14068595
 -0.13873364 -0.13678154 -0.1348296  -0.13287775 -0.13092595 -0.12897418
 -0.12702243 -0.12507071 -0.12311903 -0.12116746 -0.11921605 -0.1172649
 -0.11531411 -0.11336382 -0.11141419 -0.10946542 -0.10751771 -0.1055713
 -0.10362647 -0.10168351 -0.09974275 -0.09780455 -0.09586928 -0.09393737
 -0.09200925 -0.09008538 -0.08816627 -0.08625244 -0.08434441 -0.08244277
 -0.0805481  -0.07866099 -0.07678208 -0.074912   -0.0730514  -0.07120093
 -0.06936127 -0.06753308 -0.06571705 -0.06391384 -0.06212413 -0.06034859
 -0.05858787 -0.05684263 -0.05511351 -0.05340114 -0.05170611 -0.05002902
 -0.04837045 -0.04673094 -0.04511101 -0.04351116 -0.04193186 -0.04037356
 -0.03883667 -0.03732157 -0.03582861 -0.03435811 -0.03291034 -0.03148556
 -0.03008398 -0.02870576 -0.02735105 -0.02601994 -0.02471249 -0.02342872
 -0.02216862 -0.02093211 -0.01971911 -0.01852948 -0.01736302 -0.01621954
 -0.01509875 -0.01400038 -0.01292407 -0.01186946 -0.01083613 -0.00982363
 -0.00883148 -0.00785917 -0.00690614 -0.00597182 -0.00505559 -0.00415684
 -0.00327489 -0.00240907 -0.00155868 -0.00072302]"
