sigma0re,sigma0im,beta0re,beta0im,mu0re,mu0im,beta1re,beta1im,sigma1re,sigma1im,mu1re,mu1im,alpha0,alpha1,b_star,corresponding_negative_eigenvalues
0.2,0.3,1,1.1,1.0,-0.799999999999998,1,1.1,0.2,0.3,-0.5,-1.3999999999999995,0.1,0.1,"[0.01 0.02 0.03 0.04 0.05 0.06 0.07 0.08 0.09 0.1  0.11 0.12 0.13 0.14
 0.15 0.16 0.17 0.18 0.19 0.2  0.21 0.22 0.23 0.24 0.25 0.26 0.27 0.28
 0.29 0.3  0.31 0.32 0.33 0.34 0.35 0.36 0.37 0.38 0.39 0.4  0.41 0.42
 0.43 0.44 0.45 0.46]","[-0.00049281 -0.00198578 -0.00452493 -0.00819604 -0.0131427  -0.01960441
 -0.02800527 -0.03920413 -0.05552665 -0.08212766 -0.06358913 -0.06306087
 -0.06531432 -0.06896169 -0.07357154 -0.07896861 -0.08507719 -0.09187014
 -0.09520981 -0.09147408 -0.08775894 -0.08406755 -0.0804017  -0.0767623
 -0.07314969 -0.06956382 -0.06600441 -0.062471   -0.05896301 -0.05547983
 -0.0520208  -0.04858523 -0.04517244 -0.04178176 -0.03841252 -0.03506409
 -0.03173584 -0.02842718 -0.02513752 -0.02186631 -0.01861303 -0.01537716
 -0.01215822 -0.00895576 -0.00576933 -0.0025985 ]"
