sigma0re,sigma0im,beta0re,beta0im,mu0re,mu0im,beta1re,beta1im,sigma1re,sigma1im,mu1re,mu1im,alpha0,alpha1,b_star,corresponding_negative_eigenvalues
0.2,0.3,1,1.1,1.0,0.9000000000000035,1,1.1,0.2,0.3,-0.5,1.9000000000000035,0.1,0.1,[0.32 0.33 0.34 0.35 0.36 0.37 0.38 0.39 0.4  0.41 0.42],"[-0.03964414 -0.03570152 -0.03177876 -0.02787458 -0.02398782 -0.02011738
 -0.01626228 -0.01242158 -0.00859445 -0.00478009 -0.0009778 ]"
