sigma0re,sigma0im,beta0re,beta0im,mu0re,mu0im,beta1re,beta1im,sigma1re,sigma1im,mu1re,mu1im,alpha0,alpha1,b_star,corresponding_negative_eigenvalues
0.2,0.3,1,1.1,1.0,-1.0999999999999983,1,1.1,0.2,0.3,-0.5,-1.3999999999999995,0.0,0.0,"[0.12 0.13 0.14 0.15 0.16 0.17 0.18 0.19 0.2  0.21 0.22 0.23 0.24 0.25
 0.26 0.27 0.28 0.29 0.3  0.31 0.32 0.33 0.34 0.35 0.36 0.37 0.38 0.39
 0.4  0.41 0.42 0.43 0.44 0.45 0.46 0.47 0.48 0.49 0.5  0.51 0.52 0.53
 0.54 0.55 0.56 0.57 0.58]","[-0.00075448 -0.00608772 -0.01215126 -0.01896494 -0.02655853 -0.03497314
 -0.04426349 -0.05450136 -0.06578083 -0.07822647 -0.09200654 -0.1073555
 -0.10625396 -0.10284585 -0.09946821 -0.09611961 -0.09279866 -0.08950401
 -0.08623441 -0.08298861 -0.07976546 -0.07656384 -0.07338269 -0.07022101
 -0.06707782 -0.06395222 -0.06084333 -0.05775033 -0.05467243 -0.0516089
 -0.04855901 -0.04552209 -0.0424975  -0.03948464 -0.03648293 -0.03349181
 -0.03051075 -0.02753927 -0.02457689 -0.02162316 -0.01867764 -0.01573994
 -0.01280965 -0.00988642 -0.00696988 -0.00405971 -0.00115558]"
