sigma0re,sigma0im,beta0re,beta0im,mu0re,mu0im,beta1re,beta1im,sigma1re,sigma1im,mu1re,mu1im,alpha0,alpha1,b_star,corresponding_negative_eigenvalues
0.2,0.3,1,1.1,1.0,-1.5999999999999988,1,1.1,0.2,0.3,-0.5,-1.5999999999999996,0.0,0.0,"[0.17 0.18 0.19 0.2  0.21 0.22 0.23 0.24 0.25 0.26 0.27 0.28 0.29 0.3
 0.31 0.32 0.33 0.34 0.35 0.36 0.37 0.38 0.39 0.4  0.41 0.42 0.43 0.44
 0.45 0.46 0.47 0.48 0.49 0.5  0.51 0.52 0.53 0.54 0.55 0.56 0.57 0.58
 0.59 0.6  0.61 0.62 0.63 0.64 0.65 0.66 0.67 0.68 0.69 0.7  0.71 0.72
 0.73 0.74 0.75 0.76 0.77 0.78 0.79]","[-0.00461077 -0.01656936 -0.03026229 -0.04596371 -0.06407991 -0.0852518
 -0.11059482 -0.13483649 -0.1322222  -0.12961768 -0.12702291 -0.12443787
 -0.12186252 -0.11929679 -0.1167406  -0.11419386 -0.11165645 -0.10912826
 -0.10660915 -0.10409898 -0.10159761 -0.09910488 -0.09662063 -0.09414469
 -0.09167688 -0.08921705 -0.08676501 -0.08432058 -0.08188358 -0.07945384
 -0.07703118 -0.07461542 -0.07220637 -0.06980387 -0.06740774 -0.06501781
 -0.0626339  -0.06025585 -0.05788349 -0.05551665 -0.05315519 -0.05079893
 -0.04844772 -0.04610142 -0.04375988 -0.04142294 -0.03909047 -0.03676233
 -0.03443838 -0.03211849 -0.02980254 -0.02749039 -0.02518193 -0.02287703
 -0.02057558 -0.01827747 -0.01598258 -0.0136908  -0.01140204 -0.0091162
 -0.00683316 -0.00455285 -0.00227516]"
