sigma0re,sigma0im,beta0re,beta0im,mu0re,mu0im,beta1re,beta1im,sigma1re,sigma1im,mu1re,mu1im,alpha0,alpha1,b_star,corresponding_negative_eigenvalues
0.2,0.3,1,1.1,1.0,2.6645352591003757e-15,1,1.1,0.2,0.3,-0.5,0.40000000000000213,0.1,0.1,[0.01 0.02 0.03 0.04 0.05 0.06 0.07 0.08 0.09 0.1  0.11 0.12],"[-4.66382942e-06 -1.82229363e-05 -3.93926318e-05 -6.60730521e-05
 -9.54102262e-05 -1.23879725e-04 -1.47390776e-04 -1.61407829e-04
 -1.61085572e-04 -1.41412441e-04 -9.73568611e-05 -2.40099995e-05]"
