sigma0re,sigma0im,beta0re,beta0im,mu0re,mu0im,beta1re,beta1im,sigma1re,sigma1im,mu1re,mu1im,alpha0,alpha1,b_star,corresponding_negative_eigenvalues
0.2,0.3,1,1.1,1.0,1.2000000000000037,1,1.1,0.2,0.3,-0.5,1.6000000000000032,0.1,0.1,"[0.31 0.32 0.33 0.34 0.35 0.36 0.37 0.38 0.39 0.4  0.41 0.42 0.43 0.44
 0.45 0.46 0.47 0.48 0.49 0.5  0.51 0.52 0.53 0.54 0.55 0.56 0.57 0.58
 0.59 0.6  0.61 0.62 0.63 0.64 0.65 0.66 0.67 0.68]","[-0.03238842 -0.09261231 -0.08980167 -0.08701344 -0.08424669 -0.08150053
 -0.07877408 -0.07606655 -0.07337714 -0.07070512 -0.06804978 -0.06541045
 -0.06278651 -0.06017733 -0.05758236 -0.05500104 -0.05243286 -0.04987734
 -0.04733401 -0.04480244 -0.0422822  -0.0397729  -0.03727418 -0.03478568
 -0.03230707 -0.02983804 -0.02737828 -0.02492751 -0.02248547 -0.02005191
 -0.01762659 -0.01520928 -0.01279978 -0.01039788 -0.00800339 -0.00561613
 -0.00323594 -0.00086266]"
