sigma0re,sigma0im,beta0re,beta0im,mu0re,mu0im,beta1re,beta1im,sigma1re,sigma1im,mu1re,mu1im,alpha0,alpha1,b_star,corresponding_negative_eigenvalues
0.2,0.3,1,1.1,1.0,-2.8,1,1.1,0.2,0.3,-0.5,-0.6999999999999988,0.0,0.0,"[0.26 0.27 0.28 0.29 0.3  0.31 0.32 0.33 0.34 0.35 0.36 0.37 0.38 0.39
 0.4  0.41 0.42 0.43 0.44 0.45 0.46 0.47 0.48 0.49 0.5  0.51 0.52 0.53
 0.54 0.55 0.56 0.57 0.58 0.59 0.6  0.61 0.62 0.63 0.64 0.65 0.66 0.67
 0.68 0.69 0.7  0.71 0.72 0.73 0.74 0.75 0.76 0.77 0.78 0.79]","[-0.0157716  -0.05452993 -0.12251698 -0.11992918 -0.11735449 -0.1147927
 -0.11224358 -0.10970692 -0.10718247 -0.10466999 -0.1021692  -0.09967986
 -0.09720169 -0.09473442 -0.09227779 -0.08983152 -0.08739533 -0.08496897
 -0.08255215 -0.08014462 -0.07774612 -0.07535637 -0.07297513 -0.07060215
 -0.06823719 -0.06587999 -0.06353032 -0.06118796 -0.05885267 -0.05652424
 -0.05420244 -0.05188707 -0.04957793 -0.04727481 -0.04497752 -0.04268587
 -0.04039967 -0.03811876 -0.03584294 -0.03357206 -0.03130595 -0.02904445
 -0.02678741 -0.02453467 -0.02228609 -0.02004153 -0.01780085 -0.01556392
 -0.01333061 -0.01110079 -0.00887434 -0.00665115 -0.00443111 -0.00221409]"
