sigma0re,sigma0im,beta0re,beta0im,mu0re,mu0im,beta1re,beta1im,sigma1re,sigma1im,mu1re,mu1im,alpha0,alpha1,b_star,corresponding_negative_eigenvalues
0.2,0.3,1,1.1,1.0,-0.9999999999999982,1,1.1,0.2,0.3,-0.5,-1.5999999999999996,0.1,0.1,"[0.09 0.1  0.11 0.12 0.13 0.14 0.15 0.16 0.17 0.18 0.19 0.2  0.21 0.22
 0.23 0.24 0.25 0.26 0.27 0.28 0.29 0.3  0.31 0.32 0.33 0.34 0.35 0.36
 0.37 0.38 0.39 0.4  0.41 0.42 0.43 0.44 0.45 0.46 0.47 0.48 0.49 0.5
 0.51]","[-0.00087991 -0.00452517 -0.00875978 -0.01358285 -0.01900058 -0.02502593
 -0.03167861 -0.03898551 -0.04698143 -0.05571049 -0.06522811 -0.07560405
 -0.08692692 -0.09931102 -0.09617744 -0.09236493 -0.08859295 -0.08485962
 -0.08116323 -0.07750215 -0.07387485 -0.07027993 -0.06671604 -0.06318196
 -0.05967651 -0.0561986  -0.05274721 -0.04932139 -0.04592022 -0.04254286
 -0.03918853 -0.03585646 -0.03254595 -0.02925633 -0.02598699 -0.02273731
 -0.01950675 -0.01629477 -0.01310087 -0.00992457 -0.00676543 -0.00362301
 -0.00049691]"
