sigma0re,sigma0im,beta0re,beta0im,mu0re,mu0im,beta1re,beta1im,sigma1re,sigma1im,mu1re,mu1im,alpha0,alpha1,b_star,corresponding_negative_eigenvalues
0.2,0.3,1,1.1,1.0,-0.699999999999998,1,1.1,0.2,0.3,-0.5,-0.6999999999999988,0.1,0.1,"[0.01 0.02 0.03 0.04 0.05 0.06 0.07 0.08 0.09 0.1  0.11 0.12 0.13 0.14
 0.15 0.16 0.17 0.18 0.19 0.2  0.21 0.22 0.23 0.24 0.25 0.26 0.27 0.28
 0.29 0.3  0.31 0.32 0.33 0.34 0.35 0.36 0.37 0.38 0.39 0.4  0.41 0.42
 0.43 0.44 0.45 0.46 0.47 0.48 0.49 0.5  0.51 0.52 0.53 0.54 0.55 0.56
 0.57 0.58 0.59 0.6  0.61 0.62 0.63 0.64 0.65 0.66 0.67 0.68 0.69 0.7
 0.71 0.72 0.73 0.74 0.75 0.76 0.77 0.78 0.79 0.8  0.81 0.82 0.83 0.84
 0.85 0.86 0.87]","[-0.0002142  -0.00085809 -0.00193564 -0.00345352 -0.00542127 -0.00785143
 -0.01075975 -0.01416531 -0.01809041 -0.02256006 -0.0276003  -0.03323412
 -0.03947211 -0.04629242 -0.05360065 -0.06116253 -0.06853453 -0.07510406
 -0.08034654 -0.08409707 -0.0865241  -0.0879196  -0.08855466 -0.08863728
 -0.08831673 -0.08769838 -0.08685694 -0.08584608 -0.08470503 -0.08346291
 -0.0821417  -0.08075824 -0.07932561 -0.07785408 -0.07635184 -0.07482544
 -0.07328022 -0.07172051 -0.07014989 -0.06857134 -0.06698733 -0.06539993
 -0.0638109  -0.06222172 -0.06063366 -0.05904779 -0.05746503 -0.0558862
 -0.05431196 -0.05274293 -0.05117961 -0.04962246 -0.04807187 -0.04652819
 -0.04499172 -0.04346272 -0.04194144 -0.04042807 -0.0389228  -0.0374258
 -0.0359372  -0.03445714 -0.03298574 -0.03152309 -0.0300693  -0.02862443
 -0.02718857 -0.02576179 -0.02434415 -0.0229357  -0.0215365  -0.02014658
 -0.01876601 -0.01739481 -0.01603302 -0.01468067 -0.01333781 -0.01200445
 -0.01068063 -0.00936637 -0.00806169 -0.00676663 -0.0054812  -0.00420542
 -0.00293932 -0.00168291 -0.00043622]"
