sigma0re,sigma0im,beta0re,beta0im,mu0re,mu0im,beta1re,beta1im,sigma1re,sigma1im,mu1re,mu1im,alpha0,alpha1,b_star,corresponding_negative_eigenvalues
0.2,0.3,1,1.1,1.0,-1.3999999999999986,1,1.1,0.2,0.3,-0.5,-2.0,0.0,0.0,"[0.14 0.15 0.16 0.17 0.18 0.19 0.2  0.21 0.22 0.23 0.24 0.25 0.26 0.27
 0.28 0.29 0.3  0.31 0.32 0.33 0.34 0.35 0.36 0.37 0.38 0.39 0.4  0.41
 0.42 0.43 0.44 0.45 0.46 0.47 0.48 0.49 0.5  0.51]","[-0.00356061 -0.01382047 -0.02554082 -0.03886585 -0.05399855 -0.0712307
 -0.09099893 -0.11210441 -0.10818024 -0.10427966 -0.10040196 -0.0965464
 -0.09271222 -0.08889865 -0.08510489 -0.08133018 -0.07757374 -0.07383478
 -0.07011256 -0.06640634 -0.06271539 -0.05903901 -0.05537653 -0.05172728
 -0.04809062 -0.04446594 -0.04085266 -0.0372502  -0.03365801 -0.03007558
 -0.02650241 -0.02293801 -0.01938192 -0.01583372 -0.01229297 -0.00875929
 -0.00523228 -0.00171159]"
