sigma0re,sigma0im,beta0re,beta0im,mu0re,mu0im,beta1re,beta1im,sigma1re,sigma1im,mu1re,mu1im,alpha0,alpha1,b_star,corresponding_negative_eigenvalues
0.2,0.3,1,1.1,1.0,-0.5999999999999979,1,1.1,0.2,0.3,-0.5,-1.9,0.0,0.0,"[0.01 0.02 0.03 0.04 0.05 0.06 0.07 0.08 0.09 0.1  0.11 0.12 0.13 0.14
 0.15 0.16 0.17 0.18 0.19 0.2  0.21 0.22 0.23 0.24 0.25 0.26]","[-0.00063135 -0.00254366 -0.00579394 -0.01048467 -0.0167749  -0.02488948
 -0.03508509 -0.04734059 -0.05995402 -0.06842034 -0.07111864 -0.07023858
 -0.06752334 -0.06382839 -0.05957178 -0.05497323 -0.05015681 -0.04519676
 -0.04013961 -0.0350156  -0.02984489 -0.02464126 -0.01941423 -0.0141705
 -0.00891479 -0.00365041]"
