sigma0re,sigma0im,beta0re,beta0im,mu0re,mu0im,beta1re,beta1im,sigma1re,sigma1im,mu1re,mu1im,alpha0,alpha1,b_star,corresponding_negative_eigenvalues
0.2,0.3,1,1.1,1.0,0.7000000000000033,1,1.1,0.2,0.3,-0.5,0.8000000000000025,0.0,0.0,"[0.29 0.3  0.31 0.32 0.33 0.34 0.35 0.36 0.37 0.38 0.39 0.4  0.41 0.42
 0.43 0.44 0.45 0.46 0.47 0.48 0.49 0.5  0.51 0.52 0.53 0.54 0.55 0.56
 0.57 0.58 0.59 0.6  0.61 0.62 0.63 0.64 0.65 0.66]","[-0.00942067 -0.03657624 -0.07451997 -0.07239433 -0.07026031 -0.06812076
 -0.06597793 -0.06383359 -0.06168913 -0.05954567 -0.05740407 -0.05526503
 -0.05312907 -0.05099662 -0.04886798 -0.04674339 -0.04462302 -0.04250699
 -0.04039536 -0.03828817 -0.03618543 -0.03408712 -0.03199321 -0.02990363
 -0.02781831 -0.0257372  -0.02366019 -0.02158719 -0.01951811 -0.01745285
 -0.0153913  -0.01333336 -0.01127893 -0.00922789 -0.00718013 -0.00513556
 -0.00309406 -0.00105554]"
