sigma0re,sigma0im,beta0re,beta0im,mu0re,mu0im,beta1re,beta1im,sigma1re,sigma1im,mu1re,mu1im,alpha0,alpha1,b_star,corresponding_negative_eigenvalues
0.2,0.3,1,1.1,1.0,1.5000000000000036,1,1.1,0.2,0.3,-0.5,1.8000000000000034,0.0,0.0,"[0.24 0.25 0.26 0.27 0.28 0.29 0.3  0.31 0.32 0.33 0.34 0.35 0.36 0.37
 0.38 0.39 0.4  0.41 0.42 0.43 0.44 0.45 0.46 0.47 0.48 0.49 0.5  0.51
 0.52 0.53 0.54 0.55 0.56 0.57 0.58 0.59 0.6  0.61 0.62]","[-0.01743665 -0.08510466 -0.11093034 -0.1077055  -0.10449573 -0.10130069
 -0.09812003 -0.09495338 -0.09180036 -0.08866058 -0.08553366 -0.0824192
 -0.07931681 -0.07622608 -0.07314664 -0.0700781  -0.06702007 -0.06397218
 -0.06093407 -0.05790536 -0.05488572 -0.05187479 -0.04887224 -0.04587774
 -0.04289098 -0.03991165 -0.03693945 -0.03397409 -0.03101529 -0.02806279
 -0.02511631 -0.0221756  -0.01924043 -0.01631056 -0.01338575 -0.01046579
 -0.00755047 -0.00463958 -0.00173293]"
