sigma0re,sigma0im,beta0re,beta0im,mu0re,mu0im,beta1re,beta1im,sigma1re,sigma1im,mu1re,mu1im,alpha0,alpha1,b_star,corresponding_negative_eigenvalues
0.2,0.3,1,1.1,1.0,-0.2999999999999976,1,1.1,0.2,0.3,-0.5,-1.0999999999999992,0.0,0.0,"[0.01 0.02 0.03 0.04 0.05 0.06 0.07 0.08 0.09 0.1  0.11 0.12 0.13 0.14
 0.15 0.16 0.17 0.18 0.19 0.2  0.21 0.22 0.23 0.24]","[-0.00018205 -0.00072484 -0.00161787 -0.0028423  -0.00436881 -0.00615481
 -0.00814102 -0.01024839 -0.01237666 -0.01440675 -0.01620926 -0.01765924
 -0.01865413 -0.01912842 -0.019059   -0.01846036 -0.01737326 -0.0158523
 -0.01395599 -0.01174036 -0.00925574 -0.00654558 -0.00364656 -0.00058918]"
