sigma0re,sigma0im,beta0re,beta0im,mu0re,mu0im,beta1re,beta1im,sigma1re,sigma1im,mu1re,mu1im,alpha0,alpha1,b_star,corresponding_negative_eigenvalues
0.2,0.3,1,1.1,1.0,-1.4999999999999987,1,1.1,0.2,0.3,-0.5,-1.3999999999999995,0.0,0.0,"[0.18 0.19 0.2  0.21 0.22 0.23 0.24 0.25 0.26 0.27 0.28 0.29 0.3  0.31
 0.32 0.33 0.34 0.35 0.36 0.37 0.38 0.39 0.4  0.41 0.42 0.43 0.44 0.45
 0.46 0.47 0.48 0.49 0.5  0.51 0.52 0.53 0.54 0.55 0.56 0.57 0.58 0.59
 0.6  0.61 0.62 0.63 0.64 0.65 0.66 0.67 0.68 0.69 0.7  0.71 0.72 0.73
 0.74 0.75 0.76 0.77 0.78 0.79 0.8  0.81 0.82 0.83 0.84 0.85 0.86 0.87
 0.88 0.89]","[-0.00798931 -0.01902991 -0.03156117 -0.04580094 -0.06206292 -0.08082289
 -0.10286149 -0.1296316  -0.13551461 -0.1331452  -0.13078554 -0.12843561
 -0.12609537 -0.12376477 -0.12144372 -0.11913215 -0.11682994 -0.114537
 -0.11225321 -0.10997842 -0.10771252 -0.10545535 -0.10320677 -0.10096662
 -0.09873474 -0.09651099 -0.09429519 -0.09208718 -0.08988679 -0.08769386
 -0.08550823 -0.08332972 -0.08115817 -0.07899342 -0.07683529 -0.07468364
 -0.07253829 -0.07039909 -0.06826588 -0.06613851 -0.06401682 -0.06190067
 -0.0597899  -0.05768438 -0.05558396 -0.05348849 -0.05139785 -0.0493119
 -0.04723051 -0.04515355 -0.0430809  -0.04101242 -0.03894801 -0.03688755
 -0.03483092 -0.032778   -0.0307287  -0.02868291 -0.02664051 -0.02460142
 -0.02256553 -0.02053274 -0.01850297 -0.01647612 -0.0144521  -0.01243083
 -0.01041222 -0.00839619 -0.00638266 -0.00437156 -0.00236281 -0.00035633]"
