sigma0re,sigma0im,beta0re,beta0im,mu0re,mu0im,beta1re,beta1im,sigma1re,sigma1im,mu1re,mu1im,alpha0,alpha1,b_star,corresponding_negative_eigenvalues
0.2,0.3,1,1.1,1.0,-1.899999999999999,1,1.1,0.2,0.3,-0.5,-0.2999999999999985,0.1,0.1,"[0.32 0.33 0.34 0.35 0.36 0.37 0.38 0.39 0.4  0.41 0.42 0.43 0.44 0.45
 0.46 0.47 0.48 0.49 4.4  4.41 4.42 4.43 4.44 4.45 4.46 4.47 4.48 4.49
 4.5  4.51 4.52 4.53 4.54 4.55 4.56 4.57 4.58 4.59 4.6  4.61 4.62 4.63
 4.64 4.65 4.66 4.67 4.68 4.69 4.7  4.71 4.72 4.73 4.74 4.75 4.76 4.77
 4.78 4.79 4.8  4.81 4.82 4.83 4.84 4.85 4.86 4.87 4.88 4.89 4.9  4.91
 4.92 4.93 4.94 4.95 4.96 4.97 4.98 4.99 5.  ]","[-0.00900243 -0.04086752 -0.03845674 -0.03603146 -0.0335958  -0.03115315
 -0.02870635 -0.02625773 -0.02380927 -0.02136262 -0.01891918 -0.01648013
 -0.01404648 -0.01161909 -0.00919871 -0.00678595 -0.00438138 -0.00198545
 -0.0013748  -0.0044733  -0.00759339 -0.01073514 -0.01389858 -0.01708375
 -0.02029071 -0.0235195  -0.02677016 -0.03004273 -0.03333727 -0.03665381
 -0.0399924  -0.04335309 -0.04673591 -0.05014092 -0.05356815 -0.05701766
 -0.06048948 -0.06398366 -0.06750024 -0.07103927 -0.0746008  -0.07818486
 -0.0817915  -0.08542076 -0.08907268 -0.09274732 -0.09644472 -0.10016491
 -0.10390794 -0.10767385 -0.1114627  -0.11527451 -0.11910934 -0.12296723
 -0.12684822 -0.13075236 -0.13467968 -0.13863023 -0.14260405 -0.1466012
 -0.1506217  -0.1546656  -0.15873295 -0.16282378 -0.16693815 -0.17107608
 -0.17523764 -0.17942285 -0.18363176 -0.18786441 -0.19212084 -0.19640111
 -0.20070524 -0.20503328 -0.20938528 -0.21376127 -0.21816129 -0.2225854
 -0.22703362]"
