sigma0re,sigma0im,beta0re,beta0im,mu0re,mu0im,beta1re,beta1im,sigma1re,sigma1im,mu1re,mu1im,alpha0,alpha1,b_star,corresponding_negative_eigenvalues
0.2,0.3,1,1.1,1.0,2.600000000000005,1,1.1,0.2,0.3,-0.5,0.20000000000000195,0.1,0.1,"[0.01 0.02 0.03 0.04 0.05 0.06 0.07 0.08 0.09 0.1  0.11 0.12 0.13 0.14
 0.15 0.16 0.17 0.18 0.19 0.2  0.21 0.22 0.23 0.24 0.25 0.26 0.27 0.28
 0.29 0.3  0.31]","[-0.00025059 -0.00100204 -0.00225303 -0.00400016 -0.00623573 -0.0089441
 -0.01209571 -0.01563796 -0.01948243 -0.02348989 -0.02745965 -0.03113694
 -0.03425299 -0.03659228 -0.03804876 -0.03863358 -0.03843829 -0.0375877
 -0.03620656 -0.03440375 -0.03226814 -0.0298699  -0.02726362 -0.02449157
 -0.02158656 -0.01857415 -0.01547437 -0.01230307 -0.00907283 -0.00579374
 -0.00247395]"
