sigma0re,sigma0im,beta0re,beta0im,mu0re,mu0im,beta1re,beta1im,sigma1re,sigma1im,mu1re,mu1im,alpha0,alpha1,b_star,corresponding_negative_eigenvalues
0.2,0.3,1,1.1,1.0,-0.8999999999999981,1,1.1,0.2,0.3,-0.5,-1.3999999999999995,0.1,0.1,"[0.01 0.02 0.03 0.04 0.05 0.06 0.07 0.08 0.09 0.1  0.11 0.12 0.13 0.14
 0.15 0.16 0.17 0.18 0.19 0.2  0.21 0.22 0.23 0.24 0.25 0.26 0.27 0.28
 0.29 0.3  0.31 0.32 0.33 0.34 0.35 0.36 0.37 0.38 0.39 0.4  0.41 0.42
 0.43 0.44 0.45 0.46 0.47 0.48 0.49 0.5  0.51 0.52]","[-0.0005554  -0.0022421  -0.00512602 -0.0058672  -0.00719712 -0.00912919
 -0.01151199 -0.01431671 -0.01753889 -0.0211828  -0.02525728 -0.02977447
 -0.03474946 -0.04020035 -0.04614856 -0.05261938 -0.05964269 -0.06725395
 -0.07549557 -0.08441878 -0.09408623 -0.09785095 -0.09420656 -0.09060467
 -0.08704309 -0.08351977 -0.08003286 -0.07658065 -0.07316154 -0.06977408
 -0.0664169  -0.06308874 -0.05978844 -0.0565149  -0.05326712 -0.05004413
 -0.04684506 -0.04366908 -0.0405154  -0.03738331 -0.03427212 -0.03118119
 -0.0281099  -0.02505769 -0.02202403 -0.0190084  -0.01601032 -0.01302935
 -0.01006504 -0.007117   -0.00418483 -0.00126818]"
