sigma0re,sigma0im,beta0re,beta0im,mu0re,mu0im,beta1re,beta1im,sigma1re,sigma1im,mu1re,mu1im,alpha0,alpha1,b_star,corresponding_negative_eigenvalues
0.2,0.3,1,1.1,1.0,-0.4999999999999978,1,1.1,0.2,0.3,-0.5,-1.0999999999999992,0.1,0.1,"[0.01 0.02 0.03 0.04 0.05 0.06 0.07 0.08 0.09 0.1  0.11 0.12 0.13 0.14
 0.15 0.16 0.17 0.18 0.19 0.2  0.21 0.22 0.23 0.24 0.25 0.26 0.27 0.28
 0.29 0.3  0.31 0.32 0.33 0.34 0.35 0.36 0.37 0.38]","[-0.00023988 -0.00095994 -0.00216131 -0.00384525 -0.00601209 -0.00865926
 -0.01177809 -0.01534841 -0.01932995 -0.02364954 -0.02818427 -0.0327454
 -0.03707677 -0.04088774 -0.04392513 -0.04604726 -0.04724677 -0.0476148
 -0.04728566 -0.04639577 -0.04506421 -0.04338755 -0.04144144 -0.03928429
 -0.03696103 -0.03450632 -0.03194703 -0.02930417 -0.02659428 -0.02383047
 -0.02102324 -0.01818105 -0.01531074 -0.01241793 -0.00950719 -0.00658233
 -0.00364648 -0.00070226]"
