sigma0re,sigma0im,beta0re,beta0im,mu0re,mu0im,beta1re,beta1im,sigma1re,sigma1im,mu1re,mu1im,alpha0,alpha1,b_star,corresponding_negative_eigenvalues
0.2,0.3,1,1.1,1.0,2.2000000000000046,1,1.1,0.2,0.3,-0.5,0.30000000000000204,0.1,0.1,"[0.01 0.02 0.03 0.04 0.05 0.06 0.07 0.08 0.09 0.1  0.11 0.12 0.13 0.14
 0.15 0.16 0.17 0.18 0.19 0.2  0.21 0.22 0.23 0.24 0.25 0.26 0.27 0.28
 0.29 0.3  0.31 0.32 0.33 0.34 0.35 0.36 0.37 0.38 0.39 0.4  0.41 0.42
 0.43 0.44 0.45 0.46 0.47 0.48 0.49 0.5  4.75 4.76 4.77 4.78 4.79 4.8
 4.81 4.82 4.83 4.84 4.85 4.86 4.87 4.88 4.89 4.9  4.91 4.92 4.93 4.94
 4.95 4.96 4.97 4.98 4.99 5.  ]","[-0.00031193 -0.00125152 -0.00283035 -0.00506834 -0.00799468 -0.01164905
 -0.016083   -0.02136032 -0.02755401 -0.03473106 -0.04290115 -0.05187056
 -0.06094251 -0.06877108 -0.07418839 -0.0771564  -0.07831237 -0.07827241
 -0.07745505 -0.07612257 -0.0744395  -0.07251168 -0.07040932 -0.06818031
 -0.06585823 -0.06346713 -0.06102459 -0.05854367 -0.05603421 -0.05350369
 -0.0509579  -0.04840133 -0.04583748 -0.04326912 -0.04069843 -0.03812715
 -0.03555664 -0.03298801 -0.03042213 -0.02785969 -0.02530125 -0.02274724
 -0.02019801 -0.01765383 -0.0151149  -0.01258139 -0.01005341 -0.00753106
 -0.0050144  -0.00250346 -0.00343501 -0.00742387 -0.01143781 -0.01547687
 -0.01954109 -0.02363049 -0.02774513 -0.03188505 -0.03605027 -0.04024083
 -0.04445679 -0.04869816 -0.052965   -0.05725734 -0.06157522 -0.06591867
 -0.07028774 -0.07468245 -0.07910286 -0.08354899 -0.08802088 -0.09251857
 -0.09704209 -0.10159149 -0.1061668  -0.11076805]"
