sigma0re,sigma0im,beta0re,beta0im,mu0re,mu0im,beta1re,beta1im,sigma1re,sigma1im,mu1re,mu1im,alpha0,alpha1,b_star,corresponding_negative_eigenvalues
0.2,0.3,1,1.1,1.0,2.400000000000005,1,1.1,0.2,0.3,-0.5,0.6000000000000023,0.0,0.0,"[0.16 0.17 0.18 0.19 0.2  0.21 0.22 0.23 0.24 0.25 0.26 0.27 0.28 0.29
 0.3  0.31 0.32 0.33 0.34 0.35 0.36 0.37 0.38 0.39 0.4  0.41 0.42 0.43
 0.44 0.45 0.46 0.47 0.48 0.49 0.5  0.51 0.52 0.53 0.54 0.55 0.56 0.57
 0.58 0.59 0.6  0.61 0.62 0.63 0.64 0.65 0.66 0.67 0.68 0.69 0.7  0.71
 0.72 0.73 0.74 0.75 0.76 0.77 0.78 0.79 0.8 ]","[-6.13166941e-03 -1.32596865e-02 -2.12338878e-02 -3.01117505e-02
 -3.99688186e-02 -5.09047299e-02 -6.30526379e-02 -7.65945884e-02
 -9.17881205e-02 -1.09016009e-01 -1.24574937e-01 -1.21944791e-01
 -1.19334154e-01 -1.16742549e-01 -1.14169489e-01 -1.11614476e-01
 -1.09077009e-01 -1.06556585e-01 -1.04052703e-01 -1.01564864e-01
 -9.90925738e-02 -9.66353475e-02 -9.41927060e-02 -9.17641800e-02
 -8.93493099e-02 -8.69476467e-02 -8.45587523e-02 -8.21821998e-02
 -7.98175738e-02 -7.74644708e-02 -7.51224985e-02 -7.27912768e-02
 -7.04704367e-02 -6.81596209e-02 -6.58584832e-02 -6.35666887e-02
 -6.12839131e-02 -5.90098430e-02 -5.67441750e-02 -5.44866161e-02
 -5.22368829e-02 -4.99947018e-02 -4.77598081e-02 -4.55319464e-02
 -4.33108698e-02 -4.10963399e-02 -3.88881265e-02 -3.66860070e-02
 -3.44897668e-02 -3.22991984e-02 -3.01141015e-02 -2.79342826e-02
 -2.57595548e-02 -2.35897377e-02 -2.14246570e-02 -1.92641444e-02
 -1.71080371e-02 -1.49561783e-02 -1.28084160e-02 -1.06646037e-02
 -8.52459989e-03 -6.38826759e-03 -4.25547463e-03 -2.12609326e-03
 -5.55111512e-17]"
