sigma0re,sigma0im,beta0re,beta0im,mu0re,mu0im,beta1re,beta1im,sigma1re,sigma1im,mu1re,mu1im,alpha0,alpha1,b_star,corresponding_negative_eigenvalues
0.2,0.3,1,1.1,1.0,-1.4999999999999987,1,1.1,0.2,0.3,-0.5,-1.3999999999999995,0.1,0.1,"[0.19 0.2  0.21 0.22 0.23 0.24 0.25 0.26 0.27 0.28 0.29 0.3  0.31 0.32
 0.33 0.34 0.35 0.36 0.37 0.38 0.39 0.4  0.41 0.42 0.43 0.44 0.45 0.46
 0.47 0.48 0.49 0.5  0.51 0.52 0.53 0.54 0.55 0.56 0.57 0.58 0.59 0.6
 0.61 0.62 0.63 0.64 0.65 0.66 0.67 0.68 0.69 0.7  0.71 0.72 0.73 0.74
 0.75 0.76 0.77 0.78 0.79 0.8  0.81 0.82 0.83 0.84 0.85 0.86 0.87 0.88
 0.89 0.9  0.91 0.92 0.93 0.94 0.95 0.96 0.97 0.98 0.99 1.   1.01 1.02
 1.03]","[-3.68243872e-03 -1.35316156e-02 -2.46605661e-02 -3.72293306e-02
 -5.14582139e-02 -6.76623263e-02 -8.63178912e-02 -1.08205669e-01
 -1.34782358e-01 -1.37557661e-01 -1.35381390e-01 -1.33208924e-01
 -1.31040351e-01 -1.28875771e-01 -1.26715294e-01 -1.24559045e-01
 -1.22407159e-01 -1.20259783e-01 -1.18117076e-01 -1.15979209e-01
 -1.13846365e-01 -1.11718738e-01 -1.09596531e-01 -1.07479962e-01
 -1.05369256e-01 -1.03264650e-01 -1.01166388e-01 -9.90747261e-02
 -9.69899278e-02 -9.49122645e-02 -9.28420155e-02 -9.07794668e-02
 -8.87249111e-02 -8.66786465e-02 -8.46409764e-02 -8.26122086e-02
 -8.05926546e-02 -7.85826291e-02 -7.65824492e-02 -7.45924341e-02
 -7.26129037e-02 -7.06441789e-02 -6.86865801e-02 -6.67404272e-02
 -6.48060387e-02 -6.28837312e-02 -6.09738187e-02 -5.90766125e-02
 -5.71924198e-02 -5.53215443e-02 -5.34642848e-02 -5.16209351e-02
 -4.97917836e-02 -4.79771127e-02 -4.61771986e-02 -4.43923106e-02
 -4.26227113e-02 -4.08686553e-02 -3.91303898e-02 -3.74081538e-02
 -3.57021778e-02 -3.40126836e-02 -3.23398839e-02 -3.06839822e-02
 -2.90451723e-02 -2.74236381e-02 -2.58195534e-02 -2.42330818e-02
 -2.26643759e-02 -2.11135777e-02 -1.95808179e-02 -1.80662159e-02
 -1.65698794e-02 -1.50919043e-02 -1.36323745e-02 -1.21913613e-02
 -1.07689238e-02 -9.36510811e-03 -7.97994736e-03 -6.61346151e-03
 -5.26565711e-03 -3.93652707e-03 -2.62605051e-03 -1.33419254e-03
 -6.09040901e-05]"
