sigma0re,sigma0im,beta0re,beta0im,mu0re,mu0im,beta1re,beta1im,sigma1re,sigma1im,mu1re,mu1im,alpha0,alpha1,b_star,corresponding_negative_eigenvalues
0.2,0.3,1,1.1,1.0,-0.3999999999999977,1,1.1,0.2,0.3,-0.5,-1.3999999999999995,0.0,0.0,"[0.01 0.02 0.03 0.04 0.05 0.06 0.07 0.08 0.09 0.1  0.11 0.12 0.13 0.14
 0.15 0.16 0.17 0.18 0.19 0.2  0.21 0.22 0.23 0.24]","[-0.00030928 -0.00123552 -0.00277308 -0.00490934 -0.00761905 -0.01085457
 -0.01453063 -0.01850308 -0.02254688 -0.02635029 -0.02955359 -0.03184264
 -0.03304778 -0.03317197 -0.03233883 -0.03071831 -0.02847589 -0.02575107
 -0.02265382 -0.01926817 -0.01565761 -0.01187007 -0.00794188 -0.00390076]"
