sigma0re,sigma0im,beta0re,beta0im,mu0re,mu0im,beta1re,beta1im,sigma1re,sigma1im,mu1re,mu1im,alpha0,alpha1,b_star,corresponding_negative_eigenvalues
0.2,0.3,1,1.1,1.0,1.0000000000000036,1,1.1,0.2,0.3,-0.5,1.0000000000000027,0.1,0.1,"[0.33 0.34 0.35 0.36 0.37 0.38 0.39 0.4  0.41 0.42 0.43 0.44 0.45 0.46
 0.47 0.48 0.49 0.5  0.51 0.52 0.53 0.54 0.55 0.56 0.57 0.58 0.59 0.6
 0.61 0.62 0.63 0.64 0.65 0.66 0.67 0.68 0.69 0.7  0.71 0.72 0.73 0.74
 0.75 0.76 0.77 0.78 0.79 0.8  0.81 0.82 0.83 0.84 0.85 0.86 0.87 0.88
 0.89 0.9  0.91 0.92 0.93 0.94 0.95 0.96 0.97 0.98 0.99 1.   1.01 1.02
 1.03 1.04 1.05 1.06 1.07 1.08 1.09 1.1  1.11 1.12 1.13 1.14 1.15 1.16
 1.17 1.18]","[-0.0024616  -0.02025731 -0.04482117 -0.09978313 -0.10876671 -0.10698789
 -0.10523027 -0.10349309 -0.10177557 -0.10007702 -0.09839675 -0.09673412
 -0.09508851 -0.09345934 -0.09184604 -0.09024808 -0.08866495 -0.08709618
 -0.08554129 -0.08399984 -0.08247142 -0.08095561 -0.07945204 -0.07796033
 -0.07648014 -0.07501112 -0.07355297 -0.07210536 -0.07066801 -0.06924063
 -0.06782296 -0.06641474 -0.06501572 -0.06362567 -0.06224436 -0.06087157
 -0.05950709 -0.05815074 -0.05680232 -0.05546164 -0.05412853 -0.05280283
 -0.05148437 -0.050173   -0.04886858 -0.04757096 -0.04628001 -0.04499559
 -0.04371759 -0.04244589 -0.04118036 -0.03992091 -0.03866742 -0.0374198
 -0.03617795 -0.03494178 -0.03371119 -0.03248611 -0.03126645 -0.03005214
 -0.0288431  -0.02763925 -0.02644054 -0.02524689 -0.02405824 -0.02287453
 -0.0216957  -0.02052171 -0.01935248 -0.01818799 -0.01702816 -0.01587297
 -0.01472236 -0.01357629 -0.01243473 -0.01129762 -0.01016495 -0.00903666
 -0.00791272 -0.00679311 -0.0056778  -0.00456674 -0.00345992 -0.0023573
 -0.00125887 -0.00016459]"
