sigma0re,sigma0im,beta0re,beta0im,mu0re,mu0im,beta1re,beta1im,sigma1re,sigma1im,mu1re,mu1im,alpha0,alpha1,b_star,corresponding_negative_eigenvalues
0.2,0.3,1,1.1,1.0,-1.9999999999999991,1,1.1,0.2,0.3,-0.5,-1.9,0.0,0.0,"[0.17 0.18 0.19 0.2  0.21 0.22 0.23 0.24 0.25 0.26 0.27 0.28 0.29 0.3
 0.31 0.32 0.33 0.34 0.35 0.36 0.37 0.38 0.39 0.4  0.41 0.42 0.43 0.44
 0.45 0.46 0.47 0.48 0.49 0.5  0.51 0.52 0.53 0.54 0.55 0.56 0.57 0.58
 0.59 0.6  0.61 0.62 0.63 0.64 0.65 0.66 0.67 0.68 0.69 0.7  0.71 0.72
 0.73 0.74 0.75 0.76 0.77 0.78 0.79 0.8  0.81 0.82 0.83 0.84 0.85 0.86]","[-0.01502588 -0.03366813 -0.05590124 -0.08300646 -0.11765726 -0.14627034
 -0.14386939 -0.14147324 -0.13908196 -0.13669564 -0.13431431 -0.13193804
 -0.12956684 -0.12720074 -0.12483977 -0.12248392 -0.1201332  -0.11778759
 -0.11544708 -0.11311164 -0.11078125 -0.10845587 -0.10613545 -0.10381995
 -0.10150932 -0.0992035  -0.09690243 -0.09460605 -0.09231429 -0.09002708
 -0.08774435 -0.08546603 -0.08319205 -0.08092231 -0.07865676 -0.0763953
 -0.07413785 -0.07188434 -0.06963469 -0.0673888  -0.06514661 -0.06290802
 -0.06067296 -0.05844135 -0.0562131  -0.05398813 -0.05176637 -0.04954774
 -0.04733215 -0.04511954 -0.04290982 -0.04070292 -0.03849877 -0.03629728
 -0.03409841 -0.03190206 -0.02970817 -0.02751668 -0.02532752 -0.02314061
 -0.02095591 -0.01877333 -0.01659283 -0.01441435 -0.01223781 -0.01006317
 -0.00789037 -0.00571935 -0.00355007 -0.00138246]"
