sigma0re,sigma0im,beta0re,beta0im,mu0re,mu0im,beta1re,beta1im,sigma1re,sigma1im,mu1re,mu1im,alpha0,alpha1,b_star,corresponding_negative_eigenvalues
0.2,0.3,1,1.1,1.0,1.5000000000000036,1,1.1,0.2,0.3,-0.5,1.6000000000000032,0.1,0.1,"[0.28 0.29 0.3  0.31 0.32 0.33 0.34 0.35 0.36 0.37 0.38 0.39 0.4  0.41
 0.42 0.43 0.44 0.45 0.46 0.47 0.48 0.49 0.5  0.51 0.52 0.53 0.54 0.55
 0.56 0.57 0.58 0.59 0.6  0.61 0.62 0.63 0.64 0.65 0.66 0.67 0.68 0.69
 0.7  0.71 0.72 0.73 0.74 0.75 0.76 0.77 0.78 0.79 0.8  0.81 0.82 0.83
 0.84 0.85 0.86 0.87 0.88 0.89 0.9  0.91 0.92 0.93 0.94 0.95]","[-0.00564417 -0.03596304 -0.09567499 -0.12150243 -0.1192749  -0.11706469
 -0.11487139 -0.11269458 -0.11053384 -0.10838877 -0.10625896 -0.104144
 -0.1020435  -0.09995706 -0.09788431 -0.09582487 -0.09377838 -0.09174448
 -0.08972282 -0.08771308 -0.08571493 -0.08372805 -0.08175215 -0.07978692
 -0.07783209 -0.07588737 -0.07395252 -0.07202728 -0.07011139 -0.06820464
 -0.06630679 -0.06441763 -0.06253695 -0.06066456 -0.05880026 -0.05694387
 -0.05509521 -0.05325413 -0.05142045 -0.04959404 -0.04777473 -0.04596239
 -0.04415689 -0.0423581  -0.04056589 -0.03878016 -0.03700079 -0.03522767
 -0.03346071 -0.0316998  -0.02994485 -0.02819579 -0.02645251 -0.02471496
 -0.02298304 -0.02125669 -0.01953584 -0.01782042 -0.01611037 -0.01440564
 -0.01270616 -0.01101189 -0.00932277 -0.00763875 -0.0059598  -0.00428586
 -0.0026169  -0.00095288]"
