sigma0re,sigma0im,beta0re,beta0im,mu0re,mu0im,beta1re,beta1im,sigma1re,sigma1im,mu1re,mu1im,alpha0,alpha1,b_star,corresponding_negative_eigenvalues
0.2,0.3,1,1.1,1.0,-0.8999999999999981,1,1.1,0.2,0.3,-0.5,-1.0999999999999992,0.1,0.1,"[0.01 0.02 0.03 0.04 0.05 0.06 0.07 0.08 0.09 0.1  0.11 0.12 0.13 0.14
 0.15 0.16 0.17 0.18 0.19 0.2  0.21 0.22 0.23 0.24 0.25 0.26 0.27 0.28
 0.29 0.3  0.31 0.32 0.33 0.34 0.35 0.36 0.37 0.38 0.39 0.4  0.41 0.42
 0.43 0.44 0.45 0.46 0.47 0.48 0.49 0.5  0.51 0.52 0.53 0.54 0.55 0.56
 0.57 0.58 0.59 0.6  0.61 0.62 0.63 0.64 0.65 0.66 0.67]","[-0.0004355  -0.00175368 -0.00399133 -0.00721649 -0.00726669 -0.00873917
 -0.01072983 -0.0131248  -0.0158979  -0.01904412 -0.02256668 -0.02647325
 -0.03077466 -0.03548449 -0.04061909 -0.04619785 -0.05224362 -0.05878333
 -0.0658489  -0.07347841 -0.08171772 -0.09062271 -0.10026259 -0.10809304
 -0.10513254 -0.10220729 -0.09931573 -0.09645645 -0.09362814 -0.09082957
 -0.0880596  -0.0853172  -0.08260138 -0.07991123 -0.07724591 -0.07460461
 -0.07198659 -0.06939117 -0.06681769 -0.06426555 -0.06173416 -0.059223
 -0.05673155 -0.05425934 -0.05180593 -0.0493709  -0.04695383 -0.04455436
 -0.04217214 -0.03980682 -0.0374581  -0.03512566 -0.03280922 -0.03050852
 -0.0282233  -0.0259533  -0.02369832 -0.02145811 -0.01923248 -0.01702122
 -0.01482415 -0.01264108 -0.01047185 -0.00831628 -0.00617421 -0.00404551
 -0.00193002]"
