sigma0re,sigma0im,beta0re,beta0im,mu0re,mu0im,beta1re,beta1im,sigma1re,sigma1im,mu1re,mu1im,alpha0,alpha1,b_star,corresponding_negative_eigenvalues
0.2,0.3,1,1.1,1.0,2.9000000000000057,1,1.1,0.2,0.3,-0.5,0.10000000000000187,0.0,0.0,"[0.01 0.02 0.03 0.04 0.05 0.06 0.07 0.08 0.09 0.1  0.11 0.12 0.13 0.14
 0.15]","[-0.0001596  -0.00063078 -0.00139005 -0.00239616 -0.00358738 -0.00487899
 -0.00616246 -0.00730901 -0.00817973 -0.00864263 -0.00859232 -0.00796538
 -0.00674489 -0.00495366 -0.00264109]"
