sigma0re,sigma0im,beta0re,beta0im,mu0re,mu0im,beta1re,beta1im,sigma1re,sigma1im,mu1re,mu1im,alpha0,alpha1,b_star,corresponding_negative_eigenvalues
0.2,0.3,1,1.1,1.0,-0.3999999999999977,1,1.1,0.2,0.3,-0.5,-1.9,0.0,0.0,"[0.01 0.02 0.03 0.04 0.05 0.06 0.07 0.08 0.09 0.1  0.11 0.12 0.13 0.14
 0.15 0.16 0.17 0.18 0.19 0.2 ]","[-0.00041978 -0.00167737 -0.00376538 -0.00666319 -0.01032109 -0.01463034
 -0.01937408 -0.02416691 -0.02843689 -0.03155268 -0.03309236 -0.03300867
 -0.0315319  -0.02897666 -0.02562461 -0.02169175 -0.01733398 -0.01266172
 -0.00775316 -0.00266422]"
