sigma0re,sigma0im,beta0re,beta0im,mu0re,mu0im,beta1re,beta1im,sigma1re,sigma1im,mu1re,mu1im,alpha0,alpha1,b_star,corresponding_negative_eigenvalues
0.2,0.3,1,1.1,1.0,-0.5999999999999979,1,1.1,0.2,0.3,-0.5,-1.5999999999999996,0.1,0.1,"[0.01 0.02 0.03 0.04 0.05 0.06 0.07 0.08 0.09 0.1  0.11 0.12 0.13 0.14
 0.15 0.16 0.17 0.18 0.19 0.2  0.21 0.22 0.23 0.24 0.25 0.26 0.27 0.28
 0.29 0.3  0.31 0.32 0.33]","[-0.0004206  -0.0016894  -0.00382777 -0.00687261 -0.01087801 -0.01591637
 -0.02207534 -0.02943849 -0.03800951 -0.04746998 -0.05666854 -0.06360981
 -0.06720399 -0.06804347 -0.06711241 -0.06510133 -0.06241889 -0.05930453
 -0.05590306 -0.05230563 -0.04857173 -0.04474147 -0.04084265 -0.03689496
 -0.03291263 -0.0289061  -0.02488313 -0.02084955 -0.01680977 -0.01276716
 -0.0087243  -0.00468315 -0.00064525]"
