sigma0re,sigma0im,beta0re,beta0im,mu0re,mu0im,beta1re,beta1im,sigma1re,sigma1im,mu1re,mu1im,alpha0,alpha1,b_star,corresponding_negative_eigenvalues
0.2,0.3,1,1.1,1.0,-0.09999999999999742,1,1.1,0.2,0.3,-0.5,-1.5999999999999996,0.1,0.1,[0.01 0.02 0.03 0.04 0.05 0.06 0.07 0.08 0.09 0.1 ],"[-6.41684098e-05 -2.49631444e-04 -5.35168766e-04 -8.85223929e-04
 -1.25005484e-03 -1.56679773e-03 -1.76217436e-03 -1.75741665e-03
 -1.47537894e-03 -8.48810663e-04]"
