sigma0re,sigma0im,beta0re,beta0im,mu0re,mu0im,beta1re,beta1im,sigma1re,sigma1im,mu1re,mu1im,alpha0,alpha1,b_star,corresponding_negative_eigenvalues
0.2,0.3,1,1.1,1.0,1.7000000000000046,1,1.1,0.2,0.3,-0.5,1.6000000000000032,0.0,0.0,"[0.24 0.25 0.26 0.27 0.28 0.29 0.3  0.31 0.32 0.33 0.34 0.35 0.36 0.37
 0.38 0.39 0.4  0.41 0.42 0.43 0.44 0.45 0.46 0.47 0.48 0.49 0.5  0.51
 0.52 0.53 0.54 0.55 0.56 0.57 0.58 0.59 0.6  0.61 0.62 0.63 0.64 0.65
 0.66 0.67 0.68 0.69 0.7  0.71 0.72 0.73 0.74 0.75 0.76 0.77 0.78 0.79
 0.8  0.81 0.82 0.83 0.84 0.85 0.86 0.87]","[-0.03106686 -0.08456719 -0.13621285 -0.13383894 -0.13147229 -0.12911293
 -0.12676086 -0.12441608 -0.12207855 -0.11974825 -0.11742513 -0.11510915
 -0.11280024 -0.11049833 -0.10820335 -0.1059152  -0.10363381 -0.10135907
 -0.09909089 -0.09682917 -0.09457379 -0.09232465 -0.09008164 -0.08784463
 -0.08561352 -0.08338819 -0.08116851 -0.07895437 -0.07674565 -0.07454223
 -0.07234399 -0.07015082 -0.06796258 -0.06577918 -0.06360048 -0.06142637
 -0.05925675 -0.05709149 -0.05493049 -0.05277364 -0.05062082 -0.04847194
 -0.04632688 -0.04418555 -0.04204784 -0.03991366 -0.0377829  -0.03565547
 -0.03353128 -0.03141024 -0.02929226 -0.02717724 -0.02506511 -0.02295578
 -0.02084916 -0.01874519 -0.01664377 -0.01454484 -0.01244832 -0.01035413
 -0.00826221 -0.00617249 -0.0040849  -0.00199937]"
