sigma0re,sigma0im,beta0re,beta0im,mu0re,mu0im,beta1re,beta1im,sigma1re,sigma1im,mu1re,mu1im,alpha0,alpha1,b_star,corresponding_negative_eigenvalues
0.2,0.3,1,1.1,1.0,-0.3999999999999977,1,1.1,0.2,0.3,-0.5,-0.7999999999999989,0.0,0.0,"[0.01 0.02 0.03 0.04 0.05 0.06 0.07 0.08 0.09 0.1  0.11 0.12 0.13 0.14
 0.15 0.16 0.17 0.18 0.19 0.2  0.21 0.22 0.23 0.24 0.25 0.26 0.27 0.28
 0.29 0.3  0.31 0.32 0.33 0.34 0.35 0.36 0.37]","[-0.0001767  -0.00070563 -0.00158308 -0.00280227 -0.00435245 -0.00621751
 -0.00837408 -0.01078907 -0.01341694 -0.01619679 -0.01905051 -0.02188313
 -0.02458722 -0.02705218 -0.02917754 -0.03088644 -0.03213444 -0.03291075
 -0.0332326  -0.03313597 -0.03266643 -0.03187206 -0.0307989  -0.02948861
 -0.0279776  -0.02629698 -0.02447301 -0.0225277  -0.02047942 -0.01834348
 -0.01613267 -0.01385768 -0.01152746 -0.00914955 -0.00673029 -0.00427505
 -0.0017884 ]"
