sigma0re,sigma0im,beta0re,beta0im,mu0re,mu0im,beta1re,beta1im,sigma1re,sigma1im,mu1re,mu1im,alpha0,alpha1,b_star,corresponding_negative_eigenvalues
0.2,0.3,1,1.1,1.0,-0.1999999999999975,1,1.1,0.2,0.3,-0.5,-1.6999999999999997,0.0,0.0,[0.01 0.02 0.03 0.04 0.05 0.06 0.07 0.08 0.09 0.1  0.11 0.12 0.13 0.14],"[-0.00018701 -0.0007378  -0.00162051 -0.0027785  -0.00412579 -0.00554303
 -0.00687752 -0.007952   -0.00858571 -0.00862486 -0.0079708  -0.00659231
 -0.00451771 -0.00181433]"
