sigma0re,sigma0im,beta0re,beta0im,mu0re,mu0im,beta1re,beta1im,sigma1re,sigma1im,mu1re,mu1im,alpha0,alpha1,b_star,corresponding_negative_eigenvalues
0.2,0.3,1,1.1,1.0,0.7000000000000033,1,1.1,0.2,0.3,-0.5,1.0000000000000027,0.0,0.0,"[0.31 0.32 0.33 0.34 0.35 0.36 0.37 0.38 0.39 0.4  0.41 0.42 0.43 0.44
 0.45 0.46 0.47 0.48 0.49 0.5  0.51]","[-0.03596413 -0.05428084 -0.05144352 -0.04861065 -0.04578289 -0.04296071
 -0.04014442 -0.0373342  -0.03453014 -0.03173226 -0.02894053 -0.02615487
 -0.02337515 -0.02060123 -0.01783295 -0.01507014 -0.01231262 -0.00956017
 -0.00681262 -0.00406976 -0.00133139]"
