sigma0re,sigma0im,beta0re,beta0im,mu0re,mu0im,beta1re,beta1im,sigma1re,sigma1im,mu1re,mu1im,alpha0,alpha1,b_star,corresponding_negative_eigenvalues
0.2,0.3,1,1.1,1.0,0.6000000000000032,1,1.1,0.2,0.3,-0.5,1.1000000000000028,0.0,0.0,[0.31 0.32 0.33 0.34 0.35 0.36 0.37 0.38 0.39 0.4 ],"[-0.01286897 -0.02808211 -0.02483715 -0.02158613 -0.0183307  -0.01507212
 -0.01181143 -0.0085494  -0.00528665 -0.00202365]"
