sigma0re,sigma0im,beta0re,beta0im,mu0re,mu0im,beta1re,beta1im,sigma1re,sigma1im,mu1re,mu1im,alpha0,alpha1,b_star,corresponding_negative_eigenvalues
0.2,0.3,1,1.1,1.0,-0.1999999999999975,1,1.1,0.2,0.3,-0.5,-2.0,0.0,0.0,[0.01 0.02 0.03 0.04 0.05 0.06 0.07 0.08 0.09 0.1  0.11 0.12 0.13],"[-0.00021986 -0.00086552 -0.00189328 -0.00322424 -0.00473684 -0.00626096
 -0.00758116 -0.00845776 -0.00866872 -0.00805832 -0.00656646 -0.00422313
 -0.00111757]"
