sigma0re,sigma0im,beta0re,beta0im,mu0re,mu0im,beta1re,beta1im,sigma1re,sigma1im,mu1re,mu1im,alpha0,alpha1,b_star,corresponding_negative_eigenvalues
0.2,0.3,1,1.1,1.0,-0.699999999999998,1,1.1,0.2,0.3,-0.5,-0.899999999999999,0.0,0.0,"[0.01 0.02 0.03 0.04 0.05 0.06 0.07 0.08 0.09 0.1  0.11 0.12 0.13 0.14
 0.15 0.16 0.17 0.18 0.19 0.2  0.21 0.22 0.23 0.24 0.25 0.26 0.27 0.28
 0.29 0.3  0.31 0.32 0.33 0.34 0.35 0.36 0.37 0.38 0.39 0.4  0.41 0.42
 0.43 0.44 0.45 0.46 0.47 0.48 0.49 0.5  0.51 0.52 0.53 0.54 0.55 0.56
 0.57]","[-0.0003485  -0.0013992  -0.00316803 -0.00568296 -0.00898629 -0.01313844
 -0.01822391 -0.02436039 -0.03171213 -0.04050565 -0.05102474 -0.06343547
 -0.07678509 -0.08742654 -0.09303057 -0.09514556 -0.09540159 -0.094643
 -0.09328967 -0.09156532 -0.08959827 -0.08746688 -0.08522139 -0.08289533
 -0.08051183 -0.07808721 -0.07563329 -0.07315872 -0.07066994 -0.06817179
 -0.06566796 -0.06316125 -0.0606538  -0.05814725 -0.05564285 -0.05314157
 -0.05064412 -0.04815104 -0.04566271 -0.04317942 -0.04070134 -0.03822858
 -0.03576119 -0.03329917 -0.0308425  -0.0283911  -0.02594488 -0.02350375
 -0.02106758 -0.01863624 -0.0162096  -0.0137875  -0.01136981 -0.00895636
 -0.00654702 -0.00414163 -0.00174003]"
