sigma0re,sigma0im,beta0re,beta0im,mu0re,mu0im,beta1re,beta1im,sigma1re,sigma1im,mu1re,mu1im,alpha0,alpha1,b_star,corresponding_negative_eigenvalues
0.2,0.3,1,1.1,1.0,2.9000000000000057,1,1.1,0.2,0.3,-0.5,0.30000000000000204,0.0,0.0,"[0.01 0.02 0.03 0.04 0.05 0.06 0.07 0.08 0.09 0.1  0.11 0.12 0.13 0.14
 0.15 0.16 0.17 0.18 0.19 0.2  0.21 0.22 0.23 0.24 0.25 0.26 0.27 0.28
 0.29 0.3  0.31 0.32]","[-0.00048146 -0.00193539 -0.00439111 -0.00789984 -0.01253793 -0.01840962
 -0.02564276 -0.03435095 -0.04446449 -0.05517853 -0.06423477 -0.06946142
 -0.07113189 -0.07054411 -0.06864    -0.06595096 -0.06277272 -0.05927666
 -0.05556699 -0.05170983 -0.04774873 -0.04371323 -0.03962383 -0.03549511
 -0.03133753 -0.02715876 -0.02296442 -0.0187587  -0.01454471 -0.01032477
 -0.00610061 -0.00187352]"
