sigma0re,sigma0im,beta0re,beta0im,mu0re,mu0im,beta1re,beta1im,sigma1re,sigma1im,mu1re,mu1im,alpha0,alpha1,b_star,corresponding_negative_eigenvalues
0.2,0.3,1,1.1,1.0,-1.3999999999999986,1,1.1,0.2,0.3,-0.5,-1.9,0.0,0.0,"[0.14 0.15 0.16 0.17 0.18 0.19 0.2  0.21 0.22 0.23 0.24 0.25 0.26 0.27
 0.28 0.29 0.3  0.31 0.32 0.33 0.34 0.35 0.36 0.37 0.38 0.39 0.4  0.41
 0.42 0.43 0.44 0.45 0.46 0.47 0.48 0.49 0.5  0.51 0.52 0.53 0.54]","[-4.62586462e-05 -9.63008057e-03 -2.05861557e-02 -3.30379774e-02
 -4.71577571e-02 -6.31893398e-02 -8.14893780e-02 -1.02607983e-01
 -1.12583512e-01 -1.08862415e-01 -1.05163156e-01 -1.01485122e-01
 -9.78276681e-02 -9.41901308e-02 -9.05718315e-02 -8.69720852e-02
 -8.33902047e-02 -7.98255054e-02 -7.62773093e-02 -7.27449478e-02
 -6.92277645e-02 -6.57251168e-02 -6.22363782e-02 -5.87609388e-02
 -5.52982067e-02 -5.18476085e-02 -4.84085897e-02 -4.49806148e-02
 -4.15631676e-02 -3.81557511e-02 -3.47578869e-02 -3.13691156e-02
 -2.79889959e-02 -2.46171044e-02 -2.12530353e-02 -1.78963997e-02
 -1.45468251e-02 -1.12039550e-02 -7.86744835e-03 -4.53697905e-03
 -1.21223528e-03]"
