sigma0re,sigma0im,beta0re,beta0im,mu0re,mu0im,beta1re,beta1im,sigma1re,sigma1im,mu1re,mu1im,alpha0,alpha1,b_star,corresponding_negative_eigenvalues
0.2,0.3,1,1.1,1.0,2.100000000000005,1,1.1,0.2,0.3,-0.5,0.30000000000000204,0.0,0.0,"[0.01 0.02 0.03 0.04 0.05 0.06 0.07 0.08 0.09 0.1  0.11 0.12 0.13 0.14
 0.15 0.16 0.17 0.18 0.19 0.2  0.21 0.22 0.23 0.24 0.25 0.26 0.27 0.28
 0.29 0.3  0.31 0.32 0.33 0.34 0.35 0.36 0.37 0.38 0.39 0.4  0.41 0.42]","[-0.00034841 -0.00139771 -0.00316021 -0.0056568  -0.0089173  -0.01298047
 -0.01789244 -0.02370058 -0.03043498 -0.03805832 -0.04634585 -0.05467577
 -0.06194736 -0.06713423 -0.07003512 -0.07110762 -0.07090747 -0.06985392
 -0.06822455 -0.06619866 -0.06389341 -0.06138715 -0.05873358 -0.05597042
 -0.05312471 -0.0502162  -0.04725957 -0.04426588 -0.04124353 -0.03819902
 -0.03513737 -0.03206251 -0.02897753 -0.02588488 -0.02278647 -0.01968386
 -0.01657824 -0.01347057 -0.01036163 -0.00725199 -0.00414214 -0.00103241]"
