sigma0re,sigma0im,beta0re,beta0im,mu0re,mu0im,beta1re,beta1im,sigma1re,sigma1im,mu1re,mu1im,alpha0,alpha1,b_star,corresponding_negative_eigenvalues
0.2,0.3,1,1.1,1.0,-3.0,1,1.1,0.2,0.3,-0.5,-0.3999999999999986,0.1,0.1,"[0.31 0.32 0.33 0.34 0.35 0.36 0.37 0.38 0.39 0.4  0.41 0.42 0.43 4.91
 4.92 4.93 4.94 4.95 4.96 4.97 4.98 4.99 5.  ]","[-0.04387556 -0.04020414 -0.03655798 -0.03293647 -0.029339   -0.025765
 -0.02221392 -0.01868522 -0.01517839 -0.01169296 -0.00822847 -0.00478447
 -0.00136057 -0.00398226 -0.00866551 -0.01337546 -0.01811214 -0.02287558
 -0.02766581 -0.03248283 -0.03732669 -0.0421974  -0.04709498]"
