sigma0re,sigma0im,beta0re,beta0im,mu0re,mu0im,beta1re,beta1im,sigma1re,sigma1im,mu1re,mu1im,alpha0,alpha1,b_star,corresponding_negative_eigenvalues
0.2,0.3,1,1.1,1.0,-0.4999999999999978,1,1.1,0.2,0.3,-0.5,-1.1999999999999993,0.0,0.0,"[0.01 0.02 0.03 0.04 0.05 0.06 0.07 0.08 0.09 0.1  0.11 0.12 0.13 0.14
 0.15 0.16 0.17 0.18 0.19 0.2  0.21 0.22 0.23 0.24 0.25 0.26 0.27 0.28
 0.29 0.3  0.31 0.32]","[-0.00033165 -0.00132835 -0.00299505 -0.00533874 -0.00836598 -0.01207783
 -0.01646001 -0.02146405 -0.026974   -0.03275615 -0.03841099 -0.04339661
 -0.04719938 -0.04956243 -0.05054276 -0.05037666 -0.04933128 -0.04763321
 -0.04545427 -0.04291933 -0.0401181  -0.03711525 -0.03395786 -0.0306806
 -0.02730935 -0.02386367 -0.02035847 -0.01680529 -0.01321312 -0.00958902
 -0.00593858 -0.00226627]"
