sigma0re,sigma0im,beta0re,beta0im,mu0re,mu0im,beta1re,beta1im,sigma1re,sigma1im,mu1re,mu1im,alpha0,alpha1,b_star,corresponding_negative_eigenvalues
0.2,0.3,1,1.1,1.0,-1.899999999999999,1,1.1,0.2,0.3,-0.5,-0.3999999999999986,0.0,0.0,"[0.3  0.31 0.32 0.33 0.34 0.35 0.36 0.37 0.38 0.39 0.4  0.41 0.42 0.43
 0.44 0.45 0.46 0.47 0.48 0.49 0.5  0.51 0.52 0.53 0.54 0.55 0.56 0.57
 0.58 0.59 0.6  0.61 0.62 0.63]","[-0.01316373 -0.05699693 -0.07649659 -0.07389682 -0.0713122  -0.06874224
 -0.06618646 -0.06364435 -0.06111542 -0.05859916 -0.05609509 -0.05360272
 -0.0511216  -0.04865126 -0.04619126 -0.04374119 -0.04130063 -0.03886918
 -0.03644646 -0.03403212 -0.03162578 -0.02922712 -0.02683581 -0.02445154
 -0.022074   -0.01970291 -0.01733799 -0.01497898 -0.01262561 -0.01027765
 -0.00793485 -0.005597   -0.00326387 -0.00093526]"
