sigma0re,sigma0im,beta0re,beta0im,mu0re,mu0im,beta1re,beta1im,sigma1re,sigma1im,mu1re,mu1im,alpha0,alpha1,b_star,corresponding_negative_eigenvalues
0.2,0.3,1,1.1,1.0,1.900000000000004,1,1.1,0.2,0.3,-0.5,0.30000000000000204,0.0,0.0,"[0.01 0.02 0.03 0.04 0.05 0.06 0.07 0.08 0.09 0.1  0.11 0.12 0.13 0.14
 0.15 0.16 0.17 0.18 0.19 0.2  0.21 0.22 0.23 0.24 0.25 0.26 0.27 0.28
 0.29 0.3  0.31 0.32 0.33 0.34 0.35 0.36 0.37 0.38 0.39 0.4  0.41 0.42
 0.43 0.44 0.45 0.46]","[-0.00031518 -0.00126373 -0.00285479 -0.00510371 -0.0080321  -0.01166758
 -0.01604238 -0.02118927 -0.0271308  -0.03385335 -0.04124887 -0.04900513
 -0.05648225 -0.06279596 -0.0672924  -0.06992046 -0.07103555 -0.07105476
 -0.0703079  -0.0690254  -0.06736309 -0.06542663 -0.06328878 -0.06100064
 -0.0585988  -0.05610996 -0.05355392 -0.0509456  -0.04829636 -0.04561498
 -0.04290829 -0.04018166 -0.03743935 -0.03468473 -0.03192051 -0.02914888
 -0.02637157 -0.02359    -0.02080533 -0.01801846 -0.01523014 -0.01244097
 -0.00965143 -0.0068619  -0.00407268 -0.00128401]"
