sigma0re,sigma0im,beta0re,beta0im,mu0re,mu0im,beta1re,beta1im,sigma1re,sigma1im,mu1re,mu1im,alpha0,alpha1,b_star,corresponding_negative_eigenvalues
0.2,0.3,1,1.1,1.0,-1.3999999999999986,1,1.1,0.2,0.3,-0.5,-1.1999999999999993,0.1,0.1,"[0.2  0.21 0.22 0.23 0.24 0.25 0.26 0.27 0.28 0.29 0.3  0.31 0.32 0.33
 0.34 0.35 0.36 0.37 0.38 0.39 0.4  0.41 0.42 0.43 0.44 0.45 0.46 0.47
 0.48 0.49 0.5  0.51 0.52 0.53 0.54 0.55 0.56 0.57 0.58 0.59 0.6  0.61
 0.62 0.63 0.64 0.65 0.66 0.67 0.68 0.69 0.7  0.71 0.72 0.73 0.74 0.75
 0.76 0.77 0.78 0.79 0.8  0.81 0.82 0.83 0.84 0.85 0.86 0.87 0.88 0.89
 0.9  0.91 0.92 0.93 0.94 0.95 0.96 0.97 0.98 0.99 1.   1.01 1.02 1.03
 1.04 1.05 1.06 1.07 1.08 1.09 1.1  1.11 1.12 1.13 1.14 1.15 1.16 1.17
 1.18 1.19 1.2  1.21 1.22 1.23 1.24]","[-0.00715628 -0.01622581 -0.02640229 -0.03781501 -0.0506382  -0.06511441
 -0.08159732 -0.1006376  -0.12318182 -0.14251627 -0.14056997 -0.13862557
 -0.13668313 -0.13474271 -0.13280438 -0.13086824 -0.12893438 -0.12700293
 -0.12507403 -0.12314783 -0.1212245  -0.11930422 -0.11738718 -0.1154736
 -0.11356371 -0.11165775 -0.10975596 -0.10785863 -0.10596602 -0.10407843
 -0.10219617 -0.10031954 -0.09844888 -0.09658451 -0.09472678 -0.09287603
 -0.09103262 -0.08919692 -0.08736929 -0.08555009 -0.08373971 -0.08193852
 -0.08014689 -0.07836522 -0.07659387 -0.07483323 -0.07308368 -0.07134558
 -0.06961932 -0.06790527 -0.06620378 -0.06451523 -0.06283998 -0.06117836
 -0.05953074 -0.05789746 -0.05627884 -0.05467522 -0.05308691 -0.05151424
 -0.04995751 -0.04841702 -0.04689305 -0.0453859  -0.04389583 -0.04242312
 -0.04096802 -0.03953077 -0.03811163 -0.03671081 -0.03532854 -0.03396503
 -0.03262048 -0.03129509 -0.02998904 -0.0287025  -0.02743563 -0.02618858
 -0.0249615  -0.02375451 -0.02256774 -0.02140129 -0.02025525 -0.01912972
 -0.01802477 -0.01694046 -0.01587683 -0.01483392 -0.01381176 -0.01281035
 -0.01182969 -0.01086976 -0.00993054 -0.00901197 -0.00811399 -0.00723653
 -0.0063795  -0.00554279 -0.00472627 -0.00392982 -0.00315328 -0.00239647
 -0.00165921 -0.00094129 -0.0002425 ]"
