sigma0re,sigma0im,beta0re,beta0im,mu0re,mu0im,beta1re,beta1im,sigma1re,sigma1im,mu1re,mu1im,alpha0,alpha1,b_star,corresponding_negative_eigenvalues
0.2,0.3,1,1.1,1.0,-1.6999999999999988,1,1.1,0.2,0.3,-0.5,-1.2999999999999994,0.0,0.0,"[0.19 0.2  0.21 0.22 0.23 0.24 0.25 0.26 0.27 0.28 0.29 0.3  0.31 0.32
 0.33 0.34 0.35 0.36 0.37 0.38 0.39 0.4  0.41 0.42 0.43 0.44 0.45 0.46
 0.47 0.48 0.49 0.5  0.51 0.52 0.53 0.54 0.55 0.56 0.57 0.58 0.59 0.6
 0.61 0.62 0.63 0.64 0.65 0.66 0.67 0.68 0.69 0.7  0.71 0.72 0.73 0.74
 0.75 0.76 0.77 0.78 0.79 0.8  0.81 0.82 0.83 0.84 0.85 0.86 0.87 0.88
 0.89 0.9  0.91 0.92 0.93 0.94 0.95 0.96 0.97 0.98 0.99 1.   1.01 1.02
 1.03 1.04 1.05 1.06 1.07 1.08 1.09 1.1  1.11 1.12 1.13 1.14 1.15 1.16
 1.17 1.18 1.19 1.2  1.21 1.22 1.23 1.24 1.25 1.26 1.27 1.28 1.29 1.3
 1.31 1.32]","[-0.0014812  -0.01361314 -0.02755577 -0.0436535  -0.06243529 -0.0847859
 -0.11240657 -0.14957377 -0.15487752 -0.15324217 -0.15161029 -0.14998193
 -0.14835715 -0.146736   -0.14511851 -0.14350473 -0.14189467 -0.14028838
 -0.13868587 -0.13708716 -0.13549227 -0.13390121 -0.13231398 -0.13073058
 -0.12915103 -0.12757531 -0.12600342 -0.12443534 -0.12287108 -0.1213106
 -0.11975391 -0.11820096 -0.11665176 -0.11510626 -0.11356445 -0.11202629
 -0.11049177 -0.10896084 -0.10743347 -0.10590964 -0.10438931 -0.10287244
 -0.10135899 -0.09984893 -0.09834222 -0.09683882 -0.09533869 -0.09384179
 -0.09234808 -0.09085752 -0.08937006 -0.08788567 -0.0864043  -0.0849259
 -0.08345045 -0.08197788 -0.08050817 -0.07904127 -0.07757713 -0.07611572
 -0.07465699 -0.0732009  -0.07174741 -0.07029647 -0.06884804 -0.06740209
 -0.06595857 -0.06451744 -0.06307866 -0.0616422  -0.060208   -0.05877604
 -0.05734627 -0.05591865 -0.05449315 -0.05306973 -0.05164836 -0.05022899
 -0.04881158 -0.04739611 -0.04598254 -0.04457083 -0.04316096 -0.04175287
 -0.04034655 -0.03894195 -0.03753905 -0.03613782 -0.03473821 -0.03334021
 -0.03194377 -0.03054888 -0.0291555  -0.02776359 -0.02637314 -0.02498412
 -0.02359648 -0.02221022 -0.0208253  -0.01944169 -0.01805937 -0.01667831
 -0.01529849 -0.01391988 -0.01254246 -0.0111662  -0.00979109 -0.00841709
 -0.00704418 -0.00567235 -0.00430156 -0.0029318  -0.00156305 -0.00019528]"
