sigma0re,sigma0im,beta0re,beta0im,mu0re,mu0im,beta1re,beta1im,sigma1re,sigma1im,mu1re,mu1im,alpha0,alpha1,b_star,corresponding_negative_eigenvalues
0.2,0.3,1,1.1,1.0,2.400000000000005,1,1.1,0.2,0.3,-0.5,0.10000000000000187,0.1,0.1,"[0.01 0.02 0.03 0.04 0.05 0.06 0.07 0.08 0.09 0.1  0.11 0.12 0.13 0.14
 0.15 0.16 0.17 0.18 0.19 0.2  0.21 0.22]","[-0.00012339 -0.00049031 -0.00109083 -0.0019077  -0.00291538 -0.00407886
 -0.00535253 -0.00667956 -0.00799236 -0.009215   -0.01026792 -0.0110748
 -0.01157043 -0.01170746 -0.01146002 -0.01082356 -0.00981124 -0.00844868
 -0.00676861 -0.00480641 -0.002597   -0.00017299]"
