sigma0re,sigma0im,beta0re,beta0im,mu0re,mu0im,beta1re,beta1im,sigma1re,sigma1im,mu1re,mu1im,alpha0,alpha1,b_star,corresponding_negative_eigenvalues
0.2,0.3,1,1.1,1.0,-0.9999999999999982,1,1.1,0.2,0.3,-0.5,-2.0,0.1,0.1,"[0.08 0.09 0.1  0.11 0.12 0.13 0.14 0.15 0.16 0.17 0.18 0.19 0.2  0.21
 0.22 0.23 0.24 0.25 0.26 0.27 0.28 0.29 0.3  0.31 0.32 0.33 0.34 0.35
 0.36 0.37 0.38 0.39 0.4  0.41]","[-0.00072699 -0.00462115 -0.00920133 -0.01446449 -0.02041751 -0.02707634
 -0.0344658  -0.04262008 -0.05158378 -0.06141384 -0.07218258 -0.0839822
 -0.09218224 -0.08758989 -0.08304789 -0.07855336 -0.07410363 -0.06969623
 -0.06532887 -0.06099944 -0.05670596 -0.05244664 -0.04821977 -0.04402379
 -0.03985724 -0.03571877 -0.03160712 -0.0275211  -0.02345961 -0.01942164
 -0.01540621 -0.01141243 -0.00743945 -0.00348648]"
