sigma0re,sigma0im,beta0re,beta0im,mu0re,mu0im,beta1re,beta1im,sigma1re,sigma1im,mu1re,mu1im,alpha0,alpha1,b_star,corresponding_negative_eigenvalues
0.2,0.3,1,1.1,1.0,-0.4999999999999978,1,1.1,0.2,0.3,-0.5,-0.6999999999999988,0.1,0.1,"[0.01 0.02 0.03 0.04 0.05 0.06 0.07 0.08 0.09 0.1  0.11 0.12 0.13 0.14
 0.15 0.16 0.17 0.18 0.19 0.2  0.21 0.22 0.23 0.24 0.25 0.26 0.27 0.28
 0.29 0.3  0.31 0.32 0.33 0.34 0.35 0.36 0.37 0.38 0.39 0.4  0.41 0.42
 0.43 0.44 0.45 0.46 0.47 0.48 0.49 0.5  0.51 0.52 0.53 0.54 0.55 0.56
 0.57]","[-0.00015251 -0.00060974 -0.00137073 -0.00243368 -0.00379563 -0.00545191
 -0.0073955  -0.00961597 -0.01209823 -0.0148208  -0.01775383 -0.02085687
 -0.02407674 -0.02734642 -0.03058567 -0.0337048  -0.03661209 -0.0392238
 -0.04147448 -0.04332396 -0.04475896 -0.04578951 -0.04644232 -0.04675368
 -0.04676357 -0.04651158 -0.04603454 -0.04536535 -0.04453277 -0.04356147
 -0.04247249 -0.04128363 -0.04000994 -0.03866414 -0.03725701 -0.03579765
 -0.03429382 -0.03275212 -0.03117821 -0.02957693 -0.02795245 -0.02630835
 -0.02464776 -0.02297338 -0.02128756 -0.01959236 -0.01788958 -0.0161808
 -0.01446743 -0.01275067 -0.01103163 -0.00931126 -0.00759042 -0.00586987
 -0.00415029 -0.00243228 -0.00071639]"
