sigma0re,sigma0im,beta0re,beta0im,mu0re,mu0im,beta1re,beta1im,sigma1re,sigma1im,mu1re,mu1im,alpha0,alpha1,b_star,corresponding_negative_eigenvalues
0.2,0.3,1,1.1,1.0,2.7000000000000046,1,1.1,0.2,0.3,-0.5,0.40000000000000213,0.0,0.0,"[0.01 0.02 0.03 0.04 0.05 0.06 0.07 0.08 0.09 0.1  0.11 0.12 0.13 0.14
 0.15 0.16 0.17 0.18 0.19 0.2  0.21 0.22 0.23 0.24 0.25 0.26 0.27 0.28
 0.29 0.3  0.31 0.32 0.33 0.34 0.35 0.36 0.37 0.38 0.39 0.4  0.41 0.42
 0.43]","[-0.00059849 -0.00241607 -0.00552362 -0.01005714 -0.01625568 -0.02455168
 -0.03582659 -0.05245897 -0.0700279  -0.05846059 -0.05873587 -0.06144929
 -0.06546477 -0.07042134 -0.07617461 -0.08266667 -0.08988327 -0.09551748
 -0.09154026 -0.0875888  -0.08366452 -0.07976777 -0.07589826 -0.0720553
 -0.06823794 -0.06444511 -0.06067565 -0.05692839 -0.05320216 -0.04949579
 -0.04580817 -0.04213821 -0.03848487 -0.03484716 -0.03122413 -0.02761489
 -0.02401859 -0.02043441 -0.0168616  -0.01329944 -0.00974724 -0.00620436
 -0.00267018]"
