sigma0re,sigma0im,beta0re,beta0im,mu0re,mu0im,beta1re,beta1im,sigma1re,sigma1im,mu1re,mu1im,alpha0,alpha1,b_star,corresponding_negative_eigenvalues
0.2,0.3,1,1.1,1.0,-0.699999999999998,1,1.1,0.2,0.3,-0.5,-1.9,0.0,0.0,"[0.01 0.02 0.03 0.04 0.05 0.06 0.07 0.08 0.09 0.1  0.11 0.12 0.13 0.14
 0.15 0.16 0.17 0.18 0.19 0.2  0.21 0.22 0.23 0.24 0.25 0.26 0.27 0.28
 0.29]","[-0.0007374  -0.00298144 -0.0068351  -0.01249921 -0.0203362  -0.03102628
 -0.04600758 -0.06864085 -0.09157052 -0.09544826 -0.09347797 -0.08977985
 -0.08536442 -0.08059726 -0.07564253 -0.070584   -0.06546811 -0.06032197
 -0.05516199 -0.04999828 -0.04483709 -0.03968222 -0.03453591 -0.02939935
 -0.02427308 -0.01915713 -0.01405126 -0.00895505 -0.00386791]"
