sigma0re,sigma0im,beta0re,beta0im,mu0re,mu0im,beta1re,beta1im,sigma1re,sigma1im,mu1re,mu1im,alpha0,alpha1,b_star,corresponding_negative_eigenvalues
0.2,0.3,1,1.1,1.0,-1.6999999999999988,1,1.1,0.2,0.3,-0.5,-0.2999999999999985,0.0,0.0,"[0.3  0.31 0.32 0.33 0.34 0.35 0.36 0.37 0.38 0.39 0.4  0.41 0.42 0.43
 0.44 0.45 0.46 0.47 0.48 0.49 0.5  0.51]","[-0.01260445 -0.05077932 -0.04844558 -0.04608727 -0.0437092  -0.04131523
 -0.03890851 -0.0364916  -0.03406658 -0.03163518 -0.02919879 -0.02675858
 -0.02431552 -0.02187038 -0.01942381 -0.01697636 -0.01452847 -0.01208048
 -0.0096327  -0.00718535 -0.00473863 -0.00229267]"
