sigma0re,sigma0im,beta0re,beta0im,mu0re,mu0im,beta1re,beta1im,sigma1re,sigma1im,mu1re,mu1im,alpha0,alpha1,b_star,corresponding_negative_eigenvalues
0.2,0.3,1,1.1,1.0,-1.2999999999999985,1,1.1,0.2,0.3,-0.5,-1.4999999999999996,0.0,0.0,"[0.15 0.16 0.17 0.18 0.19 0.2  0.21 0.22 0.23 0.24 0.25 0.26 0.27 0.28
 0.29 0.3  0.31 0.32 0.33 0.34 0.35 0.36 0.37 0.38 0.39 0.4  0.41 0.42
 0.43 0.44 0.45 0.46 0.47 0.48 0.49 0.5  0.51 0.52 0.53 0.54 0.55 0.56
 0.57 0.58 0.59 0.6  0.61 0.62 0.63 0.64 0.65]","[-0.00125978 -0.00929805 -0.0183873  -0.02860524 -0.04005657 -0.05288318
 -0.06728087 -0.08352832 -0.10204143 -0.11877003 -0.11564255 -0.11253552
 -0.10944841 -0.10638069 -0.10333182 -0.10030124 -0.09728838 -0.09429268
 -0.09131357 -0.08835049 -0.08540289 -0.08247022 -0.07955194 -0.07664753
 -0.07375647 -0.07087827 -0.06801244 -0.06515849 -0.06231598 -0.05948445
 -0.05666348 -0.05385264 -0.05105154 -0.04825978 -0.04547698 -0.04270278
 -0.03993684 -0.0371788  -0.03442836 -0.03168519 -0.02894899 -0.02621947
 -0.02349635 -0.02077936 -0.01806825 -0.01536276 -0.01266266 -0.00996771
 -0.00727769 -0.00459239 -0.00191161]"
