sigma0re,sigma0im,beta0re,beta0im,mu0re,mu0im,beta1re,beta1im,sigma1re,sigma1im,mu1re,mu1im,alpha0,alpha1,b_star,corresponding_negative_eigenvalues
0.2,0.3,1,1.1,1.0,-0.5999999999999979,1,1.1,0.2,0.3,-0.5,-0.6999999999999988,0.0,0.0,"[0.01 0.02 0.03 0.04 0.05 0.06 0.07 0.08 0.09 0.1  0.11 0.12 0.13 0.14
 0.15 0.16 0.17 0.18 0.19 0.2  0.21 0.22 0.23 0.24 0.25 0.26 0.27 0.28
 0.29 0.3  0.31 0.32 0.33 0.34 0.35 0.36 0.37 0.38 0.39 0.4  0.41 0.42
 0.43 0.44 0.45 0.46 0.47 0.48 0.49 0.5  0.51 0.52 0.53 0.54 0.55 0.56
 0.57 0.58 0.59 0.6  0.61 0.62 0.63 0.64]","[-0.00023213 -0.00092954 -0.00209519 -0.00373392 -0.00585213 -0.00845735
 -0.01155731 -0.01515833 -0.0192625  -0.0238627  -0.02893422 -0.03442118
 -0.04021681 -0.04614064 -0.05192662 -0.05724922 -0.0618039  -0.0654047
 -0.06802427 -0.06975538 -0.07074354 -0.07113703 -0.07106411 -0.07062762
 -0.06990729 -0.06896413 -0.06784478 -0.06658501 -0.06521248 -0.06374875
 -0.06221078 -0.060612   -0.0589632  -0.05727303 -0.05554856 -0.05379555
 -0.05201874 -0.05022205 -0.04840875 -0.04658157 -0.0447428  -0.04289436
 -0.04103788 -0.03917474 -0.03730612 -0.03543301 -0.03355625 -0.03167658
 -0.02979462 -0.02791089 -0.02602585 -0.02413988 -0.02225332 -0.02036645
 -0.0184795  -0.01659269 -0.01470617 -0.0128201  -0.01093459 -0.00904975
 -0.00716566 -0.00528238 -0.00339997 -0.00151846]"
