sigma0re,sigma0im,beta0re,beta0im,mu0re,mu0im,beta1re,beta1im,sigma1re,sigma1im,mu1re,mu1im,alpha0,alpha1,b_star,corresponding_negative_eigenvalues
0.2,0.3,1,1.1,1.0,1.0000000000000036,1,1.1,0.2,0.3,-0.5,0.20000000000000195,0.0,0.0,"[0.01 0.02 0.03 0.04 0.05 0.06 0.07 0.08 0.09 0.1  0.11 0.12 0.13 0.14
 0.15 0.16 0.17 0.18 0.19 0.2  0.21 0.22 0.23 0.24 0.25 0.26 0.27 0.28
 0.29 0.3  0.31 0.32 0.33 0.34 0.35 0.36 0.37 0.38 0.39 0.4  0.41 0.42
 0.43 0.44 0.45 0.46 0.47 0.48 0.49 0.5  0.51 0.52 0.53 0.54 0.55 0.56
 0.57 0.58 0.59]","[-0.00011043 -0.00044084 -0.00098861 -0.00174918 -0.00271597 -0.00388005
 -0.00522985 -0.00675084 -0.00842515 -0.01023133 -0.01214409 -0.01413443
 -0.0161699  -0.01821537 -0.02023419 -0.0221897  -0.02404705 -0.02577501
 -0.02734755 -0.02874489 -0.02995402 -0.03096845 -0.03178754 -0.03241548
 -0.03286009 -0.03313168 -0.03324209 -0.03320385 -0.03302957 -0.03273151
 -0.03232133 -0.03180986 -0.03120712 -0.03052219 -0.02976333 -0.02893794
 -0.02805269 -0.02711354 -0.02612581 -0.02509427 -0.02402314 -0.02291624
 -0.02177694 -0.02060828 -0.01941296 -0.0181934  -0.01695179 -0.01569008
 -0.01441002 -0.01311319 -0.01180101 -0.01047477 -0.00913562 -0.00778463
 -0.00642273 -0.00505079 -0.00366958 -0.00227983 -0.00088218]"
