sigma0re,sigma0im,beta0re,beta0im,mu0re,mu0im,beta1re,beta1im,sigma1re,sigma1im,mu1re,mu1im,alpha0,alpha1,b_star,corresponding_negative_eigenvalues
0.2,0.3,1,1.1,1.0,0.8000000000000034,1,1.1,0.2,0.3,-0.5,1.400000000000003,0.1,0.1,"[0.35 0.36 0.37 0.38 0.39 0.4  0.41 0.42 0.43 0.44 0.45 0.46 0.47 0.48
 0.49 0.5 ]","[-0.04780998 -0.04470538 -0.04161735 -0.03854508 -0.03548783 -0.03244489
 -0.02941558 -0.02639929 -0.02339542 -0.0204034  -0.01742273 -0.0144529
 -0.01149346 -0.00854397 -0.00560402 -0.00267323]"
