sigma0re,sigma0im,beta0re,beta0im,mu0re,mu0im,beta1re,beta1im,sigma1re,sigma1im,mu1re,mu1im,alpha0,alpha1,b_star,corresponding_negative_eigenvalues
0.2,0.3,1,1.1,1.0,-0.3999999999999977,1,1.1,0.2,0.3,-0.5,-1.6999999999999997,0.0,0.0,"[0.01 0.02 0.03 0.04 0.05 0.06 0.07 0.08 0.09 0.1  0.11 0.12 0.13 0.14
 0.15 0.16 0.17 0.18 0.19 0.2  0.21]","[-0.00037558 -0.0015006  -0.00336842 -0.0059621  -0.00924356 -0.01313384
 -0.01748091 -0.02201708 -0.02632925 -0.02990129 -0.03227303 -0.03322455
 -0.03281335 -0.03125936 -0.02881619 -0.02570429 -0.02209423 -0.01811187
 -0.01384854 -0.0093705  -0.00472615]"
