sigma0re,sigma0im,beta0re,beta0im,mu0re,mu0im,beta1re,beta1im,sigma1re,sigma1im,mu1re,mu1im,alpha0,alpha1,b_star,corresponding_negative_eigenvalues
0.2,0.3,1,1.1,1.0,1.7000000000000046,1,1.1,0.2,0.3,-0.5,1.400000000000003,0.0,0.0,"[0.24 0.25 0.26 0.27 0.28 0.29 0.3  0.31 0.32 0.33 0.34 0.35 0.36 0.37
 0.38 0.39 0.4  0.41 0.42 0.43 0.44 0.45 0.46 0.47 0.48 0.49 0.5  0.51
 0.52 0.53 0.54 0.55 0.56 0.57 0.58 0.59 0.6  0.61 0.62 0.63 0.64 0.65
 0.66 0.67 0.68 0.69 0.7  0.71 0.72 0.73 0.74 0.75 0.76 0.77 0.78 0.79
 0.8  0.81 0.82 0.83 0.84 0.85 0.86 0.87 0.88 0.89 0.9  0.91 0.92 0.93
 0.94 0.95 0.96 0.97 0.98 0.99 1.   1.01 1.02 1.03 1.04 1.05 1.06 1.07
 1.08 1.09 1.1  1.11 1.12]","[-0.01015344 -0.03956535 -0.08670069 -0.14734686 -0.14544794 -0.1435538
 -0.1416645  -0.13978008 -0.13790057 -0.136026   -0.1341564  -0.13229177
 -0.13043213 -0.12857748 -0.12672781 -0.12488312 -0.12304339 -0.1212086
 -0.11937873 -0.11755375 -0.11573362 -0.11391833 -0.11210781 -0.11030204
 -0.10850096 -0.10670453 -0.10491271 -0.10312542 -0.10134264 -0.09956428
 -0.09779031 -0.09602066 -0.09425527 -0.09249408 -0.09073702 -0.08898404
 -0.08723507 -0.08549005 -0.08374891 -0.08201159 -0.08027802 -0.07854814
 -0.07682189 -0.07509919 -0.07337999 -0.07166422 -0.06995182 -0.06824272
 -0.06653686 -0.06483418 -0.06313461 -0.0614381  -0.05974458 -0.058054
 -0.05636629 -0.0546814  -0.05299926 -0.05131982 -0.04964303 -0.04796882
 -0.04629715 -0.04462796 -0.04296118 -0.04129679 -0.03963471 -0.0379749
 -0.03631731 -0.03466189 -0.0330086  -0.03135738 -0.02970818 -0.02806097
 -0.02641569 -0.0247723  -0.02313077 -0.02149104 -0.01985307 -0.01821683
 -0.01658226 -0.01494935 -0.01331803 -0.01168828 -0.01006006 -0.00843333
 -0.00680806 -0.00518421 -0.00356175 -0.00194063 -0.00032084]"
