sigma0re,sigma0im,beta0re,beta0im,mu0re,mu0im,beta1re,beta1im,sigma1re,sigma1im,mu1re,mu1im,alpha0,alpha1,b_star,corresponding_negative_eigenvalues
0.2,0.3,1,1.1,1.0,1.600000000000004,1,1.1,0.2,0.3,-0.5,1.8000000000000034,0.1,0.1,"[0.27 0.28 0.29 0.3  0.31 0.32 0.33 0.34 0.35 0.36 0.37 0.38 0.39 0.4
 0.41 0.42 0.43 0.44 0.45 0.46 0.47 0.48 0.49 0.5  0.51 0.52 0.53 0.54
 0.55 0.56 0.57 0.58 0.59 0.6  0.61 0.62 0.63 0.64 0.65 0.66 0.67 0.68
 0.69 0.7  0.71 0.72 0.73 0.74 0.75 0.76 0.77 0.78 0.79 0.8  0.81 0.82
 0.83 0.84 0.85 0.86]","[-0.02134218 -0.06829716 -0.12146703 -0.11903332 -0.11661673 -0.11421689
 -0.11183339 -0.10946584 -0.10711382 -0.10477695 -0.10245481 -0.10014703
 -0.09785321 -0.09557297 -0.09330594 -0.09105174 -0.08881004 -0.08658047
 -0.08436271 -0.08215643 -0.07996131 -0.07777705 -0.07560335 -0.07343993
 -0.07128651 -0.06914284 -0.06700865 -0.06488371 -0.06276778 -0.06066065
 -0.05856208 -0.05647189 -0.05438987 -0.05231584 -0.05024961 -0.04819101
 -0.04613988 -0.04409607 -0.04205942 -0.0400298  -0.03800706 -0.03599108
 -0.03398174 -0.03197891 -0.02998249 -0.02799237 -0.02600845 -0.02403063
 -0.02205883 -0.02009295 -0.01813292 -0.01617866 -0.01423008 -0.01228714
 -0.01034975 -0.00841785 -0.00649139 -0.00457031 -0.00265455 -0.00074407]"
