sigma0re,sigma0im,beta0re,beta0im,mu0re,mu0im,beta1re,beta1im,sigma1re,sigma1im,mu1re,mu1im,alpha0,alpha1,b_star,corresponding_negative_eigenvalues
0.2,0.3,1,1.1,1.0,-0.2999999999999976,1,1.1,0.2,0.3,-0.5,-0.9999999999999991,0.0,0.0,"[0.01 0.02 0.03 0.04 0.05 0.06 0.07 0.08 0.09 0.1  0.11 0.12 0.13 0.14
 0.15 0.16 0.17 0.18 0.19 0.2  0.21 0.22 0.23 0.24 0.25]","[-0.00016551 -0.00065915 -0.0014719  -0.00258778 -0.00398227 -0.00562034
 -0.00745397 -0.00941995 -0.01143851 -0.01341439 -0.01524167 -0.01681303
 -0.01803242 -0.01882744 -0.0191572  -0.01901311 -0.01841336 -0.01739409
 -0.01600068 -0.0142809  -0.01228055 -0.01004111 -0.00759885 -0.00498482
 -0.00222522]"
