sigma0re,sigma0im,beta0re,beta0im,mu0re,mu0im,beta1re,beta1im,sigma1re,sigma1im,mu1re,mu1im,alpha0,alpha1,b_star,corresponding_negative_eigenvalues
0.2,0.3,1,1.1,1.0,1.0000000000000036,1,1.1,0.2,0.3,-0.5,0.8000000000000025,0.0,0.0,"[0.27 0.28 0.29 0.3  0.31 0.32 0.33 0.34 0.35 0.36 0.37 0.38 0.39 0.4
 0.41 0.42 0.43 0.44 0.45 0.46 0.47 0.48 0.49 0.5  0.51 0.52 0.53 0.54
 0.55 0.56 0.57 0.58 0.59 0.6  0.61 0.62 0.63 0.64 0.65 0.66 0.67 0.68
 0.69 0.7  0.71 0.72 0.73 0.74 0.75 0.76 0.77 0.78 0.79 0.8  0.81 0.82
 0.83 0.84 0.85 0.86 0.87 0.88 0.89 0.9  0.91 0.92 0.93 0.94 0.95 0.96
 0.97 0.98 0.99 1.   1.01 1.02 1.03 1.04 1.05 1.06 1.07 1.08 1.09 1.1
 1.11 1.12 1.13 1.14 1.15 1.16 1.17 1.18 1.19]","[-0.00272871 -0.01695555 -0.0349667  -0.05983411 -0.11081147 -0.12784018
 -0.12599434 -0.12416684 -0.12235706 -0.12056437 -0.11878819 -0.11702795
 -0.11528311 -0.11355314 -0.11183754 -0.11013582 -0.10844752 -0.1067722
 -0.10510941 -0.10345875 -0.10181983 -0.10019226 -0.09857568 -0.09696974
 -0.09537409 -0.09378843 -0.09221242 -0.09064578 -0.08908821 -0.08753944
 -0.0859992  -0.08446723 -0.08294329 -0.08142713 -0.07991853 -0.07841725
 -0.0769231  -0.07543586 -0.07395534 -0.07248133 -0.07101366 -0.06955215
 -0.06809662 -0.0666469  -0.06520284 -0.06376428 -0.06233107 -0.06090305
 -0.05948009 -0.05806206 -0.05664881 -0.05524023 -0.05383618 -0.05243655
 -0.05104121 -0.04965006 -0.04826299 -0.04687988 -0.04550065 -0.04412517
 -0.04275337 -0.04138514 -0.04002039 -0.03865903 -0.03730098 -0.03594616
 -0.03459447 -0.03324585 -0.03190021 -0.03055747 -0.02921758 -0.02788045
 -0.02654602 -0.02521421 -0.02388497 -0.02255823 -0.02123393 -0.019912
 -0.01859239 -0.01727505 -0.01595991 -0.01464692 -0.01333604 -0.0120272
 -0.01072035 -0.00941546 -0.00811246 -0.00681132 -0.00551199 -0.00421442
 -0.00291857 -0.0016244  -0.00033187]"
