sigma0re,sigma0im,beta0re,beta0im,mu0re,mu0im,beta1re,beta1im,sigma1re,sigma1im,mu1re,mu1im,alpha0,alpha1,b_star,corresponding_negative_eigenvalues
0.2,0.3,1,1.1,1.0,2.5000000000000053,1,1.1,0.2,0.3,-0.5,0.40000000000000213,0.0,0.0,"[0.01 0.02 0.03 0.04 0.05 0.06 0.07 0.08 0.09 0.1  0.11 0.12 0.13 0.14
 0.15 0.16 0.17 0.18 0.19 0.2  0.21 0.22 0.23 0.24 0.25 0.26 0.27 0.28
 0.29 0.3  0.31 0.32 0.33 0.34 0.35 0.36 0.37 0.38 0.39 0.4  0.41 0.42
 0.43 0.44 0.45 0.46 0.47]","[-0.000554   -0.00223448 -0.00510034 -0.009263   -0.01491369 -0.02238472
 -0.0323067  -0.0461373  -0.0696156  -0.06295953 -0.06043767 -0.06207355
 -0.06540275 -0.06981003 -0.07506537 -0.08107259 -0.08779637 -0.09523563
 -0.09623547 -0.09254023 -0.08886812 -0.08522052 -0.08159789 -0.07800009
 -0.07442665 -0.07087684 -0.06734978 -0.06384454 -0.06036012 -0.05689554
 -0.05344981 -0.05002194 -0.046611   -0.04321608 -0.0398363  -0.03647082
 -0.03311885 -0.02977961 -0.02645239 -0.02313649 -0.01983126 -0.01653607
 -0.01325033 -0.00997349 -0.00670501 -0.00344439 -0.00019115]"
