sigma0re,sigma0im,beta0re,beta0im,mu0re,mu0im,beta1re,beta1im,sigma1re,sigma1im,mu1re,mu1im,alpha0,alpha1,b_star,corresponding_negative_eigenvalues
0.2,0.3,1,1.1,1.0,-2.5999999999999996,1,1.1,0.2,0.3,-0.5,-1.9,0.0,0.0,"[0.17 0.18 0.19 0.2  0.21 0.22 0.23 0.24 0.25 0.26 0.27 0.28 0.29 0.3
 0.31 0.32 0.33 0.34 0.35 0.36 0.37 0.38 0.39 0.4  0.41 0.42 0.43 0.44
 0.45 0.46 0.47 0.48 0.49 0.5  0.51 0.52 0.53 0.54 0.55 0.56 0.57 0.58
 0.59 0.6  0.61 0.62 0.63 0.64 0.65 0.66 0.67 0.68 0.69 0.7  0.71 0.72
 0.73 0.74 0.75 0.76 0.77 0.78 0.79 0.8  0.81 0.82 0.83 0.84 0.85 0.86
 0.87 0.88 0.89 0.9  0.91 0.92 0.93 0.94 0.95 0.96 0.97 0.98 0.99 1.
 1.01 1.02 1.03 1.04 1.05 1.06 1.07 1.08 1.09 1.1  1.11 1.12 1.13 1.14
 1.15 1.16 1.17 1.18 1.19 1.2  1.21 1.22 1.23 1.24 1.25 1.26 1.27 1.28
 1.29 1.3  1.31 1.32 1.33 1.34 1.35 1.36 1.37 1.38 1.39 1.4  1.41 1.42
 1.43 1.44 1.45 1.46 1.47 1.48]","[-0.02085454 -0.0478157  -0.08286457 -0.1343266  -0.170391   -0.16898658
 -0.16758289 -0.16617998 -0.16477787 -0.16337657 -0.16197613 -0.16057655
 -0.15917788 -0.15778011 -0.15638329 -0.15498743 -0.15359255 -0.15219867
 -0.15080581 -0.14941398 -0.14802321 -0.1466335  -0.14524488 -0.14385735
 -0.14247094 -0.14108564 -0.13970148 -0.13831847 -0.13693661 -0.13555592
 -0.1341764  -0.13279806 -0.13142091 -0.13004495 -0.12867019 -0.12729663
 -0.12592428 -0.12455314 -0.12318321 -0.1218145  -0.120447   -0.11908073
 -0.11771566 -0.11635182 -0.11498919 -0.11362777 -0.11226757 -0.11090858
 -0.10955079 -0.1081942  -0.10683881 -0.10548462 -0.10413161 -0.10277979
 -0.10142914 -0.10007967 -0.09873136 -0.09738421 -0.0960382  -0.09469335
 -0.09334962 -0.09200703 -0.09066556 -0.08932519 -0.08798593 -0.08664776
 -0.08531067 -0.08397466 -0.08263971 -0.08130582 -0.07997297 -0.07864116
 -0.07731037 -0.0759806  -0.07465183 -0.07332406 -0.07199727 -0.07067145
 -0.06934659 -0.06802268 -0.06669971 -0.06537767 -0.06405655 -0.06273634
 -0.06141702 -0.06009859 -0.05878103 -0.05746433 -0.05614849 -0.05483349
 -0.05351931 -0.05220596 -0.05089341 -0.04958166 -0.0482707  -0.04696051
 -0.04565109 -0.04434242 -0.04303449 -0.0417273  -0.04042082 -0.03911506
 -0.03781    -0.03650564 -0.03520195 -0.03389893 -0.03259657 -0.03129486
 -0.0299938  -0.02869336 -0.02739354 -0.02609433 -0.02479573 -0.02349772
 -0.02220028 -0.02090342 -0.01960713 -0.01831139 -0.01701619 -0.01572153
 -0.0144274  -0.01313378 -0.01184068 -0.01054808 -0.00925597 -0.00796434
 -0.0066732  -0.00538252 -0.0040923  -0.00280253 -0.0015132  -0.00022432]"
