sigma0re,sigma0im,beta0re,beta0im,mu0re,mu0im,beta1re,beta1im,sigma1re,sigma1im,mu1re,mu1im,alpha0,alpha1,b_star,corresponding_negative_eigenvalues
0.2,0.3,1,1.1,1.0,-1.6999999999999988,1,1.1,0.2,0.3,-0.5,-2.0,0.0,0.0,"[0.16 0.17 0.18 0.19 0.2  0.21 0.22 0.23 0.24 0.25 0.26 0.27 0.28 0.29
 0.3  0.31 0.32 0.33 0.34 0.35 0.36 0.37 0.38 0.39 0.4  0.41 0.42 0.43
 0.44 0.45 0.46 0.47 0.48 0.49 0.5  0.51 0.52 0.53 0.54 0.55 0.56 0.57
 0.58 0.59 0.6  0.61 0.62 0.63 0.64]","[-0.01194172 -0.02687928 -0.04421601 -0.06446106 -0.08844644 -0.11769846
 -0.12704141 -0.12383966 -0.12064962 -0.11747123 -0.1143044  -0.111149
 -0.10800489 -0.10487189 -0.10174983 -0.09863849 -0.09553767 -0.09244712
 -0.08936661 -0.08629591 -0.08323474 -0.08018287 -0.07714002 -0.07410594
 -0.07108037 -0.06806305 -0.06505371 -0.0620521  -0.05905796 -0.05607104
 -0.0530911  -0.05011789 -0.04715118 -0.04419072 -0.04123629 -0.03828767
 -0.03534464 -0.03240699 -0.02947451 -0.026547   -0.02362426 -0.02070612
 -0.01779237 -0.01488285 -0.01197738 -0.0090758  -0.00617795 -0.00328366
 -0.00039279]"
