sigma0re,sigma0im,beta0re,beta0im,mu0re,mu0im,beta1re,beta1im,sigma1re,sigma1im,mu1re,mu1im,alpha0,alpha1,b_star,corresponding_negative_eigenvalues
0.2,0.3,1,1.1,1.0,1.400000000000004,1,1.1,0.2,0.3,-0.5,1.9000000000000035,0.0,0.0,"[0.24 0.25 0.26 0.27 0.28 0.29 0.3  0.31 0.32 0.33 0.34 0.35 0.36 0.37
 0.38 0.39 0.4  0.41 0.42 0.43 0.44 0.45 0.46 0.47 0.48 0.49 0.5  0.51
 0.52 0.53 0.54]","[-0.00855716 -0.084686   -0.09782767 -0.09419013 -0.09057183 -0.08697209
 -0.0833902  -0.07982551 -0.07627731 -0.07274495 -0.06922776 -0.06572512
 -0.06223638 -0.05876094 -0.05529821 -0.05184761 -0.04840859 -0.04498061
 -0.04156317 -0.03815575 -0.03475789 -0.03136912 -0.027989   -0.0246171
 -0.02125304 -0.0178964  -0.01454683 -0.01120395 -0.00786745 -0.00453698
 -0.00121224]"
