sigma0re,sigma0im,beta0re,beta0im,mu0re,mu0im,beta1re,beta1im,sigma1re,sigma1im,mu1re,mu1im,alpha0,alpha1,b_star,corresponding_negative_eigenvalues
0.2,0.3,1,1.1,1.0,1.0000000000000036,1,1.1,0.2,0.3,-0.5,1.500000000000003,0.1,0.1,"[0.33 0.34 0.35 0.36 0.37 0.38 0.39 0.4  0.41 0.42 0.43 0.44 0.45 0.46
 0.47 0.48 0.49 0.5  0.51 0.52 0.53 0.54 0.55 0.56 0.57 0.58 0.59]","[-0.04017897 -0.07117415 -0.06820328 -0.06525434 -0.06232624 -0.05941792
 -0.05652842 -0.05365685 -0.05080233 -0.04796408 -0.04514135 -0.04233344
 -0.03953969 -0.03675948 -0.03399224 -0.03123742 -0.02849452 -0.02576305
 -0.02304256 -0.02033264 -0.01763288 -0.01494292 -0.0122624  -0.00959099
 -0.0069284  -0.00427432 -0.00162849]"
