sigma0re,sigma0im,beta0re,beta0im,mu0re,mu0im,beta1re,beta1im,sigma1re,sigma1im,mu1re,mu1im,alpha0,alpha1,b_star,corresponding_negative_eigenvalues
0.2,0.3,1,1.1,1.0,2.7000000000000046,1,1.1,0.2,0.3,-0.5,0.8000000000000025,0.0,0.0,"[0.19 0.2  0.21 0.22 0.23 0.24 0.25 0.26 0.27 0.28 0.29 0.3  0.31 0.32
 0.33 0.34 0.35 0.36 0.37 0.38 0.39 0.4  0.41 0.42 0.43 0.44 0.45 0.46
 0.47 0.48 0.49 0.5  0.51 0.52 0.53 0.54 0.55 0.56 0.57 0.58 0.59 0.6
 0.61 0.62 0.63 0.64 0.65 0.66 0.67 0.68 0.69 0.7  0.71 0.72 0.73 0.74
 0.75 0.76 0.77 0.78 0.79 0.8  0.81 0.82 0.83 0.84 0.85 0.86 0.87 0.88
 0.89 0.9  0.91 0.92 0.93 0.94 0.95 0.96 0.97 0.98 0.99 1.   1.01 1.02
 1.03 1.04 1.05 1.06]","[-0.00992028 -0.02226384 -0.03637152 -0.05257322 -0.07137269 -0.09360496
 -0.12085111 -0.1462166  -0.14421203 -0.14221357 -0.14022125 -0.13823513
 -0.13625524 -0.13428159 -0.13231419 -0.13035305 -0.12839816 -0.12644951
 -0.12450706 -0.12257081 -0.1206407  -0.11871669 -0.11679874 -0.11488681
 -0.11298081 -0.11108071 -0.10918643 -0.10729791 -0.10541507 -0.10353784
 -0.10166614 -0.09979989 -0.09793901 -0.09608343 -0.09423305 -0.09238779
 -0.09054757 -0.0887123  -0.08688189 -0.08505626 -0.08323532 -0.08141897
 -0.07960715 -0.07779975 -0.07599669 -0.07419788 -0.07240325 -0.0706127
 -0.06882615 -0.06704352 -0.06526473 -0.06348969 -0.06171832 -0.05995055
 -0.05818629 -0.05642547 -0.05466801 -0.05291384 -0.05116288 -0.04941506
 -0.04767031 -0.04592856 -0.04418974 -0.04245378 -0.04072061 -0.03899017
 -0.03726239 -0.03553722 -0.03381458 -0.03209442 -0.03037668 -0.0286613
 -0.02694822 -0.02523739 -0.02352875 -0.02182224 -0.02011782 -0.01841543
 -0.01671503 -0.01501656 -0.01331997 -0.01162522 -0.00993225 -0.00824103
 -0.00655152 -0.00486365 -0.00317741 -0.00149273]"
