sigma0re,sigma0im,beta0re,beta0im,mu0re,mu0im,beta1re,beta1im,sigma1re,sigma1im,mu1re,mu1im,alpha0,alpha1,b_star,corresponding_negative_eigenvalues
0.2,0.3,1,1.1,1.0,1.600000000000004,1,1.1,0.2,0.3,-0.5,1.6000000000000032,0.1,0.1,"[0.28 0.29 0.3  0.31 0.32 0.33 0.34 0.35 0.36 0.37 0.38 0.39 0.4  0.41
 0.42 0.43 0.44 0.45 0.46 0.47 0.48 0.49 0.5  0.51 0.52 0.53 0.54 0.55
 0.56 0.57 0.58 0.59 0.6  0.61 0.62 0.63 0.64 0.65 0.66 0.67 0.68 0.69
 0.7  0.71 0.72 0.73 0.74 0.75 0.76 0.77 0.78 0.79 0.8  0.81 0.82 0.83
 0.84 0.85 0.86 0.87 0.88 0.89 0.9  0.91 0.92 0.93 0.94 0.95 0.96 0.97
 0.98 0.99 1.   1.01 1.02 1.03 1.04 1.05 1.06 1.07 1.08]","[-0.02495267 -0.06420694 -0.13089802 -0.12884673 -0.12681121 -0.12479118
 -0.12278634 -0.12079638 -0.11882099 -0.11685987 -0.1149127  -0.11297917
 -0.11105896 -0.10915176 -0.10725728 -0.1053752  -0.10350522 -0.10164707
 -0.09980045 -0.09796507 -0.09614068 -0.094327   -0.09252377 -0.09073074
 -0.08894766 -0.08717431 -0.08541044 -0.08365584 -0.08191029 -0.08017358
 -0.07844552 -0.07672591 -0.07501456 -0.07331129 -0.07161593 -0.06992831
 -0.06824828 -0.06657568 -0.06491035 -0.06325217 -0.06160099 -0.05995668
 -0.05831912 -0.05668818 -0.05506375 -0.05344573 -0.05183399 -0.05022845
 -0.04862901 -0.04703557 -0.04544804 -0.04386634 -0.04229039 -0.04072011
 -0.03915543 -0.03759628 -0.03604258 -0.03449428 -0.03295131 -0.03141361
 -0.02988114 -0.02835383 -0.02683163 -0.0253145  -0.02380238 -0.02229525
 -0.02079305 -0.01929574 -0.01780329 -0.01631566 -0.01483282 -0.01335473
 -0.01188137 -0.0104127  -0.00894869 -0.00748933 -0.00603459 -0.00458444
 -0.00313886 -0.00169782 -0.00026132]"
