sigma0re,sigma0im,beta0re,beta0im,mu0re,mu0im,beta1re,beta1im,sigma1re,sigma1im,mu1re,mu1im,alpha0,alpha1,b_star,corresponding_negative_eigenvalues
0.2,0.3,1,1.1,1.0,-0.1999999999999975,1,1.1,0.2,0.3,-0.5,-0.7999999999999989,0.1,0.1,"[0.01 0.02 0.03 0.04 0.05 0.06 0.07 0.08 0.09 0.1  0.11 0.12 0.13 0.14
 0.15 0.16 0.17 0.18 0.19 0.2  0.21 0.22 0.23 0.24]","[-6.84555645e-05 -2.72036671e-04 -6.05355000e-04 -1.05933211e-03
 -1.62107881e-03 -2.27378090e-03 -2.99664973e-03 -3.76501404e-03
 -4.55064183e-03 -5.32237880e-03 -6.04716285e-03 -6.69141568e-03
 -7.22272607e-03 -7.61164440e-03 -7.83333918e-03 -7.86885814e-03
 -7.70580347e-03 -7.33835457e-03 -6.76670698e-03 -5.99609634e-03
 -5.03561500e-03 -3.89701065e-03 -2.59360315e-03 -1.13939380e-03]"
