sigma0re,sigma0im,beta0re,beta0im,mu0re,mu0im,beta1re,beta1im,sigma1re,sigma1im,mu1re,mu1im,alpha0,alpha1,b_star,corresponding_negative_eigenvalues
0.2,0.3,1,1.1,1.0,-0.699999999999998,1,1.1,0.2,0.3,-0.5,-0.7999999999999989,0.1,0.1,"[0.01 0.02 0.03 0.04 0.05 0.06 0.07 0.08 0.09 0.1  0.11 0.12 0.13 0.14
 0.15 0.16 0.17 0.18 0.19 0.2  0.21 0.22 0.23 0.24 0.25 0.26 0.27 0.28
 0.29 0.3  0.31 0.32 0.33 0.34 0.35 0.36 0.37 0.38 0.39 0.4  0.41 0.42
 0.43 0.44 0.45 0.46 0.47 0.48 0.49 0.5  0.51 0.52 0.53 0.54 0.55 0.56
 0.57 0.58 0.59 0.6  0.61 0.62 0.63 0.64 0.65 0.66 0.67 0.68 0.69 0.7
 0.71 0.72]","[-0.00024503 -0.0009822  -0.00221775 -0.00396238 -0.00623163 -0.00904647
 -0.0124341  -0.01642891 -0.0210734  -0.02641865 -0.03252283 -0.03944354
 -0.0472127  -0.055765   -0.06476918 -0.07339267 -0.08044785 -0.08525784
 -0.08804151 -0.08936304 -0.08970405 -0.08938994 -0.08862924 -0.08755641
 -0.08626027 -0.08480122 -0.08322143 -0.0815511  -0.07981236 -0.07802168
 -0.0761916  -0.07433174 -0.07244962 -0.07055118 -0.06864113 -0.06672327
 -0.06480067 -0.06287584 -0.06095083 -0.05902733 -0.05710676 -0.05519027
 -0.05327884 -0.05137328 -0.04947428 -0.04758241 -0.04569815 -0.04382192
 -0.04195404 -0.04009483 -0.0382445  -0.03640328 -0.03457134 -0.03274881
 -0.03093582 -0.02913247 -0.02733884 -0.02555499 -0.02378099 -0.02201688
 -0.02026268 -0.01851843 -0.01678415 -0.01505985 -0.01334554 -0.01164122
 -0.00994689 -0.00826255 -0.0065882  -0.00492382 -0.00326942 -0.00162497]"
