sigma0re,sigma0im,beta0re,beta0im,mu0re,mu0im,beta1re,beta1im,sigma1re,sigma1im,mu1re,mu1im,alpha0,alpha1,b_star,corresponding_negative_eigenvalues
0.2,0.3,1,1.1,1.0,-1.0999999999999983,1,1.1,0.2,0.3,-0.5,-1.0999999999999992,0.0,0.0,"[0.14 0.15 0.16 0.17 0.18 0.19 0.2  0.21 0.22 0.23 0.24 0.25 0.26 0.27
 0.28 0.29 0.3  0.31 0.32 0.33 0.34 0.35 0.36 0.37 0.38 0.39 0.4  0.41
 0.42 0.43 0.44 0.45 0.46 0.47 0.48 0.49 0.5  0.51 0.52 0.53 0.54 0.55
 0.56 0.57 0.58 0.59 0.6  0.61 0.62 0.63 0.64 0.65 0.66 0.67 0.68 0.69
 0.7  0.71 0.72 0.73 0.74 0.75 0.76 0.77 0.78 0.79]","[-0.00318665 -0.00858321 -0.01464503 -0.02139837 -0.02887864 -0.03713222
 -0.04621932 -0.05621801 -0.06723053 -0.07939311 -0.09289226 -0.1079932
 -0.12210703 -0.11948085 -0.11687838 -0.11429881 -0.11174135 -0.10920524
 -0.10668971 -0.10419402 -0.10171744 -0.09925928 -0.09681886 -0.09439552
 -0.09198862 -0.08959756 -0.08722173 -0.08486057 -0.08251352 -0.08018007
 -0.07785969 -0.07555191 -0.07325624 -0.07097225 -0.06869948 -0.06643753
 -0.06418599 -0.06194447 -0.05971261 -0.05749005 -0.05527643 -0.05307145
 -0.05087476 -0.04868608 -0.04650511 -0.04433156 -0.04216517 -0.04000567
 -0.03785281 -0.03570636 -0.03356607 -0.03143172 -0.0293031  -0.02718
 -0.02506222 -0.02294956 -0.02084184 -0.01873889 -0.01664053 -0.01454658
 -0.0124569  -0.01037132 -0.00828971 -0.0062119  -0.00413777 -0.00206718]"
