sigma0re,sigma0im,beta0re,beta0im,mu0re,mu0im,beta1re,beta1im,sigma1re,sigma1im,mu1re,mu1im,alpha0,alpha1,b_star,corresponding_negative_eigenvalues
0.2,0.3,1,1.1,1.0,-0.3999999999999977,1,1.1,0.2,0.3,-0.5,-1.5999999999999996,0.1,0.1,"[0.01 0.02 0.03 0.04 0.05 0.06 0.07 0.08 0.09 0.1  0.11 0.12 0.13 0.14
 0.15 0.16 0.17 0.18 0.19 0.2  0.21 0.22 0.23 0.24]","[-0.00027779 -0.00110952 -0.0024896  -0.00440612 -0.00683648 -0.00973985
 -0.01304569 -0.01663772 -0.02033635 -0.02388987 -0.02699377 -0.029353
 -0.03076605 -0.03117435 -0.03064482 -0.02931273 -0.02732912 -0.02483131
 -0.0219326  -0.01872215 -0.01526865 -0.01162463 -0.00783025 -0.00391639]"
