sigma0re,sigma0im,beta0re,beta0im,mu0re,mu0im,beta1re,beta1im,sigma1re,sigma1im,mu1re,mu1im,alpha0,alpha1,b_star,corresponding_negative_eigenvalues
0.2,0.3,1,1.1,1.0,-1.0999999999999983,1,1.1,0.2,0.3,-0.5,-1.1999999999999993,0.1,0.1,"[0.14 0.15 0.16 0.17 0.18 0.19 0.2  0.21 0.22 0.23 0.24 0.25 0.26 0.27
 0.28 0.29 0.3  0.31 0.32 0.33 0.34 0.35 0.36 0.37 0.38 0.39 0.4  0.41
 0.42 0.43 0.44 0.45 0.46 0.47 0.48 0.49 0.5  0.51 0.52 0.53 0.54 0.55
 0.56 0.57 0.58 0.59 0.6  0.61 0.62 0.63 0.64 0.65 0.66 0.67 0.68 0.69
 0.7  0.71 0.72 0.73 0.74 0.75 0.76 0.77 0.78 0.79]","[-0.00079002 -0.00565212 -0.0111307  -0.01724483 -0.0240202  -0.03149029
 -0.03969798 -0.04869792 -0.05855989 -0.06937389 -0.08125783 -0.09436997
 -0.10892987 -0.11780739 -0.11507974 -0.11237452 -0.10969142 -0.10703011
 -0.10439029 -0.10177162 -0.09917378 -0.09659647 -0.09403936 -0.09150217
 -0.08898458 -0.08648632 -0.08400711 -0.08154667 -0.07910475 -0.07668109
 -0.07427545 -0.07188761 -0.06951733 -0.06716441 -0.06482863 -0.06250981
 -0.06020775 -0.05792228 -0.05565323 -0.05340043 -0.05116372 -0.04894297
 -0.04673802 -0.04454875 -0.04237503 -0.04021673 -0.03807373 -0.03594594
 -0.03383323 -0.03173552 -0.0296527  -0.02758469 -0.02553139 -0.02349273
 -0.02146862 -0.01945898 -0.01746375 -0.01548286 -0.01351623 -0.0115638
 -0.00962551 -0.00770129 -0.0057911  -0.00389486 -0.00201253 -0.00014405]"
