sigma0re,sigma0im,beta0re,beta0im,mu0re,mu0im,beta1re,beta1im,sigma1re,sigma1im,mu1re,mu1im,alpha0,alpha1,b_star,corresponding_negative_eigenvalues
0.2,0.3,1,1.1,1.0,-1.899999999999999,1,1.1,0.2,0.3,-0.5,-0.5999999999999988,0.0,0.0,"[0.27 0.28 0.29 0.3  0.31 0.32 0.33 0.34 0.35 0.36 0.37 0.38 0.39 0.4
 0.41 0.42 0.43 0.44 0.45 0.46 0.47 0.48 0.49 0.5  0.51 0.52 0.53 0.54
 0.55 0.56 0.57 0.58 0.59 0.6  0.61 0.62 0.63 0.64 0.65 0.66 0.67 0.68
 0.69 0.7  0.71 0.72 0.73 0.74 0.75 0.76 0.77 0.78 0.79 0.8  0.81 0.82
 0.83 0.84 0.85 0.86 0.87 0.88 0.89 0.9  0.91 0.92 0.93 0.94 0.95 0.96
 0.97 0.98 0.99 1.   1.01 1.02 1.03 1.04 1.05 1.06 1.07 1.08 1.09 1.1
 1.11 1.12 1.13 1.14 1.15 1.16 1.17 1.18 1.19 1.2  1.21 1.22]","[-2.72769134e-03 -2.01662577e-02 -4.28164421e-02 -7.64437745e-02
 -1.38025489e-01 -1.36198779e-01 -1.34383570e-01 -1.32579723e-01
 -1.30787089e-01 -1.29005507e-01 -1.27234813e-01 -1.25474832e-01
 -1.23725387e-01 -1.21986295e-01 -1.20257370e-01 -1.18538424e-01
 -1.16829266e-01 -1.15129705e-01 -1.13439551e-01 -1.11758610e-01
 -1.10086693e-01 -1.08423609e-01 -1.06769169e-01 -1.05123187e-01
 -1.03485477e-01 -1.01855857e-01 -1.00234146e-01 -9.86201673e-02
 -9.70137446e-02 -9.54147060e-02 -9.38228823e-02 -9.22381073e-02
 -9.06602178e-02 -8.90890537e-02 -8.75244582e-02 -8.59662776e-02
 -8.44143614e-02 -8.28685623e-02 -8.13287361e-02 -7.97947419e-02
 -7.82664418e-02 -7.67437010e-02 -7.52263877e-02 -7.37143734e-02
 -7.22075322e-02 -7.07057413e-02 -6.92088809e-02 -6.77168337e-02
 -6.62294855e-02 -6.47467247e-02 -6.32684422e-02 -6.17945318e-02
 -6.03248896e-02 -5.88594143e-02 -5.73980070e-02 -5.59405714e-02
 -5.44870131e-02 -5.30372405e-02 -5.15911637e-02 -5.01486953e-02
 -4.87097499e-02 -4.72742443e-02 -4.58420971e-02 -4.44132289e-02
 -4.29875624e-02 -4.15650220e-02 -4.01455340e-02 -3.87290263e-02
 -3.73154288e-02 -3.59046728e-02 -3.44966914e-02 -3.30914194e-02
 -3.16887929e-02 -3.02887496e-02 -2.88912289e-02 -2.74961714e-02
 -2.61035190e-02 -2.47132153e-02 -2.33252051e-02 -2.19394343e-02
 -2.05558503e-02 -1.91744016e-02 -1.77950381e-02 -1.64177105e-02
 -1.50423711e-02 -1.36689729e-02 -1.22974702e-02 -1.09278183e-02
 -9.55997353e-03 -8.19389326e-03 -6.82953579e-03 -5.46686038e-03
 -4.10582723e-03 -2.74639743e-03 -1.38853296e-03 -3.21966762e-05]"
