sigma0re,sigma0im,beta0re,beta0im,mu0re,mu0im,beta1re,beta1im,sigma1re,sigma1im,mu1re,mu1im,alpha0,alpha1,b_star,corresponding_negative_eigenvalues
0.2,0.3,1,1.1,1.0,-1.0999999999999983,1,1.1,0.2,0.3,-0.5,-1.3999999999999995,0.1,0.1,"[0.13 0.14 0.15 0.16 0.17 0.18 0.19 0.2  0.21 0.22 0.23 0.24 0.25 0.26
 0.27 0.28 0.29 0.3  0.31 0.32 0.33 0.34 0.35 0.36 0.37 0.38 0.39 0.4
 0.41 0.42 0.43 0.44 0.45 0.46 0.47 0.48 0.49 0.5  0.51 0.52 0.53 0.54
 0.55 0.56 0.57 0.58 0.59 0.6  0.61 0.62 0.63 0.64 0.65]","[-0.00071599 -0.00571516 -0.01137175 -0.01770345 -0.02473536 -0.0325011
 -0.04104445 -0.05042172 -0.06070528 -0.07198875 -0.08439509 -0.09808953
 -0.11054798 -0.10736908 -0.10421867 -0.10109609 -0.09800071 -0.09493189
 -0.091889   -0.08887145 -0.08587864 -0.08291    -0.07996497 -0.07704303
 -0.07414366 -0.07126636 -0.06841065 -0.0655761  -0.06276225 -0.05996869
 -0.05719501 -0.05444084 -0.0517058  -0.04898956 -0.04629176 -0.04361208
 -0.04095023 -0.03830591 -0.03567883 -0.03306873 -0.03047534 -0.02789843
 -0.02533776 -0.02279309 -0.02026422 -0.01775092 -0.01525302 -0.0127703
 -0.01030258 -0.0078497  -0.00541146 -0.00298772 -0.00057831]"
