sigma0re,sigma0im,beta0re,beta0im,mu0re,mu0im,beta1re,beta1im,sigma1re,sigma1im,mu1re,mu1im,alpha0,alpha1,b_star,corresponding_negative_eigenvalues
0.2,0.3,1,1.1,1.0,1.600000000000004,1,1.1,0.2,0.3,-0.5,1.500000000000003,0.1,0.1,"[0.28 0.29 0.3  0.31 0.32 0.33 0.34 0.35 0.36 0.37 0.38 0.39 0.4  0.41
 0.42 0.43 0.44 0.45 0.46 0.47 0.48 0.49 0.5  0.51 0.52 0.53 0.54 0.55
 0.56 0.57 0.58 0.59 0.6  0.61 0.62 0.63 0.64 0.65 0.66 0.67 0.68 0.69
 0.7  0.71 0.72 0.73 0.74 0.75 0.76 0.77 0.78 0.79 0.8  0.81 0.82 0.83
 0.84 0.85 0.86 0.87 0.88 0.89 0.9  0.91 0.92 0.93 0.94 0.95 0.96 0.97
 0.98 0.99 1.   1.01 1.02 1.03 1.04 1.05 1.06 1.07 1.08 1.09 1.1  1.11
 1.12 1.13 1.14 1.15 1.16 1.17 1.18 1.19 1.2  1.21 1.22 1.23 1.24 1.25
 1.26]","[-0.01343958 -0.04229846 -0.09149008 -0.13551099 -0.13367362 -0.13185113
 -0.13004327 -0.1282498  -0.12647045 -0.12470496 -0.12295306 -0.12121447
 -0.11948893 -0.11777616 -0.1160759  -0.11438786 -0.11271179 -0.11104742
 -0.10939449 -0.10775274 -0.10612192 -0.10450179 -0.1028921  -0.10129262
 -0.09970312 -0.09812337 -0.09655315 -0.09499226 -0.09344049 -0.09189763
 -0.09036349 -0.08883789 -0.08732064 -0.08581156 -0.0843105  -0.08281727
 -0.08133172 -0.0798537  -0.07838306 -0.07691967 -0.07546337 -0.07401403
 -0.07257154 -0.07113577 -0.0697066  -0.06828391 -0.0668676  -0.06545756
 -0.06405369 -0.06265589 -0.06126408 -0.05987816 -0.05849805 -0.05712366
 -0.05575491 -0.05439174 -0.05303406 -0.05168181 -0.05033493 -0.04899334
 -0.04765699 -0.04632582 -0.04499977 -0.04367879 -0.04236283 -0.04105185
 -0.03974578 -0.0384446  -0.03714825 -0.0358567  -0.0345699  -0.03328783
 -0.03201044 -0.0307377  -0.02946958 -0.02820605 -0.02694707 -0.02569263
 -0.02444269 -0.02319723 -0.02195623 -0.02071966 -0.0194875  -0.01825973
 -0.01703633 -0.01581729 -0.01460257 -0.01339218 -0.01218608 -0.01098427
 -0.00978674 -0.00859346 -0.00740443 -0.00621963 -0.00503905 -0.00386269
 -0.00269052 -0.00152255 -0.00035876]"
