sigma0re,sigma0im,beta0re,beta0im,mu0re,mu0im,beta1re,beta1im,sigma1re,sigma1im,mu1re,mu1im,alpha0,alpha1,b_star,corresponding_negative_eigenvalues
0.2,0.3,1,1.1,1.0,1.5000000000000036,1,1.1,0.2,0.3,-0.5,0.40000000000000213,0.0,0.0,"[0.01 0.02 0.03 0.04 0.05 0.06 0.07 0.08 0.09 0.1  0.11 0.12 0.13 0.14
 0.15 0.16 0.17 0.18 0.19 0.2  0.21 0.22 0.23 0.24 0.25 0.26 0.27 0.28
 0.29 0.3  0.31 0.32 0.33 0.34 0.35 0.36 0.37 0.38 0.39 0.4  0.41 0.42
 0.43 0.44 0.45 0.46 0.47 0.48 0.49 0.5  0.51 0.52 0.53 0.54 0.55 0.56
 0.57 0.58 0.59 0.6  0.61 0.62 0.63 0.64 0.65 0.66 0.67 0.68 0.69 0.7
 0.71 0.72 0.73 0.74 0.75 0.76 0.77 0.78 0.79 0.8  0.81 0.82 0.83 0.84
 0.85 0.86 0.87 0.88]","[-0.00033192 -0.00133279 -0.00301839 -0.00541658 -0.00857012 -0.01254135
 -0.01742048 -0.0233402  -0.03050374 -0.03924453 -0.05017491 -0.06466503
 -0.08735807 -0.10518805 -0.09382955 -0.09279449 -0.09498408 -0.09892126
 -0.10409253 -0.11028872 -0.11743304 -0.1170261  -0.11510633 -0.11316047
 -0.11119951 -0.10923101 -0.10726029 -0.10529115 -0.10332629 -0.10136767
 -0.09941668 -0.09747432 -0.09554125 -0.09361794 -0.09170467 -0.0898016
 -0.08790877 -0.08602617 -0.08415371 -0.08229127 -0.0804387  -0.0785958
 -0.07676239 -0.07493825 -0.07312316 -0.07131689 -0.06951921 -0.0677299
 -0.06594871 -0.06417543 -0.06240983 -0.06065168 -0.05890077 -0.05715688
 -0.05541981 -0.05368935 -0.0519653  -0.05024746 -0.04853566 -0.0468297
 -0.04512941 -0.04343462 -0.04174516 -0.04006086 -0.03838156 -0.03670712
 -0.03503739 -0.03337221 -0.03171145 -0.03005498 -0.02840266 -0.02675437
 -0.02510998 -0.02346937 -0.02183243 -0.02019904 -0.01856909 -0.01694248
 -0.0153191  -0.01369886 -0.01208166 -0.0104674  -0.008856   -0.00724736
 -0.00564139 -0.00403802 -0.00243717 -0.00083875]"
