sigma0re,sigma0im,beta0re,beta0im,mu0re,mu0im,beta1re,beta1im,sigma1re,sigma1im,mu1re,mu1im,alpha0,alpha1,b_star,corresponding_negative_eigenvalues
0.2,0.3,1,1.1,1.0,-0.2999999999999976,1,1.1,0.2,0.3,-0.5,-0.899999999999999,0.0,0.0,"[0.01 0.02 0.03 0.04 0.05 0.06 0.07 0.08 0.09 0.1  0.11 0.12 0.13 0.14
 0.15 0.16 0.17 0.18 0.19 0.2  0.21 0.22 0.23 0.24 0.25 0.26 0.27]","[-0.00014897 -0.00059341 -0.00132569 -0.00233238 -0.00359323 -0.00507977
 -0.00675364 -0.00856505 -0.01045175 -0.01233937 -0.01414401 -0.01577769
 -0.01715637 -0.01820911 -0.01888559 -0.0191599  -0.01902961 -0.01851119
 -0.01763383 -0.01643343 -0.0149479  -0.01321405 -0.01126574 -0.00913314
 -0.00684251 -0.00441642 -0.00187408]"
