sigma0re,sigma0im,beta0re,beta0im,mu0re,mu0im,beta1re,beta1im,sigma1re,sigma1im,mu1re,mu1im,alpha0,alpha1,b_star,corresponding_negative_eigenvalues
0.2,0.3,1,1.1,1.0,-2.6999999999999997,1,1.1,0.2,0.3,-0.5,-0.3999999999999986,0.1,0.1,"[0.31 0.32 0.33 0.34 0.35 0.36 0.37 0.38 0.39 0.4  0.41 0.42 0.43 0.44
 0.45 0.46 0.47 4.71 4.72 4.73 4.74 4.75 4.76 4.77 4.78 4.79 4.8  4.81
 4.82 4.83 4.84 4.85 4.86 4.87 4.88 4.89 4.9  4.91 4.92 4.93 4.94 4.95
 4.96 4.97 4.98 4.99 5.  ]","[-0.00237221 -0.04997162 -0.04661348 -0.0432792  -0.03996829 -0.03668028
 -0.03341474 -0.0301712  -0.02694924 -0.02374846 -0.02056844 -0.01740883
 -0.01426925 -0.01114936 -0.00804884 -0.00496738 -0.00190467 -0.00359093
 -0.00765145 -0.01173692 -0.01584738 -0.01998287 -0.0241434  -0.02832902
 -0.03253976 -0.03677563 -0.04103668 -0.04532294 -0.04963443 -0.05397118
 -0.05833323 -0.06272061 -0.06713334 -0.07157146 -0.07603498 -0.08052395
 -0.0850384  -0.08957834 -0.09414382 -0.09873485 -0.10335147 -0.1079937
 -0.11266158 -0.11735514 -0.12207439 -0.12681937 -0.13159011]"
