sigma0re,sigma0im,beta0re,beta0im,mu0re,mu0im,beta1re,beta1im,sigma1re,sigma1im,mu1re,mu1im,alpha0,alpha1,b_star,corresponding_negative_eigenvalues
0.2,0.3,1,1.1,1.0,-0.8999999999999981,1,1.1,0.2,0.3,-0.5,-0.9999999999999991,0.0,0.0,"[0.01 0.02 0.03 0.04 0.05 0.06 0.07 0.08 0.09 0.1  0.11 0.12 0.13 0.14
 0.15 0.16 0.17 0.18 0.19 0.2  0.21 0.22 0.23 0.24 0.25 0.26 0.27 0.28
 0.29 0.3  0.31 0.32 0.33 0.34 0.35 0.36 0.37 0.38 0.39 0.4  0.41 0.42
 0.43 0.44 0.45 0.46 0.47 0.48 0.49 0.5  0.51 0.52 0.53 0.54 0.55 0.56
 0.57 0.58 0.59 0.6  0.61 0.62 0.63 0.64 0.65 0.66 0.67 0.68]","[-0.0004985  -0.00200939 -0.0045815  -0.00638591 -0.00721738 -0.00892053
 -0.0110884  -0.01366388 -0.01663444 -0.02000106 -0.02377092 -0.0279552
 -0.03256832 -0.03762794 -0.04315519 -0.04917521 -0.05571789 -0.062819
 -0.07052159 -0.07887811 -0.08795332 -0.09782855 -0.10860818 -0.11003916
 -0.10720127 -0.10439643 -0.10162274 -0.09887849 -0.09616205 -0.09347192
 -0.09080671 -0.08816512 -0.08554593 -0.082948   -0.08037027 -0.07781172
 -0.07527143 -0.07274851 -0.07024213 -0.0677515  -0.06527589 -0.06281458
 -0.06036694 -0.05793232 -0.05551015 -0.05309985 -0.0507009  -0.04831279
 -0.04593505 -0.04356721 -0.04120885 -0.03885956 -0.03651894 -0.03418661
 -0.03186223 -0.02954544 -0.02723593 -0.02493339 -0.02263752 -0.02034804
 -0.01806468 -0.01578717 -0.01351528 -0.01124876 -0.00898738 -0.00673093
 -0.00447921 -0.00223201]"
