sigma0re,sigma0im,beta0re,beta0im,mu0re,mu0im,beta1re,beta1im,sigma1re,sigma1im,mu1re,mu1im,alpha0,alpha1,b_star,corresponding_negative_eigenvalues
0.2,0.3,1,1.1,1.0,2.600000000000005,1,1.1,0.2,0.3,-0.5,0.40000000000000213,0.1,0.1,"[0.01 0.02 0.03 0.04 0.05 0.06 0.07 0.08 0.09 0.1  0.11 0.12 0.13 0.14
 0.15 0.16 0.17 0.18 0.19 0.2  0.21 0.22 0.23 0.24 0.25 0.26 0.27 0.28
 0.29 0.3  0.31 0.32 0.33 0.34 0.35 0.36 0.37 0.38 0.39 0.4  0.41 0.42
 0.43 0.44 0.45 0.46 0.47 0.48 0.49 0.5  0.51 0.52 0.53 0.54 0.55 0.56
 4.62 4.63 4.64 4.65 4.66 4.67 4.68 4.69 4.7  4.71 4.72 4.73 4.74 4.75
 4.76 4.77 4.78 4.79 4.8  4.81 4.82 4.83 4.84 4.85 4.86 4.87 4.88 4.89
 4.9  4.91 4.92 4.93 4.94 4.95 4.96 4.97 4.98 4.99 5.  ]","[-0.00048562 -0.00195715 -0.00446105 -0.00808402 -0.01297136 -0.01936604
 -0.02770002 -0.03885511 -0.05527208 -0.05776728 -0.05267448 -0.05300893
 -0.05503722 -0.05802306 -0.06170022 -0.06594968 -0.07071385 -0.07596592
 -0.0816969  -0.08790959 -0.09461578 -0.09631927 -0.09319283 -0.09009618
 -0.08702871 -0.08398961 -0.08097791 -0.07799261 -0.07503264 -0.07209696
 -0.06918453 -0.06629435 -0.06342544 -0.06057687 -0.05774776 -0.05493726
 -0.05214457 -0.04936893 -0.04660963 -0.04386599 -0.04113739 -0.03842323
 -0.03572295 -0.03303603 -0.03036197 -0.02770032 -0.02505066 -0.02241256
 -0.01978567 -0.01716964 -0.01456413 -0.01196884 -0.00938349 -0.00680782
 -0.00424158 -0.00168455 -0.00018773 -0.00399632 -0.00782916 -0.0116863
 -0.01556776 -0.01947358 -0.02340378 -0.0273584  -0.03133747 -0.03534103
 -0.0393691  -0.04342172 -0.04749892 -0.05160073 -0.05572719 -0.05987831
 -0.06405415 -0.06825472 -0.07248006 -0.07673019 -0.08100516 -0.08530499
 -0.08962971 -0.09397935 -0.09835394 -0.10275352 -0.10717811 -0.11162774
 -0.11610244 -0.12060225 -0.12512719 -0.1296773  -0.13425259 -0.13885311
 -0.14347887 -0.14812992 -0.15280628 -0.15750797 -0.16223503]"
