sigma0re,sigma0im,beta0re,beta0im,mu0re,mu0im,beta1re,beta1im,sigma1re,sigma1im,mu1re,mu1im,alpha0,alpha1,b_star,corresponding_negative_eigenvalues
0.2,0.3,1,1.1,1.0,0.20000000000000284,1,1.1,0.2,0.3,-0.5,0.30000000000000204,0.0,0.0,"[0.01 0.02 0.03 0.04 0.05 0.06 0.07 0.08 0.09 0.1  0.11 0.12 0.13 0.14
 0.15 0.16 0.17 0.18 0.19 0.2  0.21 0.22 0.23 0.24 0.25 0.26 0.27 0.28
 0.29 0.3  0.31 0.32 0.33 0.34 0.35 0.36 0.37 0.38 0.39 0.4  0.41 0.42
 0.43 0.44 0.45 0.46 0.47 0.48]","[-3.31035401e-05 -1.31857896e-04 -2.94603720e-04 -5.18607130e-04
 -8.00107953e-04 -1.13438841e-03 -1.51586284e-03 -1.93818858e-03
 -2.39439708e-03 -2.87704319e-03 -3.37836890e-03 -3.89047639e-03
 -4.40550377e-03 -4.91579613e-03 -5.41406425e-03 -5.89352389e-03
 -6.34800971e-03 -6.77206009e-03 -7.16097083e-03 -7.51081842e-03
 -7.81845524e-03 -8.08148063e-03 -8.29819287e-03 -8.46752724e-03
 -8.58898540e-03 -8.66256073e-03 -8.68866337e-03 -8.66804815e-03
 -8.60174739e-03 -8.49101001e-03 -8.33724768e-03 -8.14198816e-03
 -7.90683559e-03 -7.63343748e-03 -7.32345755e-03 -6.97855398e-03
 -6.60036223e-03 -6.19048180e-03 -5.75046634e-03 -5.28181651e-03
 -4.78597510e-03 -4.26432395e-03 -3.71818238e-03 -3.14880673e-03
 -2.55739082e-03 -1.94506702e-03 -1.31290792e-03 -6.61928279e-04]"
