sigma0re,sigma0im,beta0re,beta0im,mu0re,mu0im,beta1re,beta1im,sigma1re,sigma1im,mu1re,mu1im,alpha0,alpha1,b_star,corresponding_negative_eigenvalues
0.2,0.3,1,1.1,1.0,-0.9999999999999982,1,1.1,0.2,0.3,-0.5,-1.1999999999999993,0.1,0.1,"[0.11 0.12 0.13 0.14 0.15 0.16 0.17 0.18 0.19 0.2  0.21 0.22 0.23 0.24
 0.25 0.26 0.27 0.28 0.29 0.3  0.31 0.32 0.33 0.34 0.35 0.36 0.37 0.38
 0.39 0.4  0.41 0.42 0.43 0.44 0.45 0.46 0.47 0.48 0.49 0.5  0.51 0.52
 0.53 0.54 0.55 0.56 0.57 0.58 0.59 0.6  0.61 0.62 0.63 0.64 0.65 0.66
 0.67 0.68 0.69]","[-0.00311593 -0.00685349 -0.01109848 -0.01585593 -0.02113578 -0.02695297
 -0.03332784 -0.04028676 -0.04786303 -0.05609828 -0.06504452 -0.07476697
 -0.08534843 -0.09689574 -0.10955014 -0.10883006 -0.10586765 -0.10293634
 -0.10003511 -0.09716297 -0.094319   -0.09150232 -0.0887121  -0.08594755
 -0.08320792 -0.08049253 -0.07780069 -0.07513179 -0.07248522 -0.06986044
 -0.0672569  -0.0646741  -0.06211158 -0.05956888 -0.05704558 -0.05454127
 -0.05205558 -0.04958815 -0.04713863 -0.0447067  -0.04229205 -0.03989439
 -0.03751345 -0.03514896 -0.03280067 -0.03046834 -0.02815175 -0.02585069
 -0.02356494 -0.02129432 -0.01903863 -0.0167977  -0.01457135 -0.01235944
 -0.01016179 -0.00797826 -0.00580871 -0.003653   -0.001511  ]"
