sigma0re,sigma0im,beta0re,beta0im,mu0re,mu0im,beta1re,beta1im,sigma1re,sigma1im,mu1re,mu1im,alpha0,alpha1,b_star,corresponding_negative_eigenvalues
0.2,0.3,1,1.1,1.0,-0.2999999999999976,1,1.1,0.2,0.3,-0.5,-1.3999999999999995,0.0,0.0,"[0.01 0.02 0.03 0.04 0.05 0.06 0.07 0.08 0.09 0.1  0.11 0.12 0.13 0.14
 0.15 0.16 0.17 0.18 0.19 0.2 ]","[-0.00023165 -0.00092164 -0.00205426 -0.00360028 -0.00551233 -0.00771833
 -0.01011398 -0.01255679 -0.0148671  -0.01684258 -0.01828916 -0.01905977
 -0.01908176 -0.01835893 -0.01695129 -0.01494763 -0.01244316 -0.00952643
 -0.00627374 -0.00274814]"
