sigma0re,sigma0im,beta0re,beta0im,mu0re,mu0im,beta1re,beta1im,sigma1re,sigma1im,mu1re,mu1im,alpha0,alpha1,b_star,corresponding_negative_eigenvalues
0.2,0.3,1,1.1,1.0,-0.2999999999999976,1,1.1,0.2,0.3,-0.5,-2.0,0.1,0.1,"[0.01 0.02 0.03 0.04 0.05 0.06 0.07 0.08 0.09 0.1  0.11 0.12 0.13 0.14
 0.15 0.16 0.17 0.18]","[-0.00025784 -0.00102486 -0.00228019 -0.00398421 -0.00607107 -0.00843809
 -0.01093426 -0.01335369 -0.01544529 -0.01694934 -0.01765581 -0.01745492
 -0.01634813 -0.01441885 -0.01178929 -0.00858656 -0.00492463 -0.00089823]"
