sigma0re,sigma0im,beta0re,beta0im,mu0re,mu0im,beta1re,beta1im,sigma1re,sigma1im,mu1re,mu1im,alpha0,alpha1,b_star,corresponding_negative_eigenvalues
0.2,0.3,1,1.1,1.0,-0.4999999999999978,1,1.1,0.2,0.3,-0.5,1.7763568394002505e-15,0.1,0.1,"[3.75 3.76 3.77 3.78 3.79 3.8  3.81 3.82 3.83 3.84 3.85 3.86 3.87 3.88
 3.89 3.9  3.91 3.92 3.93 3.94 3.95 3.96 3.97 3.98 3.99 4.   4.01 4.02
 4.03 4.04 4.05 4.06 4.07 4.08 4.09 4.1  4.11 4.12 4.13 4.14 4.15 4.16
 4.17 4.18 4.19 4.2  4.21 4.22 4.23 4.24 4.25 4.26 4.27 4.28 4.29 4.3
 4.31 4.32 4.33 4.34 4.35 4.36 4.37 4.38 4.39 4.4  4.41 4.42 4.43 4.44
 4.45 4.46 4.47 4.48 4.49 4.5  4.51 4.52 4.53 4.54 4.55 4.56 4.57 4.58
 4.59 4.6  4.61 4.62 4.63 4.64 4.65 4.66 4.67 4.68 4.69 4.7  4.71 4.72
 4.73 4.74 4.75 4.76 4.77 4.78 4.79 4.8  4.81 4.82 4.83 4.84 4.85 4.86
 4.87 4.88 4.89 4.9  4.91 4.92 4.93 4.94 4.95 4.96 4.97 4.98 4.99 5.  ]","[-0.00118237 -0.00260888 -0.00404599 -0.00549373 -0.00695213 -0.0084212
 -0.00990097 -0.01139147 -0.01289272 -0.01440474 -0.01592757 -0.01746122
 -0.01900572 -0.02056109 -0.02212737 -0.02370457 -0.02529272 -0.02689185
 -0.02850199 -0.03012315 -0.03175536 -0.03339866 -0.03505306 -0.0367186
 -0.03839529 -0.04008317 -0.04178227 -0.0434926  -0.0452142  -0.04694709
 -0.0486913  -0.05044685 -0.05221379 -0.05399212 -0.05578188 -0.0575831
 -0.05939581 -0.06122002 -0.06305578 -0.06490311 -0.06676204 -0.06863259
 -0.07051479 -0.07240868 -0.07431428 -0.07623162 -0.07816074 -0.08010165
 -0.08205439 -0.08401899 -0.08599547 -0.08798388 -0.08998423 -0.09199657
 -0.09402091 -0.09605729 -0.09810573 -0.10016628 -0.10223897 -0.10432381
 -0.10642085 -0.10853011 -0.11065163 -0.11278543 -0.11493156 -0.11709004
 -0.1192609  -0.12144418 -0.12363991 -0.12584812 -0.12806884 -0.13030211
 -0.13254797 -0.13480643 -0.13707755 -0.13936135 -0.14165786 -0.14396712
 -0.14628917 -0.14862403 -0.15097175 -0.15333235 -0.15570588 -0.15809237
 -0.16049185 -0.16290436 -0.16532993 -0.16776861 -0.17022042 -0.17268541
 -0.17516361 -0.17765505 -0.18015978 -0.18267783 -0.18520924 -0.18775405
 -0.19031229 -0.19288401 -0.19546923 -0.19806801 -0.20068037 -0.20330637
 -0.20594603 -0.2085994  -0.21126651 -0.21394741 -0.21664214 -0.21935073
 -0.22207323 -0.22480969 -0.22756013 -0.2303246  -0.23310315 -0.23589581
 -0.23870263 -0.24152365 -0.24435892 -0.24720847 -0.25007235 -0.25295061
 -0.25584328 -0.25875041 -0.26167205 -0.26460824 -0.26755903 -0.27052445]"
