sigma0re,sigma0im,beta0re,beta0im,mu0re,mu0im,beta1re,beta1im,sigma1re,sigma1im,mu1re,mu1im,alpha0,alpha1,b_star,corresponding_negative_eigenvalues
0.2,0.3,1,1.1,1.0,2.100000000000005,1,1.1,0.2,0.3,-0.5,0.20000000000000195,0.0,0.0,"[0.01 0.02 0.03 0.04 0.05 0.06 0.07 0.08 0.09 0.1  0.11 0.12 0.13 0.14
 0.15 0.16 0.17 0.18 0.19 0.2  0.21 0.22 0.23 0.24 0.25 0.26 0.27 0.28
 0.29 0.3 ]","[-0.00023194 -0.00092637 -0.00207877 -0.00368024 -0.00571533 -0.00815848
 -0.01096883 -0.01408328 -0.01740814 -0.0208119  -0.02412402 -0.02714699
 -0.02968586 -0.03158779 -0.03277222 -0.0332356  -0.03303232 -0.0322472
 -0.03097272 -0.02929549 -0.02729043 -0.0250196  -0.02253319 -0.01987139
 -0.0170662  -0.01414313 -0.01112257 -0.00802087 -0.00485122 -0.0016243 ]"
