sigma0re,sigma0im,beta0re,beta0im,mu0re,mu0im,beta1re,beta1im,sigma1re,sigma1im,mu1re,mu1im,alpha0,alpha1,b_star,corresponding_negative_eigenvalues
0.2,0.3,1,1.1,1.0,-2.6999999999999997,1,1.1,0.2,0.3,-0.5,-0.2999999999999985,0.1,0.1,[0.32 0.33 0.34 0.35 0.36 0.37],"[-1.75066577e-02 -1.40037464e-02 -1.05032259e-02 -7.00694681e-03
 -3.51639590e-03 -3.27710667e-05]"
