sigma0re,sigma0im,beta0re,beta0im,mu0re,mu0im,beta1re,beta1im,sigma1re,sigma1im,mu1re,mu1im,alpha0,alpha1,b_star,corresponding_negative_eigenvalues
0.2,0.3,1,1.1,1.0,-1.2999999999999985,1,1.1,0.2,0.3,-0.5,-1.0999999999999992,0.1,0.1,"[0.19 0.2  0.21 0.22 0.23 0.24 0.25 0.26 0.27 0.28 0.29 0.3  0.31 0.32
 0.33 0.34 0.35 0.36 0.37 0.38 0.39 0.4  0.41 0.42 0.43 0.44 0.45 0.46
 0.47 0.48 0.49 0.5  0.51 0.52 0.53 0.54 0.55 0.56 0.57 0.58 0.59 0.6
 0.61 0.62 0.63 0.64 0.65 0.66 0.67 0.68 0.69 0.7  0.71 0.72 0.73 0.74
 0.75 0.76 0.77 0.78 0.79 0.8  0.81 0.82 0.83 0.84 0.85 0.86 0.87 0.88
 0.89 0.9  0.91 0.92 0.93 0.94 0.95 0.96 0.97 0.98 0.99 1.   1.01 1.02
 1.03 1.04 1.05 1.06 1.07 1.08 1.09 1.1  1.11 1.12 1.13 1.14 1.15 1.16
 1.17 1.18 1.19 1.2  1.21 1.22 1.23 1.24 1.25 1.26]","[-0.00250185 -0.00986815 -0.01811169 -0.02730776 -0.03755356 -0.04897694
 -0.06175025 -0.07611412 -0.09242106 -0.1112242  -0.1334864  -0.14013073
 -0.13818167 -0.13623566 -0.1342928  -0.13235319 -0.13041698 -0.1284843
 -0.12655531 -0.12463017 -0.12270907 -0.12079219 -0.11887973 -0.11697192
 -0.11506897 -0.11317113 -0.11127863 -0.10939173 -0.10751069 -0.10563578
 -0.10376727 -0.10190546 -0.10005063 -0.09820308 -0.0963631  -0.094531
 -0.09270709 -0.09089168 -0.08908507 -0.08728759 -0.08549954 -0.08372124
 -0.08195301 -0.08019517 -0.07844801 -0.07671186 -0.07498702 -0.0732738
 -0.07157251 -0.06988345 -0.06820691 -0.06654319 -0.06489258 -0.06325536
 -0.06163183 -0.06002224 -0.05842689 -0.05684602 -0.05527992 -0.05372883
 -0.052193   -0.05067269 -0.04916813 -0.04767956 -0.04620721 -0.04475131
 -0.04331206 -0.04188969 -0.0404844  -0.03909639 -0.03772585 -0.03637298
 -0.03503796 -0.03372095 -0.03242213 -0.03114167 -0.02987971 -0.02863641
 -0.02741191 -0.02620635 -0.02501985 -0.02385253 -0.02270451 -0.02157589
 -0.02046677 -0.01937725 -0.01830739 -0.01725729 -0.016227   -0.01521658
 -0.01422607 -0.01325553 -0.01230496 -0.0113744  -0.01046385 -0.00957331
 -0.00870278 -0.00785222 -0.0070216  -0.00621089 -0.00542001 -0.00464892
 -0.00389751 -0.00316571 -0.0024534  -0.00176047 -0.00108678 -0.00043219]"
