sigma0re,sigma0im,beta0re,beta0im,mu0re,mu0im,beta1re,beta1im,sigma1re,sigma1im,mu1re,mu1im,alpha0,alpha1,b_star,corresponding_negative_eigenvalues
0.2,0.3,1,1.1,1.0,-0.799999999999998,1,1.1,0.2,0.3,-0.5,-1.0999999999999992,0.0,0.0,"[0.01 0.02 0.03 0.04 0.05 0.06 0.07 0.08 0.09 0.1  0.11 0.12 0.13 0.14
 0.15 0.16 0.17 0.18 0.19 0.2  0.21 0.22 0.23 0.24 0.25 0.26 0.27 0.28
 0.29 0.3  0.31 0.32 0.33 0.34 0.35 0.36 0.37 0.38 0.39 0.4  0.41 0.42
 0.43 0.44 0.45 0.46 0.47 0.48 0.49 0.5  0.51 0.52 0.53]","[-0.00048731 -0.00196289 -0.00446981 -0.00808791 -0.01294952 -0.01927206
 -0.02743118 -0.03815597 -0.05324486 -0.08214298 -0.06725214 -0.06518296
 -0.06684808 -0.07015447 -0.0745264  -0.07974053 -0.08570184 -0.0923755
 -0.0997615  -0.10042295 -0.09716823 -0.09393044 -0.09071182 -0.08751356
 -0.08433617 -0.08117972 -0.07804395 -0.07492842 -0.07183256 -0.06875572
 -0.06569718 -0.06265623 -0.05963212 -0.05662411 -0.05363148 -0.05065353
 -0.04768957 -0.04473893 -0.04180096 -0.03887506 -0.03596064 -0.03305712
 -0.03016396 -0.02728066 -0.0244067  -0.02154162 -0.01868496 -0.0158363
 -0.01299523 -0.01016135 -0.00733429 -0.0045137  -0.00169922]"
