sigma0re,sigma0im,beta0re,beta0im,mu0re,mu0im,beta1re,beta1im,sigma1re,sigma1im,mu1re,mu1im,alpha0,alpha1,b_star,corresponding_negative_eigenvalues
0.2,0.3,1,1.1,1.0,-0.1999999999999975,1,1.1,0.2,0.3,-0.5,-1.5999999999999996,0.0,0.0,"[0.01 0.02 0.03 0.04 0.05 0.06 0.07 0.08 0.09 0.1  0.11 0.12 0.13 0.14
 0.15]","[-0.00017605 -0.00069505 -0.00152867 -0.00262673 -0.00391354 -0.00528444
 -0.00660532 -0.00771892 -0.00846085 -0.00868421 -0.00828486 -0.00721611
 -0.00548682 -0.00314661 -0.00026697]"
