sigma0re,sigma0im,beta0re,beta0im,mu0re,mu0im,beta1re,beta1im,sigma1re,sigma1im,mu1re,mu1im,alpha0,alpha1,b_star,corresponding_negative_eigenvalues
0.2,0.3,1,1.1,1.0,-0.4999999999999978,1,1.1,0.2,0.3,-0.5,-1.5999999999999996,0.0,0.0,"[0.01 0.02 0.03 0.04 0.05 0.06 0.07 0.08 0.09 0.1  0.11 0.12 0.13 0.14
 0.15 0.16 0.17 0.18 0.19 0.2  0.21 0.22 0.23 0.24 0.25 0.26]","[-0.00044237 -0.00177393 -0.00400737 -0.00716136 -0.01125455 -0.01629092
 -0.02222536 -0.02888857 -0.03585137 -0.04229706 -0.0471986  -0.04992942
 -0.05058466 -0.04964156 -0.04757835 -0.04474936 -0.04139353 -0.03766877
 -0.03368034 -0.02949965 -0.02517619 -0.02074491 -0.01623095 -0.01165271
 -0.00702383 -0.00235455]"
