sigma0re,sigma0im,beta0re,beta0im,mu0re,mu0im,beta1re,beta1im,sigma1re,sigma1im,mu1re,mu1im,alpha0,alpha1,b_star,corresponding_negative_eigenvalues
0.2,0.3,1,1.1,1.0,2.2000000000000046,1,1.1,0.2,0.3,-0.5,1.8000000000000034,0.0,0.0,"[0.2  0.21 0.22 0.23 0.24 0.25 0.26 0.27 0.28 0.29 0.3  0.31 0.32 0.33
 0.34 0.35 0.36 0.37 0.38 0.39 0.4  0.41 0.42 0.43 0.44 0.45 0.46 0.47
 0.48 0.49 0.5  0.51 0.52 0.53 0.54 0.55 0.56 0.57 0.58 0.59 0.6  0.61
 0.62 0.63 0.64 0.65 0.66 0.67 0.68 0.69 0.7  0.71 0.72 0.73 0.74 0.75
 0.76 0.77 0.78 0.79 0.8  0.81 0.82 0.83 0.84 0.85 0.86 0.87 0.88 0.89
 0.9  0.91 0.92 0.93 0.94 0.95 0.96 0.97 0.98 0.99 1.   1.01 1.02 1.03
 1.04 1.05 1.06 1.07 1.08 1.09 1.1  1.11 1.12 1.13]","[-0.00184686 -0.03513127 -0.08933397 -0.15729747 -0.15545974 -0.15362422
 -0.15179097 -0.14996004 -0.14813149 -0.14630536 -0.14448168 -0.1426605
 -0.14084185 -0.13902576 -0.13721226 -0.13540138 -0.13359312 -0.13178752
 -0.12998459 -0.12818434 -0.12638677 -0.1245919  -0.12279973 -0.12101026
 -0.1192235  -0.11743942 -0.11565804 -0.11387935 -0.11210332 -0.11032996
 -0.10855925 -0.10679117 -0.10502571 -0.10326286 -0.10150258 -0.09974486
 -0.09798967 -0.096237   -0.09448682 -0.09273911 -0.09099383 -0.08925096
 -0.08751047 -0.08577234 -0.08403654 -0.08230302 -0.08057178 -0.07884277
 -0.07711596 -0.07539132 -0.07366882 -0.07194844 -0.07023012 -0.06851385
 -0.0667996  -0.06508732 -0.06337698 -0.06166857 -0.05996203 -0.05825734
 -0.05655447 -0.05485339 -0.05315405 -0.05145644 -0.04976052 -0.04806626
 -0.04637362 -0.04468258 -0.04299311 -0.04130517 -0.03961873 -0.03793377
 -0.03625026 -0.03456817 -0.03288746 -0.03120811 -0.0295301  -0.02785339
 -0.02617795 -0.02450377 -0.02283081 -0.02115905 -0.01948846 -0.01781901
 -0.01615069 -0.01448346 -0.01281731 -0.0111522  -0.00948812 -0.00782504
 -0.00616294 -0.00450179 -0.00284158 -0.00118228]"
