sigma0re,sigma0im,beta0re,beta0im,mu0re,mu0im,beta1re,beta1im,sigma1re,sigma1im,mu1re,mu1im,alpha0,alpha1,b_star,corresponding_negative_eigenvalues
0.2,0.3,1,1.1,1.0,-0.1999999999999975,1,1.1,0.2,0.3,-0.5,-1.3999999999999995,0.1,0.1,"[0.01 0.02 0.03 0.04 0.05 0.06 0.07 0.08 0.09 0.1  0.11 0.12 0.13 0.14
 0.15 0.16 0.17]","[-0.00011861 -0.00046957 -0.00103803 -0.00179834 -0.00271283 -0.00373067
 -0.00478718 -0.00580467 -0.00669557 -0.00736878 -0.00773853 -0.00773435
 -0.00730887 -0.00644134 -0.00513584 -0.00341584 -0.0013171 ]"
