sigma0re,sigma0im,beta0re,beta0im,mu0re,mu0im,beta1re,beta1im,sigma1re,sigma1im,mu1re,mu1im,alpha0,alpha1,b_star,corresponding_negative_eigenvalues
0.2,0.3,1,1.1,1.0,1.900000000000004,1,1.1,0.2,0.3,-0.5,0.30000000000000204,0.1,0.1,"[0.01 0.02 0.03 0.04 0.05 0.06 0.07 0.08 0.09 0.1  0.11 0.12 0.13 0.14
 0.15 0.16 0.17 0.18 0.19 0.2  0.21 0.22 0.23 0.24 0.25 0.26 0.27 0.28
 0.29 0.3  0.31 0.32 0.33 0.34 0.35 0.36 0.37 0.38 0.39 0.4  0.41 0.42
 0.43 0.44 0.45 0.46 0.47 0.48 0.49 0.5  0.51 0.52 0.53 0.54 0.55 0.56
 0.57 0.58 0.59 0.6  4.4  4.41 4.42 4.43 4.44 4.45 4.46 4.47 4.48 4.49
 4.5  4.51 4.52 4.53 4.54 4.55 4.56 4.57 4.58 4.59 4.6  4.61 4.62 4.63
 4.64 4.65 4.66 4.67 4.68 4.69 4.7  4.71 4.72 4.73 4.74 4.75 4.76 4.77
 4.78 4.79 4.8  4.81 4.82 4.83 4.84 4.85 4.86 4.87 4.88 4.89 4.9  4.91
 4.92 4.93 4.94 4.95 4.96 4.97 4.98 4.99 5.  ]","[-0.0002699  -0.00108217 -0.00244457 -0.00437035 -0.00687861 -0.00999485
 -0.01375139 -0.01818733 -0.02334703 -0.02927426 -0.03599556 -0.04347747
 -0.05153002 -0.05964818 -0.06695101 -0.07257201 -0.07624295 -0.07826122
 -0.07907458 -0.07905293 -0.07845477 -0.077453   -0.07616334 -0.07466459
 -0.07301154 -0.07124316 -0.06938769 -0.06746598 -0.06549369 -0.06348273
 -0.06144226 -0.05937942 -0.05729983 -0.05520792 -0.05310724 -0.05100062
 -0.04889035 -0.04677829 -0.04466593 -0.0425545  -0.04044499 -0.03833822
 -0.03623485 -0.03413542 -0.03204037 -0.02995006 -0.02786478 -0.02578476
 -0.02371019 -0.02164122 -0.01957795 -0.01752049 -0.01546891 -0.01342324
 -0.01138354 -0.00934982 -0.00732211 -0.0053004  -0.00328471 -0.00127503
 -0.00217014 -0.00525703 -0.00836568 -0.01149613 -0.01464842 -0.0178226
 -0.02101871 -0.02423679 -0.02747689 -0.03073904 -0.03402329 -0.03732969
 -0.04065827 -0.04400907 -0.04738215 -0.05077755 -0.0541953  -0.05763544
 -0.06109803 -0.0645831  -0.0680907  -0.07162086 -0.07517364 -0.07874907
 -0.08234719 -0.08596805 -0.0896117  -0.09327816 -0.09696749 -0.10067972
 -0.10441491 -0.10817308 -0.11195428 -0.11575857 -0.11958596 -0.12343652
 -0.12731028 -0.13120728 -0.13512756 -0.13907117 -0.14303814 -0.14702853
 -0.15104237 -0.1550797  -0.15914056 -0.163225   -0.16733306 -0.17146478
 -0.17562019 -0.17979935 -0.18400229 -0.18822905 -0.19247968 -0.19675422
 -0.2010527  -0.20537517 -0.20972167 -0.21409225 -0.21848693 -0.22290576
 -0.22734879]"
