sigma0re,sigma0im,beta0re,beta0im,mu0re,mu0im,beta1re,beta1im,sigma1re,sigma1im,mu1re,mu1im,alpha0,alpha1,b_star,corresponding_negative_eigenvalues
0.2,0.3,1,1.1,1.0,0.8000000000000034,1,1.1,0.2,0.3,-0.5,1.2000000000000028,0.1,0.1,"[0.35 0.36 0.37 0.38 0.39 0.4  0.41 0.42 0.43 0.44 0.45 0.46 0.47 0.48
 0.49 0.5  0.51 0.52 0.53 0.54 0.55 0.56 0.57 0.58 0.59 0.6 ]","[-0.0132117  -0.0611286  -0.05849667 -0.05588161 -0.05328272 -0.05069933
 -0.04813082 -0.04557659 -0.04303607 -0.0405087  -0.03799398 -0.03549142
 -0.03300054 -0.03052093 -0.02805214 -0.0255938  -0.02314552 -0.02070696
 -0.01827777 -0.01585764 -0.01344628 -0.01104338 -0.0086487  -0.00626197
 -0.00388295 -0.00151142]"
