sigma0re,sigma0im,beta0re,beta0im,mu0re,mu0im,beta1re,beta1im,sigma1re,sigma1im,mu1re,mu1im,alpha0,alpha1,b_star,corresponding_negative_eigenvalues
0.2,0.3,1,1.1,1.0,1.1000000000000032,1,1.1,0.2,0.3,-0.5,1.8000000000000034,0.0,0.0,"[0.27 0.28 0.29 0.3  0.31 0.32 0.33 0.34 0.35 0.36 0.37 0.38 0.39 0.4
 0.41 0.42 0.43 0.44 0.45]","[-0.07124668 -0.06712951 -0.06303895 -0.05897332 -0.05493103 -0.05091063
 -0.04691071 -0.04292997 -0.0389672  -0.03502125 -0.03109105 -0.02717558
 -0.0232739  -0.01938512 -0.0155084  -0.01164297 -0.00778809 -0.00394306
 -0.00010724]"
