sigma0re,sigma0im,beta0re,beta0im,mu0re,mu0im,beta1re,beta1im,sigma1re,sigma1im,mu1re,mu1im,alpha0,alpha1,b_star,corresponding_negative_eigenvalues
0.2,0.3,1,1.1,1.0,-1.5999999999999988,1,1.1,0.2,0.3,-0.5,-2.0,0.0,0.0,"[0.15 0.16 0.17 0.18 0.19 0.2  0.21 0.22 0.23 0.24 0.25 0.26 0.27 0.28
 0.29 0.3  0.31 0.32 0.33 0.34 0.35 0.36 0.37 0.38 0.39 0.4  0.41 0.42
 0.43 0.44 0.45 0.46 0.47 0.48 0.49 0.5  0.51 0.52 0.53 0.54 0.55 0.56
 0.57 0.58 0.59]","[-0.0030475  -0.01547934 -0.02981295 -0.04633039 -0.06545232 -0.08784355
 -0.11465898 -0.12127173 -0.11784572 -0.1144345  -0.11103789 -0.10765566
 -0.10428753 -0.10093322 -0.09759243 -0.09426482 -0.09095006 -0.0876478
 -0.08435767 -0.08107931 -0.07781236 -0.07455644 -0.07131119 -0.06807624
 -0.06485123 -0.0616358  -0.0584296  -0.05523229 -0.05204352 -0.04886296
 -0.0456903  -0.04252521 -0.03936739 -0.03621653 -0.03307236 -0.02993459
 -0.02680295 -0.02367718 -0.02055701 -0.01744222 -0.01433255 -0.01122779
 -0.00812771 -0.0050321  -0.00194075]"
