sigma0re,sigma0im,beta0re,beta0im,mu0re,mu0im,beta1re,beta1im,sigma1re,sigma1im,mu1re,mu1im,alpha0,alpha1,b_star,corresponding_negative_eigenvalues
0.2,0.3,1,1.1,1.0,-0.799999999999998,1,1.1,0.2,0.3,-0.5,-1.1999999999999993,0.1,0.1,"[0.01 0.02 0.03 0.04 0.05 0.06 0.07 0.08 0.09 0.1  0.11 0.12 0.13 0.14
 0.15 0.16 0.17 0.18 0.19 0.2  0.21 0.22 0.23 0.24 0.25 0.26 0.27 0.28
 0.29 0.3  0.31 0.32 0.33 0.34 0.35 0.36 0.37 0.38 0.39 0.4  0.41 0.42
 0.43 0.44 0.45 0.46 0.47 0.48 0.49 0.5  0.51 0.52 0.53 0.54]","[-0.00042195 -0.00169787 -0.00385937 -0.0069641  -0.01110522 -0.01642971
 -0.02317589 -0.03175966 -0.04301583 -0.05918201 -0.10366972 -0.07047401
 -0.06882189 -0.07053105 -0.07380731 -0.07811497 -0.08323748 -0.08907875
 -0.09560013 -0.10001066 -0.09676702 -0.09353402 -0.09031641 -0.08711723
 -0.08393842 -0.08078115 -0.07764607 -0.07453348 -0.07144343 -0.0683758
 -0.06533034 -0.06230672 -0.05930458 -0.05632348 -0.05336299 -0.05042267
 -0.04750207 -0.04460074 -0.04171823 -0.03885413 -0.03600801 -0.03317945
 -0.03036807 -0.02757349 -0.02479533 -0.02203326 -0.01928691 -0.01655598
 -0.01384015 -0.01113911 -0.00845259 -0.0057803  -0.00312197 -0.00047737]"
