sigma0re,sigma0im,beta0re,beta0im,mu0re,mu0im,beta1re,beta1im,sigma1re,sigma1im,mu1re,mu1im,alpha0,alpha1,b_star,corresponding_negative_eigenvalues
0.2,0.3,1,1.1,1.0,-1.6999999999999988,1,1.1,0.2,0.3,-0.5,-1.6999999999999997,0.0,0.0,"[0.17 0.18 0.19 0.2  0.21 0.22 0.23 0.24 0.25 0.26 0.27 0.28 0.29 0.3
 0.31 0.32 0.33 0.34 0.35 0.36 0.37 0.38 0.39 0.4  0.41 0.42 0.43 0.44
 0.45 0.46 0.47 0.48 0.49 0.5  0.51 0.52 0.53 0.54 0.55 0.56 0.57 0.58
 0.59 0.6  0.61 0.62 0.63 0.64 0.65 0.66 0.67 0.68 0.69 0.7  0.71 0.72
 0.73 0.74 0.75 0.76 0.77 0.78 0.79]","[-0.00683969 -0.02037923 -0.03600972 -0.05413765 -0.07540204 -0.10090671
 -0.13289019 -0.13548723 -0.13288446 -0.13029009 -0.12770415 -0.12512664
 -0.12255752 -0.11999678 -0.11744436 -0.1149002  -0.11236423 -0.10983635
 -0.10731646 -0.10480448 -0.10230027 -0.09980371 -0.09731469 -0.09483306
 -0.0923587  -0.08989145 -0.08743118 -0.08497773 -0.08253096 -0.08009072
 -0.07765686 -0.07522922 -0.07280766 -0.07039203 -0.06798217 -0.06557793
 -0.06317917 -0.06078574 -0.05839749 -0.05601429 -0.05363599 -0.05126245
 -0.04889354 -0.04652911 -0.04416905 -0.04181322 -0.03946149 -0.03711374
 -0.03476985 -0.0324297  -0.03009317 -0.02776015 -0.02543053 -0.0231042
 -0.02078106 -0.018461   -0.01614392 -0.01382973 -0.01151832 -0.00920962
 -0.00690352 -0.00459994 -0.00229879]"
