sigma0re,sigma0im,beta0re,beta0im,mu0re,mu0im,beta1re,beta1im,sigma1re,sigma1im,mu1re,mu1im,alpha0,alpha1,b_star,corresponding_negative_eigenvalues
0.2,0.3,1,1.1,1.0,-0.3999999999999977,1,1.1,0.2,0.3,-0.5,-0.899999999999999,0.0,0.0,"[0.01 0.02 0.03 0.04 0.05 0.06 0.07 0.08 0.09 0.1  0.11 0.12 0.13 0.14
 0.15 0.16 0.17 0.18 0.19 0.2  0.21 0.22 0.23 0.24 0.25 0.26 0.27 0.28
 0.29 0.3  0.31 0.32 0.33 0.34]","[-0.0001988  -0.00079392 -0.00178133 -0.00315344 -0.00489779 -0.00699497
 -0.00941567 -0.01211688 -0.0150373  -0.01809299 -0.02117488 -0.0241513
 -0.02687842 -0.02921902 -0.03106471 -0.03235243 -0.03306822 -0.03323847
 -0.03291503 -0.03216086 -0.03103977 -0.02961061 -0.02792479 -0.02602582
 -0.02394982 -0.02172654 -0.01938031 -0.01693104 -0.01439506 -0.01178574
 -0.00911412 -0.00638932 -0.00361892 -0.00080923]"
