sigma0re,sigma0im,beta0re,beta0im,mu0re,mu0im,beta1re,beta1im,sigma1re,sigma1im,mu1re,mu1im,alpha0,alpha1,b_star,corresponding_negative_eigenvalues
0.2,0.3,1,1.1,1.0,-0.9999999999999982,1,1.1,0.2,0.3,-0.5,-1.4999999999999996,0.1,0.1,"[0.1  0.11 0.12 0.13 0.14 0.15 0.16 0.17 0.18 0.19 0.2  0.21 0.22 0.23
 0.24 0.25 0.26 0.27 0.28 0.29 0.3  0.31 0.32 0.33 0.34 0.35 0.36 0.37
 0.38 0.39 0.4  0.41 0.42 0.43 0.44 0.45 0.46 0.47 0.48 0.49 0.5  0.51
 0.52 0.53 0.54]","[-0.0033619  -0.00734306 -0.01189018 -0.01700752 -0.02270567 -0.02900143
 -0.03591817 -0.04348641 -0.05174495 -0.06074252 -0.07054019 -0.08121507
 -0.0928657  -0.1011267  -0.09748859 -0.09389005 -0.09032935 -0.0868049
 -0.08331517 -0.07985875 -0.0764343  -0.07304059 -0.06967643 -0.06634073
 -0.06303247 -0.05975067 -0.05649442 -0.05326286 -0.0500552  -0.04687068
 -0.04370857 -0.04056822 -0.03744898 -0.03435025 -0.03127147 -0.02821211
 -0.02517164 -0.0221496  -0.01914554 -0.016159   -0.0131896  -0.01023693
 -0.00730063 -0.00438034 -0.00147572]"
