sigma0re,sigma0im,beta0re,beta0im,mu0re,mu0im,beta1re,beta1im,sigma1re,sigma1im,mu1re,mu1im,alpha0,alpha1,b_star,corresponding_negative_eigenvalues
0.2,0.3,1,1.1,1.0,2.7000000000000046,1,1.1,0.2,0.3,-0.5,0.20000000000000195,0.0,0.0,"[0.01 0.02 0.03 0.04 0.05 0.06 0.07 0.08 0.09 0.1  0.11 0.12 0.13 0.14
 0.15 0.16 0.17 0.18 0.19 0.2  0.21 0.22 0.23 0.24 0.25]","[-0.00029823 -0.00119135 -0.00267387 -0.00473379 -0.00734754 -0.01047147
 -0.0140285  -0.01788969 -0.02185438 -0.02564217 -0.02892052 -0.03138116
 -0.03283265 -0.03324195 -0.03270133 -0.03136225 -0.02938267 -0.02690104
 -0.02402907 -0.02085344 -0.01744032 -0.01383999 -0.01009073 -0.00622188
 -0.00225606]"
