sigma0re,sigma0im,beta0re,beta0im,mu0re,mu0im,beta1re,beta1im,sigma1re,sigma1im,mu1re,mu1im,alpha0,alpha1,b_star,corresponding_negative_eigenvalues
0.2,0.3,1,1.1,1.0,0.9000000000000035,1,1.1,0.2,0.3,-0.5,0.9000000000000026,0.0,0.0,"[0.29 0.3  0.31 0.32 0.33 0.34 0.35 0.36 0.37 0.38 0.39 0.4  0.41 0.42
 0.43 0.44 0.45 0.46 0.47 0.48 0.49 0.5  0.51 0.52 0.53 0.54 0.55 0.56
 0.57 0.58 0.59 0.6  0.61 0.62 0.63 0.64 0.65 0.66 0.67 0.68 0.69 0.7
 0.71 0.72 0.73 0.74 0.75 0.76 0.77 0.78 0.79 0.8 ]","[-8.70342691e-03 -3.20446814e-02 -7.80837647e-02 -9.87450431e-02
 -9.64078278e-02 -9.40915591e-02 -9.17952487e-02 -8.95179683e-02
 -8.72588447e-02 -8.50170559e-02 -8.27918268e-02 -8.05824258e-02
 -7.83881621e-02 -7.62083821e-02 -7.40424676e-02 -7.18898324e-02
 -6.97499211e-02 -6.76222062e-02 -6.55061871e-02 -6.34013877e-02
 -6.13073551e-02 -5.92236582e-02 -5.71498865e-02 -5.50856483e-02
 -5.30305704e-02 -5.09842963e-02 -4.89464857e-02 -4.69168131e-02
 -4.48949677e-02 -4.28806519e-02 -4.08735810e-02 -3.88734820e-02
 -3.68800939e-02 -3.48931661e-02 -3.29124583e-02 -3.09377402e-02
 -2.89687905e-02 -2.70053968e-02 -2.50473551e-02 -2.30944693e-02
 -2.11465509e-02 -1.92034187e-02 -1.72648982e-02 -1.53308216e-02
 -1.34010275e-02 -1.14753603e-02 -9.55367004e-03 -7.63581248e-03
 -5.72164845e-03 -3.81104382e-03 -1.90386926e-03 -8.32667268e-17]"
