sigma0re,sigma0im,beta0re,beta0im,mu0re,mu0im,beta1re,beta1im,sigma1re,sigma1im,mu1re,mu1im,alpha0,alpha1,b_star,corresponding_negative_eigenvalues
0.2,0.3,1,1.1,1.0,1.3000000000000043,1,1.1,0.2,0.3,-0.5,1.7000000000000033,0.1,0.1,"[0.29 0.3  0.31 0.32 0.33 0.34 0.35 0.36 0.37 0.38 0.39 0.4  0.41 0.42
 0.43 0.44 0.45 0.46 0.47 0.48 0.49 0.5  0.51 0.52 0.53 0.54 0.55 0.56
 0.57 0.58 0.59 0.6  0.61 0.62 0.63 0.64 0.65 0.66 0.67 0.68 0.69]","[-0.00321358 -0.04281572 -0.09860482 -0.095793   -0.09300271 -0.09023315
 -0.08748351 -0.08475305 -0.08204101 -0.0793467  -0.07666944 -0.07400857
 -0.07136349 -0.0687336  -0.06611832 -0.06351713 -0.0609295  -0.05835495
 -0.055793   -0.05324323 -0.05070519 -0.04817851 -0.04566278 -0.04315766
 -0.0406628  -0.03817788 -0.03570258 -0.03323662 -0.03077972 -0.02833162
 -0.02589207 -0.02346084 -0.0210377  -0.01862244 -0.01621487 -0.0138148
 -0.01142205 -0.00903645 -0.00665785 -0.00428609 -0.00192104]"
