sigma0re,sigma0im,beta0re,beta0im,mu0re,mu0im,beta1re,beta1im,sigma1re,sigma1im,mu1re,mu1im,alpha0,alpha1,b_star,corresponding_negative_eigenvalues
0.2,0.3,1,1.1,1.0,-1.4999999999999987,1,1.1,0.2,0.3,-0.5,-1.0999999999999992,0.0,0.0,"[0.2  0.21 0.22 0.23 0.24 0.25 0.26 0.27 0.28 0.29 0.3  0.31 0.32 0.33
 0.34 0.35 0.36 0.37 0.38 0.39 0.4  0.41 0.42 0.43 0.44 0.45 0.46 0.47
 0.48 0.49 0.5  0.51 0.52 0.53 0.54 0.55 0.56 0.57 0.58 0.59 0.6  0.61
 0.62 0.63 0.64 0.65 0.66 0.67 0.68 0.69 0.7  0.71 0.72 0.73 0.74 0.75
 0.76 0.77 0.78 0.79 0.8  0.81 0.82 0.83 0.84 0.85 0.86 0.87 0.88 0.89
 0.9  0.91 0.92 0.93 0.94 0.95 0.96 0.97 0.98 0.99 1.   1.01 1.02 1.03
 1.04 1.05 1.06 1.07 1.08 1.09 1.1  1.11 1.12 1.13 1.14 1.15 1.16 1.17
 1.18 1.19 1.2  1.21 1.22 1.23 1.24 1.25 1.26 1.27 1.28 1.29 1.3  1.31
 1.32 1.33 1.34 1.35 1.36 1.37 1.38 1.39 1.4  1.41 1.42 1.43 1.44 1.45
 1.46]","[-0.00604482 -0.01651748 -0.02839519 -0.04190149 -0.05735983 -0.07526647
 -0.09645251 -0.12252276 -0.15622653 -0.15470846 -0.15319455 -0.15168486
 -0.15017944 -0.14867833 -0.14718157 -0.1456892  -0.14420123 -0.1427177
 -0.14123862 -0.139764   -0.13829385 -0.13682817 -0.13536698 -0.13391025
 -0.13245799 -0.13101018 -0.12956681 -0.12812787 -0.12669332 -0.12526316
 -0.12383735 -0.12241587 -0.12099868 -0.11958576 -0.11817707 -0.11677257
 -0.11537224 -0.11397602 -0.11258389 -0.11119579 -0.10981169 -0.10843154
 -0.10705531 -0.10568293 -0.10431438 -0.1029496  -0.10158855 -0.10023117
 -0.09887743 -0.09752728 -0.09618066 -0.09483752 -0.09349783 -0.09216154
 -0.09082858 -0.08949892 -0.08817251 -0.08684931 -0.08552925 -0.0842123
 -0.08289841 -0.08158753 -0.08027961 -0.07897461 -0.07767249 -0.07637319
 -0.07507668 -0.0737829  -0.07249182 -0.07120338 -0.06991755 -0.06863429
 -0.06735354 -0.06607528 -0.06479945 -0.06352601 -0.06225494 -0.06098618
 -0.05971969 -0.05845544 -0.0571934  -0.05593351 -0.05467575 -0.05342007
 -0.05216645 -0.05091484 -0.04966521 -0.04841752 -0.04717175 -0.04592785
 -0.04468579 -0.04344555 -0.04220708 -0.04097037 -0.03973536 -0.03850205
 -0.03727038 -0.03604034 -0.0348119  -0.03358502 -0.03235968 -0.03113585
 -0.02991351 -0.02869261 -0.02747315 -0.02625509 -0.02503841 -0.02382307
 -0.02260907 -0.02139636 -0.02018493 -0.01897476 -0.01776582 -0.01655808
 -0.01535153 -0.01414615 -0.0129419  -0.01173878 -0.01053675 -0.0093358
 -0.00813591 -0.00693705 -0.00573922 -0.00454238 -0.00334652 -0.00215162
 -0.00095767]"
