sigma0re,sigma0im,beta0re,beta0im,mu0re,mu0im,beta1re,beta1im,sigma1re,sigma1im,mu1re,mu1im,alpha0,alpha1,b_star,corresponding_negative_eigenvalues
0.2,0.3,1,1.1,1.0,2.800000000000005,1,1.1,0.2,0.3,-0.5,0.6000000000000023,0.0,0.0,"[0.14 0.15 0.16 0.17 0.18 0.19 0.2  0.21 0.22 0.23 0.24 0.25 0.26 0.27
 0.28 0.29 0.3  0.31 0.32 0.33 0.34 0.35 0.36 0.37 0.38 0.39 0.4  0.41
 0.42 0.43 0.44 0.45 0.46 0.47 0.48 0.49 0.5  0.51 0.52 0.53 0.54 0.55
 0.56 0.57 0.58 0.59 0.6  0.61 0.62 0.63 0.64]","[-0.0005091  -0.00712875 -0.01461056 -0.02299823 -0.03235088 -0.04274721
 -0.05429192 -0.06712574 -0.08144199 -0.0975154  -0.1157563  -0.1129662
 -0.10983125 -0.10672002 -0.10363171 -0.1005655  -0.0975206  -0.0944962
 -0.09149153 -0.08850582 -0.08553833 -0.08258834 -0.07965514 -0.07673806
 -0.07383643 -0.07094961 -0.068077   -0.065218   -0.06237204 -0.05953858
 -0.05671708 -0.05390704 -0.05110797 -0.0483194  -0.04554089 -0.04277201
 -0.04001233 -0.03726147 -0.03451905 -0.0317847  -0.02905806 -0.02633881
 -0.02362662 -0.02092119 -0.01822222 -0.01552942 -0.01284253 -0.01016128
 -0.00748542 -0.00481471 -0.00214893]"
