sigma0re,sigma0im,beta0re,beta0im,mu0re,mu0im,beta1re,beta1im,sigma1re,sigma1im,mu1re,mu1im,alpha0,alpha1,b_star,corresponding_negative_eigenvalues
0.2,0.3,1,1.1,1.0,-0.09999999999999742,1,1.1,0.2,0.3,-0.5,-1.0999999999999992,0.0,0.0,[0.01 0.02 0.03 0.04 0.05 0.06 0.07 0.08 0.09 0.1  0.11 0.12],"[-6.03476628e-05 -2.36257536e-04 -5.12302509e-04 -8.62742108e-04
 -1.25170177e-03 -1.63385397e-03 -1.95596734e-03 -2.15963805e-03
 -2.18528401e-03 -1.97706272e-03 -1.48789931e-03 -6.83538479e-04]"
