sigma0re,sigma0im,beta0re,beta0im,mu0re,mu0im,beta1re,beta1im,sigma1re,sigma1im,mu1re,mu1im,alpha0,alpha1,b_star,corresponding_negative_eigenvalues
0.2,0.3,1,1.1,1.0,1.1000000000000032,1,1.1,0.2,0.3,-0.5,1.400000000000003,0.1,0.1,"[0.32 0.33 0.34 0.35 0.36 0.37 0.38 0.39 0.4  0.41 0.42 0.43 0.44 0.45
 0.46 0.47 0.48 0.49 0.5  0.51 0.52 0.53 0.54 0.55 0.56 0.57 0.58 0.59
 0.6  0.61 0.62 0.63 0.64 0.65 0.66 0.67 0.68 0.69 0.7  0.71 0.72 0.73]","[-0.00847493 -0.04753353 -0.09076873 -0.08819288 -0.08563921 -0.08310677
 -0.08059467 -0.07810206 -0.07562811 -0.07317207 -0.0707332  -0.06831082
 -0.06590427 -0.06351293 -0.06113621 -0.05877356 -0.05642445 -0.05408837
 -0.05176485 -0.04945345 -0.04715374 -0.04486531 -0.04258778 -0.0403208
 -0.03806401 -0.03581709 -0.03357974 -0.03135166 -0.02913258 -0.02692223
 -0.02472037 -0.02252676 -0.02034118 -0.01816342 -0.01599328 -0.01383056
 -0.0116751  -0.00952672 -0.00738527 -0.00525058 -0.00312252 -0.00100095]"
