sigma0re,sigma0im,beta0re,beta0im,mu0re,mu0im,beta1re,beta1im,sigma1re,sigma1im,mu1re,mu1im,alpha0,alpha1,b_star,corresponding_negative_eigenvalues
0.2,0.3,1,1.1,1.0,-0.8999999999999981,1,1.1,0.2,0.3,-0.5,-1.2999999999999994,0.0,0.0,"[0.01 0.02 0.03 0.04 0.05 0.06 0.07 0.08 0.09 0.1  0.11 0.12 0.13 0.14
 0.15 0.16 0.17 0.18 0.19 0.2  0.21 0.22 0.23 0.24 0.25 0.26 0.27 0.28
 0.29 0.3  0.31 0.32 0.33 0.34 0.35 0.36 0.37 0.38 0.39 0.4  0.41 0.42
 0.43 0.44 0.45 0.46 0.47 0.48 0.49 0.5 ]","[-0.00064872 -0.00262325 -0.00601585 -0.00579845 -0.00740348 -0.00954485
 -0.01214864 -0.01520092 -0.01870319 -0.02266356 -0.02709425 -0.03201096
 -0.03743278 -0.04338257 -0.04988755 -0.05698011 -0.06469906 -0.07309118
 -0.08221355 -0.0921367  -0.1000063  -0.09629942 -0.09263474 -0.08900937
 -0.08542066 -0.0818662  -0.07834373 -0.07485121 -0.07138672 -0.06794851
 -0.06453494 -0.0611445  -0.05777577 -0.05442743 -0.05109827 -0.04778714
 -0.04449297 -0.04121476 -0.03795157 -0.03470253 -0.0314668  -0.02824363
 -0.02503227 -0.02183204 -0.0186423  -0.01546245 -0.0122919  -0.00913012
 -0.0059766  -0.00283085]"
