sigma0re,sigma0im,beta0re,beta0im,mu0re,mu0im,beta1re,beta1im,sigma1re,sigma1im,mu1re,mu1im,alpha0,alpha1,b_star,corresponding_negative_eigenvalues
0.2,0.3,1,1.1,1.0,-0.699999999999998,1,1.1,0.2,0.3,-0.5,-2.0,0.0,0.0,"[0.01 0.02 0.03 0.04 0.05 0.06 0.07 0.08 0.09 0.1  0.11 0.12 0.13 0.14
 0.15 0.16 0.17 0.18 0.19 0.2  0.21 0.22 0.23 0.24 0.25 0.26 0.27 0.28]","[-0.00077639 -0.00314128 -0.00721084 -0.01321413 -0.02157265 -0.03310408
 -0.04963613 -0.07525662 -0.09386499 -0.09364441 -0.09226438 -0.08806789
 -0.0832951  -0.07823517 -0.07302209 -0.06772543 -0.0623841  -0.05702085
 -0.05164937 -0.046278   -0.04091177 -0.03555364 -0.03020522 -0.02486727
 -0.01953995 -0.01422305 -0.00891612 -0.00361859]"
