sigma0re,sigma0im,beta0re,beta0im,mu0re,mu0im,beta1re,beta1im,sigma1re,sigma1im,mu1re,mu1im,alpha0,alpha1,b_star,corresponding_negative_eigenvalues
0.2,0.3,1,1.1,1.0,-0.699999999999998,1,1.1,0.2,0.3,-0.5,-1.9,0.1,0.1,"[0.01 0.02 0.03 0.04 0.05 0.06 0.07 0.08 0.09 0.1  0.11 0.12 0.13 0.14
 0.15 0.16 0.17 0.18 0.19 0.2  0.21 0.22 0.23 0.24 0.25 0.26 0.27 0.28
 0.29 0.3  0.31 0.32]","[-0.00058497 -0.00235902 -0.00538298 -0.00977084 -0.01571484 -0.02353783
 -0.03381007 -0.04762708 -0.06694063 -0.08658512 -0.09220919 -0.09150838
 -0.08874612 -0.08510669 -0.08102747 -0.07670694 -0.0722477  -0.06770767
 -0.06312155 -0.05851105 -0.05389016 -0.0492681  -0.04465099 -0.04004292
 -0.03544658 -0.03086373 -0.02629547 -0.02174241 -0.01720485 -0.01268286
 -0.00817631 -0.003685  ]"
