sigma0re,sigma0im,beta0re,beta0im,mu0re,mu0im,beta1re,beta1im,sigma1re,sigma1im,mu1re,mu1im,alpha0,alpha1,b_star,corresponding_negative_eigenvalues
0.2,0.3,1,1.1,1.0,-0.5999999999999979,1,1.1,0.2,0.3,-0.5,-0.5999999999999988,0.0,0.0,"[0.01 0.02 0.03 0.04 0.05 0.06 0.07 0.08 0.09 0.1  0.11 0.12 0.13 0.14
 0.15 0.16 0.17 0.18 0.19 0.2  0.21 0.22 0.23 0.24 0.25 0.26 0.27 0.28
 0.29 0.3  0.31 0.32 0.33 0.34 0.35 0.36 0.37 0.38 0.39 0.4  0.41 0.42
 0.43 0.44 0.45 0.46 0.47 0.48 0.49 0.5  0.51 0.52 0.53 0.54 0.55 0.56
 0.57 0.58 0.59 0.6  0.61 0.62 0.63 0.64 0.65 0.66 0.67 0.68 0.69 0.7
 0.71 0.72 0.73 0.74 0.75 0.76 0.77 0.78 0.79 0.8 ]","[-1.98935688e-04 -7.96165459e-04 -1.79291449e-03 -3.19107301e-03
 -4.99293720e-03 -7.20077730e-03 -9.81614941e-03 -1.28388208e-02
 -1.62651150e-02 -2.00854030e-02 -2.42803868e-02 -2.88158144e-02
 -3.36354847e-02 -3.86531929e-02 -4.37460340e-02 -4.87541430e-02
 -5.34935245e-02 -5.77847499e-02 -6.14891694e-02 -6.45346557e-02
 -6.69178941e-02 -6.86866132e-02 -6.99153955e-02 -7.06860108e-02
 -7.10756858e-02 -7.11519182e-02 -7.09712626e-02 -7.05800481e-02
 -7.00158144e-02 -6.93088594e-02 -6.84836426e-02 -6.75599648e-02
 -6.65539236e-02 -6.54786716e-02 -6.43450130e-02 -6.31618719e-02
 -6.19366591e-02 -6.06755614e-02 -5.93837694e-02 -5.80656588e-02
 -5.67249349e-02 -5.53647484e-02 -5.39877889e-02 -5.25963607e-02
 -5.11924449e-02 -4.97777497e-02 -4.83537523e-02 -4.69217337e-02
 -4.54828072e-02 -4.40379425e-02 -4.25879860e-02 -4.11336775e-02
 -3.96756649e-02 -3.82145162e-02 -3.67507300e-02 -3.52847443e-02
 -3.38169443e-02 -3.23476687e-02 -3.08772155e-02 -2.94058471e-02
 -2.79337942e-02 -2.64612596e-02 -2.49884215e-02 -2.35154366e-02
 -2.20424418e-02 -2.05695572e-02 -1.90968875e-02 -1.76245237e-02
 -1.61525451e-02 -1.46810198e-02 -1.32100065e-02 -1.17395553e-02
 -1.02697086e-02 -8.80050191e-03 -7.33196477e-03 -5.86412110e-03
 -4.39698999e-03 -2.93058615e-03 -1.46492039e-03 -5.55111512e-17]"
