sigma0re,sigma0im,beta0re,beta0im,mu0re,mu0im,beta1re,beta1im,sigma1re,sigma1im,mu1re,mu1im,alpha0,alpha1,b_star,corresponding_negative_eigenvalues
0.2,0.3,1,1.1,1.0,-2.5999999999999996,1,1.1,0.2,0.3,-0.5,-2.0,0.0,0.0,"[0.16 0.17 0.18 0.19 0.2  0.21 0.22 0.23 0.24 0.25 0.26 0.27 0.28 0.29
 0.3  0.31 0.32 0.33 0.34 0.35 0.36 0.37 0.38 0.39 0.4  0.41 0.42 0.43
 0.44 0.45 0.46 0.47 0.48 0.49 0.5  0.51 0.52 0.53 0.54 0.55 0.56 0.57
 0.58 0.59 0.6  0.61 0.62 0.63 0.64 0.65 0.66 0.67 0.68 0.69 0.7  0.71
 0.72 0.73 0.74 0.75 0.76 0.77 0.78 0.79 0.8  0.81 0.82 0.83 0.84 0.85
 0.86 0.87 0.88 0.89 0.9  0.91 0.92 0.93 0.94 0.95 0.96 0.97 0.98 0.99
 1.   1.01 1.02 1.03 1.04 1.05 1.06 1.07 1.08 1.09 1.1  1.11 1.12 1.13
 1.14 1.15 1.16 1.17 1.18 1.19 1.2  1.21 1.22 1.23 1.24 1.25 1.26 1.27
 1.28 1.29 1.3 ]","[-0.00809673 -0.03210597 -0.06243994 -0.10331871 -0.16800118 -0.16640823
 -0.16481625 -0.1632253  -0.16163539 -0.16004656 -0.15845885 -0.15687229
 -0.15528691 -0.15370273 -0.15211978 -0.1505381  -0.1489577  -0.14737861
 -0.14580084 -0.14422443 -0.14264939 -0.14107573 -0.13950347 -0.13793264
 -0.13636323 -0.13479527 -0.13322877 -0.13166374 -0.13010018 -0.1285381
 -0.12697751 -0.12541842 -0.12386084 -0.12230475 -0.12075017 -0.1191971
 -0.11764554 -0.11609548 -0.11454693 -0.11299988 -0.11145434 -0.10991029
 -0.10836773 -0.10682666 -0.10528707 -0.10374895 -0.1022123  -0.10067711
 -0.09914337 -0.09761106 -0.09608019 -0.09455073 -0.09302269 -0.09149604
 -0.08997078 -0.08844689 -0.08692436 -0.08540318 -0.08388334 -0.08236482
 -0.08084761 -0.07933169 -0.07781706 -0.07630369 -0.07479157 -0.07328068
 -0.07177102 -0.07026257 -0.06875531 -0.06724922 -0.0657443  -0.06424052
 -0.06273787 -0.06123634 -0.05973591 -0.05823656 -0.05673828 -0.05524105
 -0.05374486 -0.05224969 -0.05075553 -0.04926236 -0.04777017 -0.04627893
 -0.04478864 -0.04329929 -0.04181084 -0.0403233  -0.03883665 -0.03735086
 -0.03586593 -0.03438184 -0.03289858 -0.03141614 -0.02993449 -0.02845363
 -0.02697354 -0.0254942  -0.02401561 -0.02253775 -0.02106061 -0.01958417
 -0.01810843 -0.01663336 -0.01515896 -0.01368521 -0.0122121  -0.01073962
 -0.00926776 -0.0077965  -0.00632583 -0.00485575 -0.00338624 -0.00191728
 -0.00044888]"
