sigma0re,sigma0im,beta0re,beta0im,mu0re,mu0im,beta1re,beta1im,sigma1re,sigma1im,mu1re,mu1im,alpha0,alpha1,b_star,corresponding_negative_eigenvalues
0.2,0.3,1,1.1,1.0,-0.09999999999999742,1,1.1,0.2,0.3,-0.5,-0.7999999999999989,0.0,0.0,"[0.01 0.02 0.03 0.04 0.05 0.06 0.07 0.08 0.09 0.1  0.11 0.12 0.13 0.14
 0.15]","[-4.39661296e-05 -1.73060038e-04 -3.78885904e-04 -6.47527119e-04
 -9.59721294e-04 -1.29121922e-03 -1.61342207e-03 -1.89438265e-03
 -2.10021366e-03 -2.19686635e-03 -2.15213725e-03 -1.93766111e-03
 -1.53059825e-03 -9.14754989e-04 -8.09887733e-05]"
