sigma0re,sigma0im,beta0re,beta0im,mu0re,mu0im,beta1re,beta1im,sigma1re,sigma1im,mu1re,mu1im,alpha0,alpha1,b_star,corresponding_negative_eigenvalues
0.2,0.3,1,1.1,1.0,-0.5999999999999979,1,1.1,0.2,0.3,-0.5,-0.7999999999999989,0.0,0.0,"[0.01 0.02 0.03 0.04 0.05 0.06 0.07 0.08 0.09 0.1  0.11 0.12 0.13 0.14
 0.15 0.16 0.17 0.18 0.19 0.2  0.21 0.22 0.23 0.24 0.25 0.26 0.27 0.28
 0.29 0.3  0.31 0.32 0.33 0.34 0.35 0.36 0.37 0.38 0.39 0.4  0.41 0.42
 0.43 0.44 0.45 0.46 0.47 0.48 0.49 0.5  0.51 0.52 0.53 0.54 0.55]","[-0.00026534 -0.00106309 -0.00239836 -0.00427964 -0.00671856 -0.00972941
 -0.01332809 -0.01752972 -0.02234387 -0.0277649  -0.03375345 -0.0402035
 -0.04689328 -0.05344146 -0.0593384  -0.06411693 -0.06755905 -0.06973036
 -0.07084969 -0.07115853 -0.07086089 -0.07011214 -0.06902609 -0.06768527
 -0.06614984 -0.06446404 -0.06266087 -0.06076521 -0.05879608 -0.05676819
 -0.05469305 -0.05257973 -0.05043545 -0.04826602 -0.04607612 -0.04386957
 -0.04164947 -0.0394184  -0.03717845 -0.03493138 -0.03267863 -0.03042142
 -0.02816073 -0.02589743 -0.02363219 -0.0213656  -0.01909815 -0.01683024
 -0.0145622  -0.0122943  -0.01002678 -0.00775981 -0.00549354 -0.00322809
 -0.00096355]"
