sigma0re,sigma0im,beta0re,beta0im,mu0re,mu0im,beta1re,beta1im,sigma1re,sigma1im,mu1re,mu1im,alpha0,alpha1,b_star,corresponding_negative_eigenvalues
0.2,0.3,1,1.1,1.0,-0.4999999999999978,1,1.1,0.2,0.3,-0.5,-1.1999999999999993,0.1,0.1,"[0.01 0.02 0.03 0.04 0.05 0.06 0.07 0.08 0.09 0.1  0.11 0.12 0.13 0.14
 0.15 0.16 0.17 0.18 0.19 0.2  0.21 0.22 0.23 0.24 0.25 0.26 0.27 0.28
 0.29 0.3  0.31 0.32 0.33 0.34 0.35]","[-0.00026173 -0.00104761 -0.00235956 -0.00420001 -0.00657054 -0.00946933
 -0.0128867  -0.01679742 -0.02114803 -0.02583742 -0.03069214 -0.03544752
 -0.039762   -0.04329248 -0.04580705 -0.04725025 -0.04771397 -0.04736019
 -0.04635827 -0.04485496 -0.04296709 -0.04078418 -0.03837385 -0.03578712
 -0.03306262 -0.03022983 -0.02731146 -0.02432515 -0.02128473 -0.01820114
 -0.01508313 -0.01193769 -0.0087705  -0.00558618 -0.0023885 ]"
