sigma0re,sigma0im,beta0re,beta0im,mu0re,mu0im,beta1re,beta1im,sigma1re,sigma1im,mu1re,mu1im,alpha0,alpha1,b_star,corresponding_negative_eigenvalues
0.2,0.3,1,1.1,1.0,-0.2999999999999976,1,1.1,0.2,0.3,-0.5,0.10000000000000187,0.1,0.1,"[4.2  4.21 4.22 4.23 4.24 4.25 4.26 4.27 4.28 4.29 4.3  4.31 4.32 4.33
 4.34 4.35 4.36 4.37 4.38 4.39 4.4  4.41 4.42 4.43 4.44 4.45 4.46 4.47
 4.48 4.49 4.5  4.51 4.52 4.53 4.54 4.55 4.56 4.57 4.58 4.59 4.6  4.61
 4.62 4.63 4.64 4.65 4.66 4.67 4.68 4.69 4.7  4.71 4.72 4.73 4.74 4.75
 4.76 4.77 4.78 4.79 4.8  4.81 4.82 4.83 4.84 4.85 4.86 4.87 4.88 4.89
 4.9  4.91 4.92 4.93 4.94 4.95 4.96 4.97 4.98 4.99 5.  ]","[-0.00117605 -0.00253089 -0.0038945  -0.00526692 -0.00664815 -0.00803821
 -0.00943712 -0.0108449  -0.01226156 -0.01368713 -0.01512162 -0.01656506
 -0.01801745 -0.01947881 -0.02094918 -0.02242855 -0.02391696 -0.02541443
 -0.02692096 -0.02843658 -0.02996131 -0.03149516 -0.03303817 -0.03459033
 -0.03615169 -0.03772224 -0.03930202 -0.04089104 -0.04248933 -0.0440969
 -0.04571376 -0.04733996 -0.04897549 -0.05062038 -0.05227466 -0.05393834
 -0.05561144 -0.05729398 -0.05898599 -0.06068748 -0.06239847 -0.06411899
 -0.06584906 -0.06758869 -0.06933791 -0.07109675 -0.07286521 -0.07464332
 -0.07643111 -0.07822859 -0.08003579 -0.08185273 -0.08367943 -0.08551591
 -0.0873622  -0.08921831 -0.09108427 -0.09296011 -0.09484584 -0.09674148
 -0.09864707 -0.10056262 -0.10248815 -0.1044237  -0.10636927 -0.10832491
 -0.11029062 -0.11226643 -0.11425237 -0.11624847 -0.11825473 -0.1202712
 -0.12229789 -0.12433483 -0.12638204 -0.12843955 -0.13050738 -0.13258555
 -0.1346741  -0.13677305 -0.13888242]"
