sigma0re,sigma0im,beta0re,beta0im,mu0re,mu0im,beta1re,beta1im,sigma1re,sigma1im,mu1re,mu1im,alpha0,alpha1,b_star,corresponding_negative_eigenvalues
0.2,0.3,1,1.1,1.0,2.600000000000005,1,1.1,0.2,0.3,-0.5,0.30000000000000204,0.1,0.1,"[0.01 0.02 0.03 0.04 0.05 0.06 0.07 0.08 0.09 0.1  0.11 0.12 0.13 0.14
 0.15 0.16 0.17 0.18 0.19 0.2  0.21 0.22 0.23 0.24 0.25 0.26 0.27 0.28
 0.29 0.3  0.31 0.32 0.33 0.34 0.35 0.36 0.37 0.38 0.39 0.4  0.41 0.42
 0.43]","[-0.000368   -0.00147778 -0.00334711 -0.0060069  -0.00950331 -0.01390063
 -0.01928465 -0.02576388 -0.03345925 -0.04244682 -0.0525393  -0.06272156
 -0.07088558 -0.07565559 -0.07756479 -0.07764821 -0.07662841 -0.07492647
 -0.07278623 -0.07035415 -0.06772198 -0.0649495  -0.06207697 -0.0591323
 -0.05613526 -0.05310016 -0.05003752 -0.04695516 -0.04385898 -0.04075345
 -0.03764201 -0.03452729 -0.03141133 -0.02829569 -0.02518161 -0.02207003
 -0.01896168 -0.01585712 -0.01275678 -0.00966099 -0.00657    -0.00348398
 -0.00040306]"
