sigma0re,sigma0im,beta0re,beta0im,mu0re,mu0im,beta1re,beta1im,sigma1re,sigma1im,mu1re,mu1im,alpha0,alpha1,b_star,corresponding_negative_eigenvalues
0.2,0.3,1,1.1,1.0,-2.2999999999999994,1,1.1,0.2,0.3,-0.5,-0.2999999999999985,0.1,0.1,"[0.33 0.34 0.35 0.36 0.37 0.38 0.39 0.4  0.41 0.42 4.84 4.85 4.86 4.87
 4.88 4.89 4.9  4.91 4.92 4.93 4.94 4.95 4.96 4.97 4.98 4.99 5.  ]","[-0.0272156  -0.02421403 -0.02121041 -0.01820718 -0.01520629 -0.01220936
 -0.00921772 -0.00623247 -0.00325454 -0.00028467 -0.00400619 -0.0082718
 -0.01256332 -0.01688079 -0.02122424 -0.02559371 -0.02998924 -0.03441087
 -0.03885862 -0.04333255 -0.04783267 -0.05235904 -0.05691168 -0.06149064
 -0.06609594 -0.07072763 -0.07538574]"
