sigma0re,sigma0im,beta0re,beta0im,mu0re,mu0im,beta1re,beta1im,sigma1re,sigma1im,mu1re,mu1im,alpha0,alpha1,b_star,corresponding_negative_eigenvalues
0.2,0.3,1,1.1,1.0,-0.699999999999998,1,1.1,0.2,0.3,-0.5,-1.1999999999999993,0.0,0.0,"[0.01 0.02 0.03 0.04 0.05 0.06 0.07 0.08 0.09 0.1  0.11 0.12 0.13 0.14
 0.15 0.16 0.17 0.18 0.19 0.2  0.21 0.22 0.23 0.24 0.25 0.26 0.27 0.28
 0.29 0.3  0.31 0.32 0.33 0.34 0.35 0.36 0.37 0.38 0.39 0.4  0.41 0.42
 0.43]","[-0.00046499 -0.00187084 -0.0042515  -0.00766847 -0.01221962 -0.01805554
 -0.02540994 -0.03465775 -0.04642368 -0.06166233 -0.07979519 -0.09174811
 -0.09523516 -0.09512726 -0.09350422 -0.09113113 -0.08834215 -0.08530514
 -0.08211326 -0.07882199 -0.07546615 -0.07206847 -0.06864422 -0.0652039
 -0.06175482 -0.05830212 -0.05484946 -0.05139941 -0.04795378 -0.04451382
 -0.04108038 -0.03765398 -0.03423493 -0.03082336 -0.02741929 -0.02402263
 -0.02063322 -0.01725087 -0.01387532 -0.01050632 -0.00714357 -0.00378678
 -0.00043566]"
