sigma0re,sigma0im,beta0re,beta0im,mu0re,mu0im,beta1re,beta1im,sigma1re,sigma1im,mu1re,mu1im,alpha0,alpha1,b_star,corresponding_negative_eigenvalues
0.2,0.3,1,1.1,1.0,-1.1999999999999984,1,1.1,0.2,0.3,-0.5,-1.0999999999999992,0.1,0.1,"[0.17 0.18 0.19 0.2  0.21 0.22 0.23 0.24 0.25 0.26 0.27 0.28 0.29 0.3
 0.31 0.32 0.33 0.34 0.35 0.36 0.37 0.38 0.39 0.4  0.41 0.42 0.43 0.44
 0.45 0.46 0.47 0.48 0.49 0.5  0.51 0.52 0.53 0.54 0.55 0.56 0.57 0.58
 0.59 0.6  0.61 0.62 0.63 0.64 0.65 0.66 0.67 0.68 0.69 0.7  0.71 0.72
 0.73 0.74 0.75 0.76 0.77 0.78 0.79 0.8  0.81 0.82 0.83 0.84 0.85 0.86
 0.87 0.88 0.89 0.9  0.91 0.92 0.93 0.94 0.95 0.96 0.97 0.98 0.99 1.
 1.01 1.02 1.03 1.04]","[-6.34963288e-04 -6.64859177e-03 -1.33835502e-02 -2.08815612e-02
 -2.91956342e-02 -3.83933184e-02 -4.85615000e-02 -5.98137080e-02
 -7.23017026e-02 -8.62348518e-02 -1.01914835e-01 -1.19803784e-01
 -1.31884423e-01 -1.29661562e-01 -1.27448604e-01 -1.25245675e-01
 -1.23052901e-01 -1.20870405e-01 -1.18698311e-01 -1.16536740e-01
 -1.14385810e-01 -1.12245640e-01 -1.10116349e-01 -1.07998051e-01
 -1.05890863e-01 -1.03794899e-01 -1.01710272e-01 -9.96370968e-02
 -9.75754844e-02 -9.55255470e-02 -9.34873956e-02 -9.14611411e-02
 -8.94468937e-02 -8.74447632e-02 -8.54548588e-02 -8.34772897e-02
 -8.15121644e-02 -7.95595911e-02 -7.76196777e-02 -7.56925316e-02
 -7.37782600e-02 -7.18769696e-02 -6.99887667e-02 -6.81137571e-02
 -6.62520463e-02 -6.44037393e-02 -6.25689405e-02 -6.07477537e-02
 -5.89402823e-02 -5.71466289e-02 -5.53668956e-02 -5.36011835e-02
 -5.18495931e-02 -5.01122241e-02 -4.83891750e-02 -4.66805436e-02
 -4.49864266e-02 -4.33069194e-02 -4.16421165e-02 -3.99921109e-02
 -3.83569944e-02 -3.67368571e-02 -3.51317879e-02 -3.35418738e-02
 -3.19672004e-02 -3.04078511e-02 -2.88639076e-02 -2.73354497e-02
 -2.58225548e-02 -2.43252983e-02 -2.28437531e-02 -2.13779897e-02
 -1.99280760e-02 -1.84940771e-02 -1.70760555e-02 -1.56740704e-02
 -1.42881782e-02 -1.29184318e-02 -1.15648810e-02 -1.02275719e-02
 -8.90654695e-03 -7.60184476e-03 -6.31350007e-03 -5.04154343e-03
 -3.78600115e-03 -2.54689510e-03 -1.32424256e-03 -1.18056053e-04]"
