sigma0re,sigma0im,beta0re,beta0im,mu0re,mu0im,beta1re,beta1im,sigma1re,sigma1im,mu1re,mu1im,alpha0,alpha1,b_star,corresponding_negative_eigenvalues
0.2,0.3,1,1.1,1.0,2.6645352591003757e-15,1,1.1,0.2,0.3,-0.5,0.30000000000000204,0.1,0.1,"[0.01 0.02 0.03 0.04 0.05 0.06 0.07 0.08 0.09 0.1  0.11 0.12 0.13 0.14
 0.15 0.16]","[-4.12965432e-06 -1.62754180e-05 -3.57147700e-05 -6.12668493e-05
 -9.13266035e-05 -1.23910879e-04 -1.56714776e-04 -1.87176172e-04
 -2.12545975e-04 -2.29961427e-04 -2.36519668e-04 -2.29348796e-04
 -2.05673880e-04 -1.62875717e-04 -9.85406141e-05 -1.05000268e-05]"
