sigma0re,sigma0im,beta0re,beta0im,mu0re,mu0im,beta1re,beta1im,sigma1re,sigma1im,mu1re,mu1im,alpha0,alpha1,b_star,corresponding_negative_eigenvalues
0.2,0.3,1,1.1,1.0,2.0000000000000044,1,1.1,0.2,0.3,-0.5,1.8000000000000034,0.1,0.1,"[0.24 0.25 0.26 0.27 0.28 0.29 0.3  0.31 0.32 0.33 0.34 0.35 0.36 0.37
 0.38 0.39 0.4  0.41 0.42 0.43 0.44 0.45 0.46 0.47 0.48 0.49 0.5  0.51
 0.52 0.53 0.54 0.55 0.56 0.57 0.58 0.59 0.6  0.61 0.62 0.63 0.64 0.65
 0.66 0.67 0.68 0.69 0.7  0.71 0.72 0.73 0.74 0.75 0.76 0.77 0.78 0.79
 0.8  0.81 0.82 0.83 0.84 0.85 0.86 0.87 0.88 0.89 0.9  0.91 0.92 0.93
 0.94 0.95 0.96 0.97 0.98 0.99 1.   1.01 1.02 1.03 1.04 1.05 1.06 1.07
 1.08 1.09 1.1  1.11 1.12 1.13 1.14 1.15 1.16 1.17 1.18 1.19 1.2  1.21
 1.22 1.23 1.24 1.25 1.26 1.27 1.28 1.29 1.3  1.31 1.32 1.33 1.34 1.35
 1.36]","[-0.00500671 -0.03449847 -0.08018004 -0.14835705 -0.14659862 -0.14485187
 -0.14311671 -0.14139304 -0.13968075 -0.13797971 -0.13628979 -0.13461086
 -0.13294275 -0.13128533 -0.12963843 -0.12800189 -0.12637554 -0.12475923
 -0.12315277 -0.12155601 -0.11996877 -0.11839089 -0.11682219 -0.11526251
 -0.11371169 -0.11216956 -0.11063597 -0.10911075 -0.10759376 -0.10608484
 -0.10458385 -0.10309063 -0.10160506 -0.10012698 -0.09865628 -0.09719281
 -0.09573646 -0.09428709 -0.0928446  -0.09140887 -0.08997978 -0.08855723
 -0.08714111 -0.08573133 -0.08432778 -0.08293039 -0.08153904 -0.08015366
 -0.07877417 -0.07740048 -0.07603252 -0.07467021 -0.07331349 -0.07196228
 -0.07061651 -0.06927613 -0.06794108 -0.06661129 -0.06528672 -0.0639673
 -0.06265299 -0.06134373 -0.06003949 -0.05874022 -0.05744587 -0.0561564
 -0.05487178 -0.05359197 -0.05231693 -0.05104663 -0.04978103 -0.04852011
 -0.04726383 -0.04601217 -0.04476511 -0.0435226  -0.04228464 -0.0410512
 -0.03982225 -0.03859778 -0.03737776 -0.03616218 -0.03495102 -0.03374426
 -0.03254189 -0.03134389 -0.03015024 -0.02896093 -0.02777595 -0.02659529
 -0.02541893 -0.02424686 -0.02307908 -0.02191557 -0.02075633 -0.01960133
 -0.01845059 -0.01730408 -0.0161618  -0.01502375 -0.01388991 -0.01276029
 -0.01163487 -0.01051364 -0.00939662 -0.00828378 -0.00717512 -0.00607065
 -0.00497035 -0.00387423 -0.00278227 -0.00169448 -0.00061085]"
