sigma0re,sigma0im,beta0re,beta0im,mu0re,mu0im,beta1re,beta1im,sigma1re,sigma1im,mu1re,mu1im,alpha0,alpha1,b_star,corresponding_negative_eigenvalues
0.2,0.3,1,1.1,1.0,-0.799999999999998,1,1.1,0.2,0.3,-0.5,-1.6999999999999997,0.0,0.0,"[0.01 0.02 0.03 0.04 0.05 0.06 0.07 0.08 0.09 0.1  0.11 0.12 0.13 0.14
 0.15 0.16 0.17 0.18 0.19 0.2  0.21 0.22 0.23 0.24 0.25 0.26 0.27 0.28
 0.29 0.3  0.31 0.32 0.33 0.34 0.35]","[-0.00075441 -0.00305495 -0.00702417 -0.01290913 -0.0211851  -0.03286505
 -0.05087605 -0.05754732 -0.05291797 -0.05455422 -0.05814994 -0.06293315
 -0.06864614 -0.0751891  -0.08252933 -0.09067028 -0.08615212 -0.08134419
 -0.07657212 -0.07183524 -0.06713224 -0.06246147 -0.05782111 -0.0532093
 -0.04862415 -0.04406387 -0.03952668 -0.03501093 -0.03051503 -0.0260375
 -0.02157693 -0.01713201 -0.01270153 -0.00828431 -0.00387931]"
