sigma0re,sigma0im,beta0re,beta0im,mu0re,mu0im,beta1re,beta1im,sigma1re,sigma1im,mu1re,mu1im,alpha0,alpha1,b_star,corresponding_negative_eigenvalues
0.2,0.3,1,1.1,1.0,-1.3999999999999986,1,1.1,0.2,0.3,-0.5,-0.1999999999999984,0.1,0.1,"[0.29 0.3  0.31 0.32 0.33 0.34 0.35 0.36 0.37 0.38 0.39 0.4  0.41 0.42
 0.43 0.44 4.3  4.31 4.32 4.33 4.34 4.35 4.36 4.37 4.38 4.39 4.4  4.41
 4.42 4.43 4.44 4.45 4.46 4.47 4.48 4.49 4.5  4.51 4.52 4.53 4.54 4.55
 4.56 4.57 4.58 4.59 4.6  4.61 4.62 4.63 4.64 4.65 4.66 4.67 4.68 4.69
 4.7  4.71 4.72 4.73 4.74 4.75 4.76 4.77 4.78 4.79 4.8  4.81 4.82 4.83
 4.84 4.85 4.86 4.87 4.88 4.89 4.9  4.91 4.92 4.93 4.94 4.95 4.96 4.97
 4.98 4.99 5.  ]","[-0.02515157 -0.02398376 -0.02271347 -0.02135399 -0.01991698 -0.01841264
 -0.01684987 -0.01523642 -0.01357908 -0.01188374 -0.01015558 -0.0083991
 -0.00661827 -0.00481657 -0.00299708 -0.00116248 -0.00206276 -0.00473259
 -0.00742156 -0.01012974 -0.01285717 -0.01560391 -0.01837001 -0.02115552
 -0.0239605  -0.02678499 -0.02962906 -0.03249275 -0.03537612 -0.03827922
 -0.04120211 -0.04414484 -0.04710745 -0.05009002 -0.05309258 -0.0561152
 -0.05915792 -0.0622208  -0.0653039  -0.06840727 -0.07153095 -0.07467501
 -0.07783951 -0.08102448 -0.08423    -0.0874561  -0.09070285 -0.0939703
 -0.09725851 -0.10056752 -0.1038974  -0.1072482  -0.11061996 -0.11401276
 -0.11742663 -0.12086164 -0.12431784 -0.12779529 -0.13129403 -0.13481413
 -0.13835564 -0.14191861 -0.14550311 -0.14910917 -0.15273687 -0.15638625
 -0.16005737 -0.16375028 -0.16746505 -0.17120172 -0.17496035 -0.178741
 -0.18254371 -0.18636856 -0.19021559 -0.19408485 -0.19797641 -0.20189032
 -0.20582663 -0.20978541 -0.2137667  -0.21777056 -0.22179705 -0.22584623
 -0.22991815 -0.23401286 -0.23813042]"
