sigma0re,sigma0im,beta0re,beta0im,mu0re,mu0im,beta1re,beta1im,sigma1re,sigma1im,mu1re,mu1im,alpha0,alpha1,b_star,corresponding_negative_eigenvalues
0.2,0.3,1,1.1,1.0,1.2000000000000037,1,1.1,0.2,0.3,-0.5,1.300000000000003,0.0,0.0,"[0.28 0.29 0.3  0.31 0.32 0.33 0.34 0.35 0.36 0.37 0.38 0.39 0.4  0.41
 0.42 0.43 0.44 0.45 0.46 0.47 0.48 0.49 0.5  0.51 0.52 0.53 0.54 0.55
 0.56 0.57 0.58 0.59 0.6  0.61 0.62 0.63 0.64 0.65 0.66 0.67 0.68 0.69
 0.7  0.71]","[-0.0303171  -0.10834166 -0.10552446 -0.10272676 -0.0999479  -0.09718725
 -0.09444418 -0.09171806 -0.08900829 -0.08631429 -0.08363547 -0.08097128
 -0.07832116 -0.0756846  -0.07306109 -0.07045012 -0.06785122 -0.06526393
 -0.0626878  -0.06012241 -0.05756734 -0.05502218 -0.05248656 -0.04996011
 -0.04744246 -0.04493327 -0.04243222 -0.03993898 -0.03745324 -0.03497472
 -0.03250313 -0.03003819 -0.02757964 -0.02512723 -0.02268071 -0.02023986
 -0.01780444 -0.01537424 -0.01294905 -0.01052867 -0.00811291 -0.00570157
 -0.00329449 -0.00089148]"
