sigma0re,sigma0im,beta0re,beta0im,mu0re,mu0im,beta1re,beta1im,sigma1re,sigma1im,mu1re,mu1im,alpha0,alpha1,b_star,corresponding_negative_eigenvalues
0.2,0.3,1,1.1,1.0,-1.3999999999999986,1,1.1,0.2,0.3,-0.5,-1.5999999999999996,0.1,0.1,"[0.17 0.18 0.19 0.2  0.21 0.22 0.23 0.24 0.25 0.26 0.27 0.28 0.29 0.3
 0.31 0.32 0.33 0.34 0.35 0.36 0.37 0.38 0.39 0.4  0.41 0.42 0.43 0.44
 0.45 0.46 0.47 0.48 0.49 0.5  0.51 0.52 0.53 0.54 0.55 0.56 0.57 0.58
 0.59 0.6  0.61 0.62 0.63 0.64 0.65 0.66 0.67 0.68 0.69 0.7  0.71 0.72
 0.73 0.74 0.75]","[-0.00307117 -0.01204389 -0.02216689 -0.03354978 -0.04633943 -0.06073701
 -0.07702738 -0.09563415 -0.11723408 -0.12266319 -0.11983257 -0.11701461
 -0.11420944 -0.11141719 -0.10863798 -0.10587193 -0.10311915 -0.10037973
 -0.09765377 -0.09494137 -0.09224259 -0.08955752 -0.08688624 -0.08422881
 -0.0815853  -0.07895576 -0.07634027 -0.07373886 -0.0711516  -0.06857854
 -0.06601971 -0.06347516 -0.06094494 -0.05842909 -0.05592763 -0.05344061
 -0.05096806 -0.04851001 -0.04606649 -0.04363752 -0.04122313 -0.03882335
 -0.03643819 -0.03406768 -0.03171182 -0.02937064 -0.02704415 -0.02473235
 -0.02243526 -0.02015289 -0.01788522 -0.01563227 -0.01339403 -0.0111705
 -0.00896167 -0.00676752 -0.00458804 -0.00242322 -0.00027303]"
