sigma0re,sigma0im,beta0re,beta0im,mu0re,mu0im,beta1re,beta1im,sigma1re,sigma1im,mu1re,mu1im,alpha0,alpha1,b_star,corresponding_negative_eigenvalues
0.2,0.3,1,1.1,1.0,-1.4999999999999987,1,1.1,0.2,0.3,-0.5,-1.6999999999999997,0.0,0.0,"[0.16 0.17 0.18 0.19 0.2  0.21 0.22 0.23 0.24 0.25 0.26 0.27 0.28 0.29
 0.3  0.31 0.32 0.33 0.34 0.35 0.36 0.37 0.38 0.39 0.4  0.41 0.42 0.43
 0.44 0.45 0.46 0.47 0.48 0.49 0.5  0.51 0.52 0.53 0.54 0.55 0.56 0.57
 0.58 0.59 0.6  0.61 0.62 0.63 0.64 0.65 0.66 0.67]","[-0.00458632 -0.01562308 -0.02820837 -0.04254148 -0.05890738 -0.07773101
 -0.09968894 -0.12572528 -0.12265222 -0.11959378 -0.11654978 -0.11352002
 -0.11050428 -0.1075023  -0.10451382 -0.10153855 -0.0985762  -0.09562644
 -0.09268897 -0.08976345 -0.08684957 -0.08394699 -0.08105537 -0.07817439
 -0.07530372 -0.07244303 -0.069592   -0.06675031 -0.06391765 -0.06109371
 -0.05827819 -0.0554708  -0.05267124 -0.04987924 -0.04709452 -0.04431682
 -0.04154587 -0.03878142 -0.03602323 -0.03327107 -0.03052469 -0.02778388
 -0.02504842 -0.0223181  -0.01959272 -0.01687208 -0.01415599 -0.01144427
 -0.00873674 -0.00603324 -0.00333359 -0.00063764]"
