sigma0re,sigma0im,beta0re,beta0im,mu0re,mu0im,beta1re,beta1im,sigma1re,sigma1im,mu1re,mu1im,alpha0,alpha1,b_star,corresponding_negative_eigenvalues
0.2,0.3,1,1.1,1.0,-0.8999999999999981,1,1.1,0.2,0.3,-0.5,-2.0,0.0,0.0,"[0.01 0.02 0.03 0.04 0.05 0.06 0.07 0.08 0.09 0.1  0.11 0.12 0.13 0.14
 0.15 0.16 0.17 0.18 0.19 0.2  0.21 0.22 0.23 0.24 0.25 0.26 0.27 0.28
 0.29 0.3  0.31 0.32 0.33 0.34]","[-0.00100039 -0.00407593 -0.00477913 -0.00654476 -0.00902015 -0.01211774
 -0.01582734 -0.02015591 -0.02511793 -0.03073324 -0.03702667 -0.04402856
 -0.05177563 -0.06031235 -0.0696929  -0.0799839  -0.08782505 -0.08251953
 -0.07727312 -0.07208038 -0.06693643 -0.06183691 -0.05677785 -0.0517557
 -0.04676721 -0.04180945 -0.03687976 -0.0319757  -0.02709505 -0.02223579
 -0.01739605 -0.01257415 -0.00776851 -0.0029777 ]"
