sigma0re,sigma0im,beta0re,beta0im,mu0re,mu0im,beta1re,beta1im,sigma1re,sigma1im,mu1re,mu1im,alpha0,alpha1,b_star,corresponding_negative_eigenvalues
0.2,0.3,1,1.1,1.0,-1.0999999999999983,1,1.1,0.2,0.3,-0.5,-2.0,0.1,0.1,"[0.11 0.12 0.13 0.14 0.15 0.16 0.17 0.18 0.19 0.2  0.21 0.22 0.23 0.24
 0.25 0.26 0.27 0.28 0.29 0.3  0.31 0.32 0.33 0.34 0.35 0.36 0.37 0.38
 0.39 0.4  0.41 0.42 0.43 0.44 0.45]","[-0.0013892  -0.00702686 -0.0134806  -0.02076976 -0.02892504 -0.03798991
 -0.04802293 -0.05910129 -0.07132648 -0.08483295 -0.09728955 -0.09295707
 -0.0886663  -0.08441553 -0.08020309 -0.07602739 -0.07188694 -0.06778028
 -0.06370604 -0.05966294 -0.05564973 -0.05166526 -0.04770842 -0.04377817
 -0.03987353 -0.03599356 -0.03213738 -0.02830417 -0.02449313 -0.02070353
 -0.01693465 -0.01318582 -0.00945643 -0.00574586 -0.00205355]"
