sigma0re,sigma0im,beta0re,beta0im,mu0re,mu0im,beta1re,beta1im,sigma1re,sigma1im,mu1re,mu1im,alpha0,alpha1,b_star,corresponding_negative_eigenvalues
0.2,0.3,1,1.1,1.0,-0.2999999999999976,1,1.1,0.2,0.3,-0.5,-0.5999999999999988,0.0,0.0,"[0.01 0.02 0.03 0.04 0.05 0.06 0.07 0.08 0.09 0.1  0.11 0.12 0.13 0.14
 0.15 0.16 0.17 0.18 0.19 0.2  0.21 0.22 0.23 0.24 0.25 0.26 0.27 0.28
 0.29 0.3  0.31 0.32 0.33 0.34 0.35 0.36 0.37]","[-9.93345022e-05 -3.95945549e-04 -8.85607638e-04 -1.56112129e-03
 -2.41209062e-03 -3.42464112e-03 -4.58111456e-03 -5.85979698e-03
 -7.23475946e-03 -8.67591299e-03 -1.01493913e-02 -1.16183634e-02
 -1.30443311e-02 -1.43888738e-02 -1.56156862e-02 -1.66926380e-02
 -1.75935316e-02 -1.82992683e-02 -1.87982591e-02 -1.90860915e-02
 -1.91646070e-02 -1.90406321e-02 -1.87246022e-02 -1.82292688e-02
 -1.75686045e-02 -1.67569486e-02 -1.58083926e-02 -1.47363710e-02
 -1.35534169e-02 -1.22710393e-02 -1.08996853e-02 -9.44875927e-03
 -7.92667620e-03 -6.34093375e-03 -4.69819340e-03 -3.00436289e-03
 -1.26467632e-03]"
