sigma0re,sigma0im,beta0re,beta0im,mu0re,mu0im,beta1re,beta1im,sigma1re,sigma1im,mu1re,mu1im,alpha0,alpha1,b_star,corresponding_negative_eigenvalues
0.2,0.3,1,1.1,1.0,-1.4999999999999987,1,1.1,0.2,0.3,-0.5,-1.4999999999999996,0.0,0.0,"[0.17 0.18 0.19 0.2  0.21 0.22 0.23 0.24 0.25 0.26 0.27 0.28 0.29 0.3
 0.31 0.32 0.33 0.34 0.35 0.36 0.37 0.38 0.39 0.4  0.41 0.42 0.43 0.44
 0.45 0.46 0.47 0.48 0.49 0.5  0.51 0.52 0.53 0.54 0.55 0.56 0.57 0.58
 0.59 0.6  0.61 0.62 0.63 0.64 0.65 0.66 0.67 0.68 0.69 0.7  0.71 0.72
 0.73 0.74 0.75 0.76 0.77 0.78 0.79]","[-0.003981   -0.01461695 -0.02670981 -0.04045008 -0.0561082  -0.07408478
 -0.09501295 -0.12       -0.13140028 -0.12878442 -0.12618    -0.12358695
 -0.12100517 -0.11843456 -0.11587499 -0.11332632 -0.11078839 -0.10826102
 -0.10574405 -0.10323727 -0.1007405  -0.09825353 -0.09577615 -0.09330816
 -0.09084933 -0.08839946 -0.08595832 -0.0835257  -0.08110138 -0.07868515
 -0.07627678 -0.07387608 -0.07148283 -0.06909681 -0.06671783 -0.06434569
 -0.06198018 -0.0596211  -0.05726828 -0.05492152 -0.05258064 -0.05024546
 -0.04791579 -0.04559148 -0.04327236 -0.04095825 -0.03864901 -0.03634447
 -0.03404448 -0.0317489  -0.02945759 -0.0271704  -0.0248872  -0.02260785
 -0.02033223 -0.01806022 -0.01579169 -0.01352652 -0.0112646  -0.00900583
 -0.00675008 -0.00449726 -0.00224727]"
