sigma0re,sigma0im,beta0re,beta0im,mu0re,mu0im,beta1re,beta1im,sigma1re,sigma1im,mu1re,mu1im,alpha0,alpha1,b_star,corresponding_negative_eigenvalues
0.2,0.3,1,1.1,1.0,-0.8999999999999981,1,1.1,0.2,0.3,-0.5,-1.6999999999999997,0.1,0.1,"[0.01 0.02 0.03 0.04 0.05 0.06 0.07 0.08 0.09 0.1  0.11 0.12 0.13 0.14
 0.15 0.16 0.17 0.18 0.19 0.2  0.21 0.22 0.23 0.24 0.25 0.26 0.27 0.28
 0.29 0.3  0.31 0.32 0.33 0.34 0.35 0.36 0.37 0.38 0.39 0.4  0.41 0.42
 0.43]","[-0.00067548 -0.00273377 -0.00533922 -0.00585824 -0.00760594 -0.00989511
 -0.01266689 -0.01591108 -0.01963088 -0.02383555 -0.0285383  -0.03375577
 -0.03950813 -0.04581935 -0.05271791 -0.06023761 -0.06841882 -0.07731008
 -0.08697045 -0.09255264 -0.08827983 -0.08405673 -0.07988035 -0.07574792
 -0.07165695 -0.06760513 -0.06359037 -0.05961073 -0.05566443 -0.05174983
 -0.0478654  -0.04400975 -0.04018157 -0.03637965 -0.03260286 -0.02885016
 -0.02512056 -0.02141315 -0.01772707 -0.01406153 -0.01041577 -0.00678909
 -0.00318082]"
