sigma0re,sigma0im,beta0re,beta0im,mu0re,mu0im,beta1re,beta1im,sigma1re,sigma1im,mu1re,mu1im,alpha0,alpha1,b_star,corresponding_negative_eigenvalues
0.2,0.3,1,1.1,1.0,-2.4999999999999996,1,1.1,0.2,0.3,-0.5,-0.49999999999999867,0.0,0.0,"[0.29 0.3  0.31 0.32 0.33 0.34 0.35 0.36 0.37 0.38 0.39 0.4  0.41 0.42
 0.43 0.44 0.45 0.46 0.47 0.48 0.49 0.5  0.51 0.52 0.53 0.54 0.55 0.56
 0.57 0.58 0.59]","[-0.01664331 -0.0856232  -0.08250678 -0.07941464 -0.07634549 -0.07329811
 -0.07027136 -0.06726414 -0.06427545 -0.06130432 -0.05834985 -0.05541119
 -0.05248753 -0.04957811 -0.04668221 -0.04379916 -0.0409283  -0.03806903
 -0.03522077 -0.03238297 -0.02955512 -0.02673672 -0.02392731 -0.02112643
 -0.01833368 -0.01554864 -0.01277094 -0.01000022 -0.00723612 -0.00447833
 -0.00172652]"
