sigma0re,sigma0im,beta0re,beta0im,mu0re,mu0im,beta1re,beta1im,sigma1re,sigma1im,mu1re,mu1im,alpha0,alpha1,b_star,corresponding_negative_eigenvalues
0.2,0.3,1,1.1,1.0,1.0000000000000036,1,1.1,0.2,0.3,-0.5,1.8000000000000034,0.0,0.0,"[0.27 0.28 0.29 0.3  0.31 0.32 0.33 0.34 0.35 0.36 0.37 0.38 0.39 0.4
 0.41]","[-0.02063348 -0.05558512 -0.05128013 -0.04700035 -0.04274398 -0.03850933
 -0.03429483 -0.03009905 -0.02592062 -0.02175831 -0.01761096 -0.01347748
 -0.00935687 -0.0052482  -0.00115059]"
