sigma0re,sigma0im,beta0re,beta0im,mu0re,mu0im,beta1re,beta1im,sigma1re,sigma1im,mu1re,mu1im,alpha0,alpha1,b_star,corresponding_negative_eigenvalues
0.2,0.3,1,1.1,1.0,-0.1999999999999975,1,1.1,0.2,0.3,-0.5,-0.49999999999999867,0.1,0.1,"[0.01 0.02 0.03 0.04 0.05 0.06 0.07 0.08 0.09 0.1  0.11 0.12 0.13 0.14
 0.15 0.16 0.17 0.18 0.19 0.2  0.21 0.22 0.23 0.24 0.25 0.26 0.27 0.28
 0.29 0.3  0.31 0.32 0.33 0.34]","[-4.33344114e-05 -1.72520821e-04 -3.85110769e-04 -6.77031586e-04
 -1.04260330e-03 -1.47457160e-03 -1.96416544e-03 -2.50118931e-03
 -3.07416018e-03 -3.67049789e-03 -4.27677440e-03 -4.87902171e-03
 -5.46309130e-03 -6.01504977e-03 -6.52158772e-03 -6.97041357e-03
 -7.35060248e-03 -7.65287312e-03 -7.86977272e-03 -7.99576083e-03
 -8.02719358e-03 -7.96222047e-03 -7.80061268e-03 -7.54354550e-03
 -7.19335748e-03 -6.75330595e-03 -6.22733435e-03 -5.61986202e-03
 -4.93560219e-03 -4.17941053e-03 -3.35616378e-03 -2.47066581e-03
 -1.52757806e-03 -5.31370381e-04]"
