sigma0re,sigma0im,beta0re,beta0im,mu0re,mu0im,beta1re,beta1im,sigma1re,sigma1im,mu1re,mu1im,alpha0,alpha1,b_star,corresponding_negative_eigenvalues
0.2,0.3,1,1.1,1.0,-1.2999999999999985,1,1.1,0.2,0.3,-0.5,-1.6999999999999997,0.1,0.1,"[0.16 0.17 0.18 0.19 0.2  0.21 0.22 0.23 0.24 0.25 0.26 0.27 0.28 0.29
 0.3  0.31 0.32 0.33 0.34 0.35 0.36 0.37 0.38 0.39 0.4  0.41 0.42 0.43
 0.44 0.45 0.46 0.47 0.48 0.49 0.5  0.51 0.52 0.53 0.54 0.55 0.56 0.57
 0.58 0.59 0.6  0.61 0.62 0.63]","[-0.00678071 -0.01527641 -0.02482473 -0.03550986 -0.04744356 -0.060776
 -0.07571355 -0.09254972 -0.11172367 -0.11246598 -0.10920543 -0.10596523
 -0.10274529 -0.09954549 -0.09636571 -0.0932058  -0.0900656  -0.08694496
 -0.08384369 -0.08076161 -0.07769854 -0.0746543  -0.07162868 -0.06862151
 -0.06563259 -0.06266173 -0.05970874 -0.05677344 -0.05385564 -0.05095516
 -0.04807181 -0.04520543 -0.04235584 -0.03952288 -0.03670637 -0.03390615
 -0.03112208 -0.02835398 -0.02560171 -0.02286513 -0.02014408 -0.01743842
 -0.01474802 -0.01207273 -0.00941243 -0.00676698 -0.00413625 -0.00152012]"
