sigma0re,sigma0im,beta0re,beta0im,mu0re,mu0im,beta1re,beta1im,sigma1re,sigma1im,mu1re,mu1im,alpha0,alpha1,b_star,corresponding_negative_eigenvalues
0.2,0.3,1,1.1,1.0,-1.1999999999999984,1,1.1,0.2,0.3,-0.5,-1.5999999999999996,0.1,0.1,"[0.15 0.16 0.17 0.18 0.19 0.2  0.21 0.22 0.23 0.24 0.25 0.26 0.27 0.28
 0.29 0.3  0.31 0.32 0.33 0.34 0.35 0.36 0.37 0.38 0.39 0.4  0.41 0.42
 0.43 0.44 0.45 0.46 0.47 0.48 0.49 0.5  0.51 0.52 0.53 0.54 0.55 0.56
 0.57 0.58 0.59 0.6  0.61 0.62]","[-0.00558141 -0.01265726 -0.020593   -0.0294373  -0.0392542  -0.05012754
 -0.06216777 -0.0755225  -0.09039403 -0.1070698  -0.10902678 -0.10570907
 -0.10241639 -0.09914835 -0.09590458 -0.0926847  -0.0894883  -0.086315
 -0.08316439 -0.08003609 -0.0769297  -0.07384483 -0.07078113 -0.06773821
 -0.06471571 -0.0617133  -0.05873062 -0.05576735 -0.05282317 -0.04989776
 -0.04699083 -0.04410209 -0.04123125 -0.03837804 -0.03554221 -0.03272349
 -0.02992165 -0.02713645 -0.02436766 -0.02161506 -0.01887844 -0.01615759
 -0.01345232 -0.01076242 -0.00808772 -0.00542803 -0.00278318 -0.00015299]"
