sigma0re,sigma0im,beta0re,beta0im,mu0re,mu0im,beta1re,beta1im,sigma1re,sigma1im,mu1re,mu1im,alpha0,alpha1,b_star,corresponding_negative_eigenvalues
0.2,0.3,1,1.1,1.0,-0.699999999999998,1,1.1,0.2,0.3,-0.5,-1.4999999999999996,0.1,0.1,"[0.01 0.02 0.03 0.04 0.05 0.06 0.07 0.08 0.09 0.1  0.11 0.12 0.13 0.14
 0.15 0.16 0.17 0.18 0.19 0.2  0.21 0.22 0.23 0.24 0.25 0.26 0.27 0.28
 0.29 0.3  0.31 0.32 0.33 0.34 0.35 0.36 0.37 0.38 0.39]","[-0.00046121 -0.00185586 -0.00421847 -0.00761165 -0.01213542 -0.01794447
 -0.02528049 -0.03453478 -0.04636463 -0.061743   -0.0794384  -0.08965132
 -0.09196911 -0.0911208  -0.08892581 -0.08605866 -0.08281824 -0.0793564
 -0.0757581  -0.07207427 -0.06833705 -0.06456748 -0.06077978 -0.05698372
 -0.05318616 -0.04939194 -0.04560451 -0.04182632 -0.0380591  -0.03430405
 -0.03056201 -0.02683351 -0.02311887 -0.01941825 -0.0157317  -0.01205916
 -0.00840052 -0.00475561 -0.00112424]"
