sigma0re,sigma0im,beta0re,beta0im,mu0re,mu0im,beta1re,beta1im,sigma1re,sigma1im,mu1re,mu1im,alpha0,alpha1,b_star,corresponding_negative_eigenvalues
0.2,0.3,1,1.1,1.0,1.2000000000000037,1,1.1,0.2,0.3,-0.5,1.300000000000003,0.1,0.1,"[0.32 0.33 0.34 0.35 0.36 0.37 0.38 0.39 0.4  0.41 0.42 0.43 0.44 0.45
 0.46 0.47 0.48 0.49 0.5  0.51 0.52 0.53 0.54 0.55 0.56 0.57 0.58 0.59
 0.6  0.61 0.62 0.63 0.64 0.65 0.66 0.67 0.68 0.69 0.7  0.71 0.72 0.73
 0.74 0.75 0.76 0.77 0.78 0.79 0.8  0.81 0.82 0.83 0.84 0.85 0.86 0.87
 0.88 0.89 0.9  0.91 0.92 0.93 0.94 0.95]","[-0.01990138 -0.05467994 -0.11001345 -0.10785087 -0.10570901 -0.10358717
 -0.10148468 -0.09940088 -0.09733516 -0.09528689 -0.0932555  -0.09124043
 -0.08924113 -0.08725709 -0.0852878  -0.08333278 -0.08139158 -0.07946376
 -0.07754889 -0.07564658 -0.07375642 -0.07187805 -0.07001112 -0.06815528
 -0.06631021 -0.06447561 -0.06265116 -0.0608366  -0.05903164 -0.05723602
 -0.0554495  -0.05367185 -0.05190283 -0.05014222 -0.04838983 -0.04664545
 -0.04490889 -0.04317998 -0.04145854 -0.0397444  -0.03803742 -0.03633744
 -0.03464432 -0.03295792 -0.03127811 -0.02960477 -0.02793778 -0.02627702
 -0.0246224  -0.0229738  -0.02133113 -0.01969429 -0.0180632  -0.01643777
 -0.01481793 -0.01320358 -0.01159467 -0.00999112 -0.00839286 -0.00679983
 -0.00521197 -0.00362923 -0.00205155 -0.00047887]"
