sigma0re,sigma0im,beta0re,beta0im,mu0re,mu0im,beta1re,beta1im,sigma1re,sigma1im,mu1re,mu1im,alpha0,alpha1,b_star,corresponding_negative_eigenvalues
0.2,0.3,1,1.1,1.0,-0.5999999999999979,1,1.1,0.2,0.3,-0.5,-1.3999999999999995,0.1,0.1,"[0.01 0.02 0.03 0.04 0.05 0.06 0.07 0.08 0.09 0.1  0.11 0.12 0.13 0.14
 0.15 0.16 0.17 0.18 0.19 0.2  0.21 0.22 0.23 0.24 0.25 0.26 0.27 0.28
 0.29 0.3  0.31 0.32 0.33 0.34 0.35 0.36]","[-0.00036783 -0.00147629 -0.00334048 -0.00598619 -0.00945064 -0.0137828
 -0.01904152 -0.02528647 -0.03254719 -0.04073206 -0.04940609 -0.05748631
 -0.06351183 -0.06682573 -0.06786611 -0.06735545 -0.06584494 -0.06368605
 -0.0610963  -0.05821262 -0.05512377 -0.05188906 -0.04854926 -0.04513309
 -0.04166121 -0.03814876 -0.034607   -0.03104444 -0.02746754 -0.02388127
 -0.0202895  -0.01669524 -0.01310082 -0.00950811 -0.00591855 -0.00233328]"
