sigma0re,sigma0im,beta0re,beta0im,mu0re,mu0im,beta1re,beta1im,sigma1re,sigma1im,mu1re,mu1im,alpha0,alpha1,b_star,corresponding_negative_eigenvalues
0.2,0.3,1,1.1,1.0,-1.0999999999999983,1,1.1,0.2,0.3,-0.5,-1.4999999999999996,0.1,0.1,"[0.13 0.14 0.15 0.16 0.17 0.18 0.19 0.2  0.21 0.22 0.23 0.24 0.25 0.26
 0.27 0.28 0.29 0.3  0.31 0.32 0.33 0.34 0.35 0.36 0.37 0.38 0.39 0.4
 0.41 0.42 0.43 0.44 0.45 0.46 0.47 0.48 0.49 0.5  0.51 0.52 0.53 0.54
 0.55 0.56 0.57 0.58 0.59 0.6 ]","[-0.00282141 -0.00819467 -0.01425548 -0.02102454 -0.02853092 -0.03681338
 -0.04592231 -0.05592275 -0.06689865 -0.07895956 -0.09225108 -0.106972
 -0.10479521 -0.1014314  -0.09809796 -0.0947941  -0.09151902 -0.08827195
 -0.08505213 -0.08185883 -0.07869136 -0.07554904 -0.07243121 -0.06933725
 -0.06626658 -0.0632186  -0.06019278 -0.05718858 -0.05420552 -0.0512431
 -0.04830088 -0.04537841 -0.04247528 -0.03959108 -0.03672544 -0.033878
 -0.03104839 -0.0282363  -0.02544141 -0.0226634  -0.01990199 -0.01715689
 -0.01442785 -0.0117146  -0.00901689 -0.0063345  -0.00366718 -0.00101473]"
