sigma0re,sigma0im,beta0re,beta0im,mu0re,mu0im,beta1re,beta1im,sigma1re,sigma1im,mu1re,mu1im,alpha0,alpha1,b_star,corresponding_negative_eigenvalues
0.2,0.3,1,1.1,1.0,1.2000000000000037,1,1.1,0.2,0.3,-0.5,1.1000000000000028,0.1,0.1,"[0.32 0.33 0.34 0.35 0.36 0.37 0.38 0.39 0.4  0.41 0.42 0.43 0.44 0.45
 0.46 0.47 0.48 0.49 0.5  0.51 0.52 0.53 0.54 0.55 0.56 0.57 0.58 0.59
 0.6  0.61 0.62 0.63 0.64 0.65 0.66 0.67 0.68 0.69 0.7  0.71 0.72 0.73
 0.74 0.75 0.76 0.77 0.78 0.79 0.8  0.81 0.82 0.83 0.84 0.85 0.86 0.87
 0.88 0.89 0.9  0.91 0.92 0.93 0.94 0.95 0.96 0.97 0.98 0.99 1.   1.01
 1.02 1.03 1.04 1.05 1.06 1.07 1.08 1.09 1.1  1.11 1.12 1.13 1.14 1.15
 1.16 1.17 1.18 1.19 1.2  1.21 1.22 1.23 1.24 1.25 1.26 1.27 1.28 1.29
 1.3  1.31 1.32 1.33 1.34 1.35 1.36 1.37 1.38 1.39 1.4  1.41 1.42 1.43
 1.44]","[-0.01043203 -0.03080552 -0.05944975 -0.12671537 -0.12504459 -0.12339305
 -0.12176024 -0.12014563 -0.11854874 -0.11696907 -0.11540613 -0.11385947
 -0.11232862 -0.11081314 -0.10931261 -0.10782661 -0.10635473 -0.10489658
 -0.10345178 -0.10201997 -0.1006008  -0.09919391 -0.09779898 -0.0964157
 -0.09504375 -0.09368283 -0.09233267 -0.09099297 -0.08966348 -0.08834395
 -0.08703411 -0.08573374 -0.0844426  -0.08316048 -0.08188716 -0.08062243
 -0.0793661  -0.07811798 -0.07687789 -0.07564564 -0.07442107 -0.07320402
 -0.07199434 -0.07079186 -0.06959644 -0.06840795 -0.06722626 -0.06605122
 -0.06488272 -0.06372065 -0.06256487 -0.06141529 -0.0602718  -0.05913429
 -0.05800268 -0.05687685 -0.05575674 -0.05464223 -0.05353327 -0.05242975
 -0.05133161 -0.05023878 -0.04915117 -0.04806873 -0.04699139 -0.04591908
 -0.04485175 -0.04378933 -0.04273178 -0.04167903 -0.04063104 -0.03958776
 -0.03854914 -0.03751513 -0.03648569 -0.03546079 -0.03444037 -0.03342441
 -0.03241287 -0.0314057  -0.03040288 -0.02940438 -0.02841016 -0.02742019
 -0.02643445 -0.02545292 -0.02447555 -0.02350233 -0.02253324 -0.02156825
 -0.02060735 -0.0196505  -0.01869769 -0.01774891 -0.01680413 -0.01586333
 -0.01492651 -0.01399364 -0.01306471 -0.0121397  -0.01121861 -0.01030142
 -0.00938811 -0.00847868 -0.00757311 -0.0066714  -0.00577353 -0.0048795
 -0.00398929 -0.00310289 -0.00222031 -0.00134152 -0.00046653]"
