sigma0re,sigma0im,beta0re,beta0im,mu0re,mu0im,beta1re,beta1im,sigma1re,sigma1im,mu1re,mu1im,alpha0,alpha1,b_star,corresponding_negative_eigenvalues
0.2,0.3,1,1.1,1.0,-2.9,1,1.1,0.2,0.3,-0.5,-0.49999999999999867,0.1,0.1,"[0.3  0.31 0.32 0.33 0.34 0.35 0.36 0.37 0.38 0.39 0.4  0.41 0.42 0.43
 0.44 0.45 0.46 0.47 0.48 0.49 0.5  0.51 0.52 0.53 0.54 0.55 4.44 4.45
 4.46 4.47 4.48 4.49 4.5  4.51 4.52 4.53 4.54 4.55 4.56 4.57 4.58 4.59
 4.6  4.61 4.62 4.63 4.64 4.65 4.66 4.67 4.68 4.69 4.7  4.71 4.72 4.73
 4.74 4.75 4.76 4.77 4.78 4.79 4.8  4.81 4.82 4.83 4.84 4.85 4.86 4.87
 4.88 4.89 4.9  4.91 4.92 4.93 4.94 4.95 4.96 4.97 4.98 4.99 5.  ]","[-0.02343284 -0.07490486 -0.07156865 -0.06826234 -0.06498511 -0.06173615
 -0.05851475 -0.0553202  -0.05215188 -0.04900917 -0.04589152 -0.04279841
 -0.03972934 -0.03668386 -0.03366153 -0.03066197 -0.02768478 -0.02472962
 -0.02179617 -0.0188841  -0.01599313 -0.01312299 -0.01027341 -0.00744417
 -0.00463503 -0.00184578 -0.00170062 -0.00515938 -0.00864108 -0.01214574
 -0.01567341 -0.01922409 -0.02279784 -0.02639468 -0.03001464 -0.03365775
 -0.03732404 -0.04101354 -0.04472628 -0.04846229 -0.05222161 -0.05600426
 -0.05981027 -0.06363967 -0.06749249 -0.07136877 -0.07526852 -0.07919178
 -0.08313858 -0.08710895 -0.09110291 -0.0951205  -0.09916174 -0.10322666
 -0.1073153  -0.11142767 -0.11556382 -0.11972375 -0.12390752 -0.12811513
 -0.13234663 -0.13660203 -0.14088137 -0.14518467 -0.14951196 -0.15386327
 -0.15823863 -0.16263805 -0.16706158 -0.17150923 -0.17598104 -0.18047703
 -0.18499722 -0.18954165 -0.19411033 -0.1987033  -0.20332059 -0.20796221
 -0.2126282  -0.21731857 -0.22203336 -0.22677259 -0.23153629]"
