sigma0re,sigma0im,beta0re,beta0im,mu0re,mu0im,beta1re,beta1im,sigma1re,sigma1im,mu1re,mu1im,alpha0,alpha1,b_star,corresponding_negative_eigenvalues
0.2,0.3,1,1.1,1.0,-0.699999999999998,1,1.1,0.2,0.3,-0.5,-1.0999999999999992,0.0,0.0,"[0.01 0.02 0.03 0.04 0.05 0.06 0.07 0.08 0.09 0.1  0.11 0.12 0.13 0.14
 0.15 0.16 0.17 0.18 0.19 0.2  0.21 0.22 0.23 0.24 0.25 0.26 0.27 0.28
 0.29 0.3  0.31 0.32 0.33 0.34 0.35 0.36 0.37 0.38 0.39 0.4  0.41 0.42
 0.43 0.44 0.45 0.46]","[-0.00042614 -0.00171334 -0.00388881 -0.00700135 -0.01112728 -0.01638119
 -0.02293464 -0.0310496  -0.04113681 -0.05382404 -0.06960849 -0.08518395
 -0.09317636 -0.0953771  -0.09504846 -0.09353282 -0.0913857  -0.08887095
 -0.08612882 -0.08324036 -0.08025536 -0.07720587 -0.07411326 -0.0709922
 -0.06785293 -0.06470274 -0.06154687 -0.0583891  -0.05523219 -0.05207813
 -0.04892833 -0.04578382 -0.04264528 -0.03951318 -0.03638779 -0.03326925
 -0.0301576  -0.02705279 -0.02395472 -0.02086323 -0.01777815 -0.01469926
 -0.01162634 -0.00855916 -0.00549745 -0.00244099]"
