sigma0re,sigma0im,beta0re,beta0im,mu0re,mu0im,beta1re,beta1im,sigma1re,sigma1im,mu1re,mu1im,alpha0,alpha1,b_star,corresponding_negative_eigenvalues
0.2,0.3,1,1.1,1.0,-0.8999999999999981,1,1.1,0.2,0.3,-0.5,-0.6999999999999988,0.0,0.0,"[0.01 0.02 0.03 0.04 0.05 0.06 0.07 0.08 0.09 0.1  0.11 0.12 0.13 0.14
 0.15 0.16 0.17 0.18 0.19 0.2  0.21 0.22 0.23 0.24 0.25 0.26 0.27 0.28
 0.29 0.3  0.31 0.32 0.33 0.34 0.35 0.36 0.37 0.38 0.39 0.4  0.41 0.42
 0.43 0.44 0.45 0.46 0.47 0.48 0.49 0.5  0.51 0.52 0.53 0.54 0.55 0.56
 0.57 0.58 0.59 0.6  0.61 0.62 0.63 0.64 0.65 0.66 0.67 0.68 0.69 0.7
 0.71 0.72 0.73 0.74 0.75 0.76 0.77 0.78 0.79 0.8  0.81 0.82 0.83 0.84
 0.85 0.86 0.87 0.88 0.89 0.9  0.91 0.92 0.93 0.94 0.95 0.96 0.97 0.98
 0.99 1.   1.01 1.02 1.03 1.04 1.05 1.06 1.07 1.08 1.09 1.1  1.11 1.12
 1.13 1.14 1.15 1.16 1.17 1.18 1.19 1.2  1.21 1.22 1.23 1.24 1.25 1.26]","[-0.00034859 -0.00140056 -0.00317524 -0.00570713 -0.00905013 -0.01026483
 -0.01160903 -0.01371318 -0.01627845 -0.01924711 -0.02260553 -0.02635545
 -0.03050646 -0.03507344 -0.04007596 -0.0455383  -0.05149009 -0.05796741
 -0.06501429 -0.0726851  -0.08104791 -0.09018959 -0.10022371 -0.11130358
 -0.12364481 -0.13472408 -0.1329078  -0.13111573 -0.12934673 -0.12759977
 -0.12587385 -0.12416806 -0.12248152 -0.12081341 -0.11916299 -0.1175295
 -0.11591229 -0.1143107  -0.11272413 -0.11115199 -0.10959375 -0.10804889
 -0.10651691 -0.10499735 -0.10348976 -0.10199374 -0.10050886 -0.09903475
 -0.09757106 -0.09611742 -0.0946735  -0.09323899 -0.09181359 -0.090397
 -0.08898895 -0.08758916 -0.08619739 -0.08481338 -0.08343691 -0.08206774
 -0.08070566 -0.07935046 -0.07800194 -0.07665991 -0.07532417 -0.07399456
 -0.07267089 -0.07135301 -0.07004075 -0.06873395 -0.06743247 -0.06613616
 -0.06484489 -0.06355851 -0.06227691 -0.06099994 -0.0597275  -0.05845946
 -0.05719571 -0.05593613 -0.05468063 -0.05342909 -0.05218143 -0.05093753
 -0.0496973  -0.04846066 -0.04722751 -0.04599777 -0.04477136 -0.04354819
 -0.04232818 -0.04111126 -0.03989735 -0.03868638 -0.03747828 -0.03627298
 -0.03507042 -0.03387052 -0.03267323 -0.03147848 -0.03028622 -0.02909639
 -0.02790892 -0.02672377 -0.02554088 -0.02436019 -0.02318167 -0.02200525
 -0.02083089 -0.01965854 -0.01848815 -0.01731968 -0.01615309 -0.01498833
 -0.01382537 -0.01266415 -0.01150464 -0.01034681 -0.0091906  -0.008036
 -0.00688295 -0.00573143 -0.0045814  -0.00343282 -0.00228566 -0.0011399 ]"
