sigma0re,sigma0im,beta0re,beta0im,mu0re,mu0im,beta1re,beta1im,sigma1re,sigma1im,mu1re,mu1im,alpha0,alpha1,b_star,corresponding_negative_eigenvalues
0.2,0.3,1,1.1,1.0,-1.3999999999999986,1,1.1,0.2,0.3,-0.5,-1.5999999999999996,0.0,0.0,"[0.16 0.17 0.18 0.19 0.2  0.21 0.22 0.23 0.24 0.25 0.26 0.27 0.28 0.29
 0.3  0.31 0.32 0.33 0.34 0.35 0.36 0.37 0.38 0.39 0.4  0.41 0.42 0.43
 0.44 0.45 0.46 0.47 0.48 0.49 0.5  0.51 0.52 0.53 0.54 0.55 0.56 0.57
 0.58 0.59 0.6  0.61 0.62 0.63 0.64 0.65 0.66]","[-0.0060626  -0.01603006 -0.0273172  -0.04006699 -0.05447773 -0.07083227
 -0.0895526  -0.11131296 -0.12090098 -0.1178083  -0.11473271 -0.11167392
 -0.10863156 -0.10560527 -0.10259466 -0.09959933 -0.09661887 -0.09365286
 -0.09070088 -0.08776251 -0.08483732 -0.0819249  -0.07902482 -0.07613668
 -0.07326006 -0.07039458 -0.06753983 -0.06469544 -0.06186104 -0.05903625
 -0.05622072 -0.05341412 -0.05061609 -0.04782632 -0.04504449 -0.04227028
 -0.03950342 -0.0367436  -0.03399056 -0.03124401 -0.02850371 -0.0257694
 -0.02304084 -0.0203178  -0.01760004 -0.01488736 -0.01217955 -0.00947639
 -0.0067777  -0.00408329 -0.00139298]"
