sigma0re,sigma0im,beta0re,beta0im,mu0re,mu0im,beta1re,beta1im,sigma1re,sigma1im,mu1re,mu1im,alpha0,alpha1,b_star,corresponding_negative_eigenvalues
0.2,0.3,1,1.1,1.0,-1.4999999999999987,1,1.1,0.2,0.3,-0.5,-1.9,0.1,0.1,"[0.16 0.17 0.18 0.19 0.2  0.21 0.22 0.23 0.24 0.25 0.26 0.27 0.28 0.29
 0.3  0.31 0.32 0.33 0.34 0.35 0.36 0.37 0.38 0.39 0.4  0.41 0.42 0.43
 0.44 0.45 0.46 0.47 0.48 0.49 0.5  0.51 0.52 0.53 0.54 0.55 0.56 0.57
 0.58 0.59 0.6  0.61 0.62 0.63 0.64 0.65 0.66]","[-0.00052059 -0.01058907 -0.02206067 -0.03508786 -0.04988134 -0.06674105
 -0.08611419 -0.10871574 -0.12085691 -0.11770032 -0.11455719 -0.11142766
 -0.10831188 -0.10520997 -0.10212205 -0.09904822 -0.09598858 -0.09294323
 -0.08991223 -0.08689566 -0.08389358 -0.08090604 -0.07793311 -0.07497481
 -0.0720312  -0.06910229 -0.06618813 -0.06328873 -0.06040411 -0.05753429
 -0.05467928 -0.05183909 -0.04901372 -0.04620317 -0.04340744 -0.04062652
 -0.03786042 -0.03510911 -0.03237258 -0.02965082 -0.0269438  -0.02425151
 -0.02157392 -0.018911   -0.01626272 -0.01362905 -0.01100995 -0.00840539
 -0.00581531 -0.00323967 -0.00067843]"
