sigma0re,sigma0im,beta0re,beta0im,mu0re,mu0im,beta1re,beta1im,sigma1re,sigma1im,mu1re,mu1im,alpha0,alpha1,b_star,corresponding_negative_eigenvalues
0.2,0.3,1,1.1,1.0,1.5000000000000036,1,1.1,0.2,0.3,-0.5,1.400000000000003,0.1,0.1,"[0.29 0.3  0.31 0.32 0.33 0.34 0.35 0.36 0.37 0.38 0.39 0.4  0.41 0.42
 0.43 0.44 0.45 0.46 0.47 0.48 0.49 0.5  0.51 0.52 0.53 0.54 0.55 0.56
 0.57 0.58 0.59 0.6  0.61 0.62 0.63 0.64 0.65 0.66 0.67 0.68 0.69 0.7
 0.71 0.72 0.73 0.74 0.75 0.76 0.77 0.78 0.79 0.8  0.81 0.82 0.83 0.84
 0.85 0.86 0.87 0.88 0.89 0.9  0.91 0.92 0.93 0.94 0.95 0.96 0.97 0.98
 0.99 1.   1.01 1.02 1.03 1.04 1.05 1.06 1.07 1.08 1.09 1.1  1.11 1.12
 1.13 1.14 1.15 1.16 1.17 1.18 1.19 1.2  1.21 1.22 1.23 1.24 1.25 1.26
 1.27 1.28 1.29]","[-0.01124525 -0.03746014 -0.07865301 -0.13346148 -0.13165552 -0.12986536
 -0.12809069 -0.12633124 -0.12458667 -0.1228567  -0.12114102 -0.1194393
 -0.11775125 -0.11607656 -0.11441493 -0.11276605 -0.11112963 -0.10950539
 -0.10789303 -0.10629228 -0.10470286 -0.10312451 -0.10155696 -0.09999997
 -0.09845328 -0.09691665 -0.09538985 -0.09387265 -0.09236484 -0.0908662
 -0.08937652 -0.0878956  -0.08642325 -0.08495929 -0.08350353 -0.08205579
 -0.08061592 -0.07918374 -0.07775911 -0.07634186 -0.07493187 -0.07352897
 -0.07213305 -0.07074397 -0.0693616  -0.06798584 -0.06661655 -0.06525363
 -0.06389698 -0.06254648 -0.06120206 -0.05986359 -0.05853101 -0.05720422
 -0.05588314 -0.05456768 -0.05325777 -0.05195334 -0.05065432 -0.04936063
 -0.04807222 -0.04678903 -0.04551098 -0.04423803 -0.04297012 -0.0417072
 -0.04044922 -0.03919612 -0.03794788 -0.03670443 -0.03546575 -0.03423178
 -0.0330025  -0.03177786 -0.03055784 -0.02934239 -0.02813149 -0.0269251
 -0.0257232  -0.02452575 -0.02333274 -0.02214414 -0.02095992 -0.01978007
 -0.01860455 -0.01743336 -0.01626646 -0.01510384 -0.01394549 -0.01279138
 -0.01164151 -0.01049585 -0.00935439 -0.00821712 -0.00708402 -0.00595509
 -0.00483031 -0.00370967 -0.00259316 -0.00148077 -0.00037249]"
