sigma0re,sigma0im,beta0re,beta0im,mu0re,mu0im,beta1re,beta1im,sigma1re,sigma1im,mu1re,mu1im,alpha0,alpha1,b_star,corresponding_negative_eigenvalues
0.2,0.3,1,1.1,1.0,2.100000000000005,1,1.1,0.2,0.3,-0.5,0.10000000000000187,0.1,0.1,"[0.01 0.02 0.03 0.04 0.05 0.06 0.07 0.08 0.09 0.1  0.11 0.12 0.13 0.14
 0.15 0.16 0.17 0.18 0.19 0.2  0.21 0.22 0.23 0.24]","[-0.00010837 -0.00043092 -0.00095987 -0.00168179 -0.00257703 -0.00361899
 -0.00477338 -0.00599776 -0.00724172 -0.008448   -0.00955503 -0.01050081
 -0.01122792 -0.01168856 -0.01184849 -0.01168902 -0.01120646 -0.01040983
 -0.00931739 -0.00795313 -0.00634372 -0.00451621 -0.00249651 -0.00030854]"
