sigma0re,sigma0im,beta0re,beta0im,mu0re,mu0im,beta1re,beta1im,sigma1re,sigma1im,mu1re,mu1im,alpha0,alpha1,b_star,corresponding_negative_eigenvalues
0.2,0.3,1,1.1,1.0,2.3000000000000043,1,1.1,0.2,0.3,-0.5,0.20000000000000195,0.0,0.0,"[0.01 0.02 0.03 0.04 0.05 0.06 0.07 0.08 0.09 0.1  0.11 0.12 0.13 0.14
 0.15 0.16 0.17 0.18 0.19 0.2  0.21 0.22 0.23 0.24 0.25 0.26 0.27 0.28]","[-0.00025403 -0.00101469 -0.00227711 -0.00403145 -0.00625991 -0.00893187
 -0.0119966  -0.01537335 -0.0189397  -0.02252263 -0.02590134 -0.028833
 -0.03110221 -0.0325729  -0.03321092 -0.03306744 -0.03224173 -0.03084715
 -0.0289905  -0.02676327 -0.02424006 -0.02148018 -0.01853026 -0.01542684
 -0.01219856 -0.00886801 -0.00545306 -0.00196795]"
