sigma0re,sigma0im,beta0re,beta0im,mu0re,mu0im,beta1re,beta1im,sigma1re,sigma1im,mu1re,mu1im,alpha0,alpha1,b_star,corresponding_negative_eigenvalues
0.2,0.3,1,1.1,1.0,2.5000000000000053,1,1.1,0.2,0.3,-0.5,0.10000000000000187,0.1,0.1,"[0.01 0.02 0.03 0.04 0.05 0.06 0.07 0.08 0.09 0.1  0.11 0.12 0.13 0.14
 0.15 0.16 0.17 0.18 0.19 0.2  0.21]","[-0.00012839 -0.00051008 -0.00113436 -0.00198257 -0.00302701 -0.00422956
 -0.00554038 -0.00689725 -0.00822628 -0.00944484 -0.0104673  -0.01121315
 -0.01161584 -0.01162985 -0.01123381 -0.01042915 -0.00923522 -0.00768315
 -0.00580998 -0.0036542  -0.00125276]"
