sigma0re,sigma0im,beta0re,beta0im,mu0re,mu0im,beta1re,beta1im,sigma1re,sigma1im,mu1re,mu1im,alpha0,alpha1,b_star,corresponding_negative_eigenvalues
0.2,0.3,1,1.1,1.0,-1.0999999999999983,1,1.1,0.2,0.3,-0.5,-1.5999999999999996,0.0,0.0,"[0.12 0.13 0.14 0.15 0.16 0.17 0.18 0.19 0.2  0.21 0.22 0.23 0.24 0.25
 0.26 0.27 0.28 0.29 0.3  0.31 0.32 0.33 0.34 0.35 0.36 0.37 0.38 0.39
 0.4  0.41 0.42 0.43 0.44 0.45 0.46 0.47 0.48 0.49 0.5 ]","[-0.00508273 -0.01124323 -0.01820879 -0.02600786 -0.03468142 -0.04428515
 -0.05489287 -0.06660204 -0.07954219 -0.09388874 -0.10216624 -0.09827076
 -0.0944109  -0.09058475 -0.08679045 -0.08302625 -0.07929047 -0.07558152
 -0.07189791 -0.06823819 -0.06460103 -0.06098515 -0.05738935 -0.05381248
 -0.05025348 -0.04671134 -0.04318508 -0.03967382 -0.0361767  -0.03269291
 -0.02922169 -0.02576232 -0.02231413 -0.01887648 -0.01544875 -0.01203038
 -0.00862082 -0.00521957 -0.00182613]"
