sigma0re,sigma0im,beta0re,beta0im,mu0re,mu0im,beta1re,beta1im,sigma1re,sigma1im,mu1re,mu1im,alpha0,alpha1,b_star,corresponding_negative_eigenvalues
0.2,0.3,1,1.1,1.0,-0.2999999999999976,1,1.1,0.2,0.3,-0.5,-1.5999999999999996,0.0,0.0,"[0.01 0.02 0.03 0.04 0.05 0.06 0.07 0.08 0.09 0.1  0.11 0.12 0.13 0.14
 0.15 0.16 0.17 0.18 0.19]","[-0.0002647  -0.00105262 -0.00234387 -0.0041007  -0.00626019 -0.00872406
 -0.01134725 -0.01393085 -0.01622983 -0.01798633 -0.01898514 -0.01910491
 -0.01833324 -0.01674182 -0.0144451  -0.01156608 -0.00821703 -0.00449231
 -0.00046784]"
