sigma0re,sigma0im,beta0re,beta0im,mu0re,mu0im,beta1re,beta1im,sigma1re,sigma1im,mu1re,mu1im,alpha0,alpha1,b_star,corresponding_negative_eigenvalues
0.2,0.3,1,1.1,1.0,1.900000000000004,1,1.1,0.2,0.3,-0.5,0.20000000000000195,0.1,0.1,"[0.01 0.02 0.03 0.04 0.05 0.06 0.07 0.08 0.09 0.1  0.11 0.12 0.13 0.14
 0.15 0.16 0.17 0.18 0.19 0.2  0.21 0.22 0.23 0.24 0.25 0.26 0.27 0.28
 0.29 0.3  0.31 0.32 0.33 0.34 0.35 0.36 0.37 0.38 0.39 0.4  0.41 4.99
 5.  ]","[-0.00018407 -0.0007358  -0.00165358 -0.00293428 -0.00457239 -0.00655878
 -0.00887883 -0.01150978 -0.01441719 -0.01755055 -0.02083856 -0.02418563
 -0.027472   -0.03056112 -0.03331572 -0.03561967 -0.03739724 -0.03862112
 -0.03930704 -0.03950006 -0.03925973 -0.03864876 -0.03772618 -0.03654414
 -0.03514709 -0.03357206 -0.0318496  -0.03000476 -0.02805802 -0.02602617
 -0.023923   -0.02175988 -0.01954619 -0.01728974 -0.01499704 -0.01267356
 -0.01032388 -0.00795187 -0.00556084 -0.00315358 -0.00073249 -0.00146329
 -0.00590284]"
