sigma0re,sigma0im,beta0re,beta0im,mu0re,mu0im,beta1re,beta1im,sigma1re,sigma1im,mu1re,mu1im,alpha0,alpha1,b_star,corresponding_negative_eigenvalues
0.2,0.3,1,1.1,1.0,0.10000000000000275,1,1.1,0.2,0.3,-0.5,0.10000000000000187,0.0,0.0,"[0.01 0.02 0.03 0.04 0.05 0.06 0.07 0.08 0.09 0.1  0.11 0.12 0.13 0.14
 0.15 0.16 0.17 0.18 0.19 0.2  0.21 0.22 0.23 0.24 0.25 0.26 0.27 0.28
 0.29 0.3  0.31 0.32 0.33 0.34 0.35 0.36 0.37 0.38 0.39 0.4  0.41 0.42
 0.43 0.44 0.45 0.46 0.47 0.48 0.49 0.5  0.51 0.52 0.53 0.54 0.55 0.56
 0.57 0.58 0.59 0.6  0.61 0.62 0.63 0.64 0.65 0.66 0.67 0.68 0.69 0.7
 0.71 0.72 0.73 0.74 0.75 0.76 0.77 0.78 0.79 0.8 ]","[-5.51748252e-06 -2.19801319e-05 -4.91216099e-05 -8.65080263e-05
 -1.33552329e-04 -1.89533265e-04 -2.53617858e-04 -3.24886188e-04
 -4.02357238e-04 -4.85014590e-04 -5.71830901e-04 -6.61790250e-04
 -7.53907694e-04 -8.47245591e-04 -9.40926491e-04 -1.03414260e-03
 -1.12616198e-03 -1.21633181e-03 -1.30407908e-03 -1.38890913e-03
 -1.47040253e-03 -1.54821070e-03 -1.62205065e-03 -1.69169913e-03
 -1.75698665e-03 -1.81779135e-03 -1.87403313e-03 -1.92566801e-03
 -1.97268289e-03 -2.01509071e-03 -2.05292614e-03 -2.08624161e-03
 -2.11510395e-03 -2.13959129e-03 -2.15979052e-03 -2.17579501e-03
 -2.18770271e-03 -2.19561455e-03 -2.19963306e-03 -2.19986132e-03
 -2.19640199e-03 -2.18935661e-03 -2.17882503e-03 -2.16490488e-03
 -2.14769131e-03 -2.12727668e-03 -2.10375037e-03 -2.07719870e-03
 -2.04770483e-03 -2.01534874e-03 -1.98020725e-03 -1.94235404e-03
 -1.90185972e-03 -1.85879188e-03 -1.81321522e-03 -1.76519160e-03
 -1.71478015e-03 -1.66203741e-03 -1.60701740e-03 -1.54977175e-03
 -1.49034978e-03 -1.42879866e-03 -1.36516345e-03 -1.29948725e-03
 -1.23181129e-03 -1.16217501e-03 -1.09061616e-03 -1.01717090e-03
 -9.41873851e-04 -8.64758223e-04 -7.85855854e-04 -7.05197300e-04
 -6.22811898e-04 -5.38727835e-04 -4.52972209e-04 -3.65571088e-04
 -2.76549566e-04 -1.85931814e-04 -9.37411338e-05 -9.36750677e-17]"
