sigma0re,sigma0im,beta0re,beta0im,mu0re,mu0im,beta1re,beta1im,sigma1re,sigma1im,mu1re,mu1im,alpha0,alpha1,b_star,corresponding_negative_eigenvalues
0.2,0.3,1,1.1,1.0,-0.3999999999999977,1,1.1,0.2,0.3,-0.5,-1.1999999999999993,0.1,0.1,"[0.01 0.02 0.03 0.04 0.05 0.06 0.07 0.08 0.09 0.1  0.11 0.12 0.13 0.14
 0.15 0.16 0.17 0.18 0.19 0.2  0.21 0.22 0.23 0.24 0.25 0.26 0.27 0.28
 0.29 0.3 ]","[-0.00020841 -0.00083233 -0.00186757 -0.00330607 -0.00513414 -0.0073297
 -0.00985829 -0.0126676  -0.01568095 -0.01879105 -0.02185731 -0.02471194
 -0.02717932 -0.02910672 -0.0303942  -0.03100856 -0.03097579 -0.03036036
 -0.02924338 -0.02770687 -0.0258253  -0.02366238 -0.02127082 -0.01869347
 -0.01596486 -0.01311272 -0.01015936 -0.00712278 -0.00401752 -0.00085543]"
