sigma0re,sigma0im,beta0re,beta0im,mu0re,mu0im,beta1re,beta1im,sigma1re,sigma1im,mu1re,mu1im,alpha0,alpha1,b_star,corresponding_negative_eigenvalues
0.2,0.3,1,1.1,1.0,0.9000000000000035,1,1.1,0.2,0.3,-0.5,1.300000000000003,0.0,0.0,"[0.3  0.31 0.32 0.33 0.34 0.35 0.36 0.37 0.38 0.39 0.4  0.41 0.42 0.43
 0.44 0.45 0.46 0.47 0.48 0.49 0.5 ]","[-0.06794851 -0.06453494 -0.0611445  -0.05777577 -0.05442743 -0.05109827
 -0.04778714 -0.04449297 -0.04121476 -0.03795157 -0.03470253 -0.0314668
 -0.02824363 -0.02503227 -0.02183204 -0.0186423  -0.01546245 -0.0122919
 -0.00913012 -0.0059766  -0.00283085]"
