sigma0re,sigma0im,beta0re,beta0im,mu0re,mu0im,beta1re,beta1im,sigma1re,sigma1im,mu1re,mu1im,alpha0,alpha1,b_star,corresponding_negative_eigenvalues
0.2,0.3,1,1.1,1.0,-0.799999999999998,1,1.1,0.2,0.3,-0.5,-1.9,0.1,0.1,"[0.01 0.02 0.03 0.04 0.05 0.06 0.07 0.08 0.09 0.1  0.11 0.12 0.13 0.14
 0.15 0.16 0.17 0.18 0.19 0.2  0.21 0.22 0.23 0.24 0.25 0.26 0.27 0.28
 0.29 0.3  0.31 0.32 0.33 0.34 0.35 0.36]","[-0.00067025 -0.00271018 -0.00621461 -0.01137024 -0.01852101 -0.0283423
 -0.0424499  -0.06787727 -0.05606561 -0.05543323 -0.05801183 -0.06208528
 -0.06718905 -0.0731487  -0.07989535 -0.08741006 -0.08672243 -0.08194997
 -0.07721282 -0.07251199 -0.06784744 -0.06321853 -0.05862425 -0.0540634
 -0.04953466 -0.04503669 -0.04056815 -0.03612771 -0.0317141  -0.0273261
 -0.02296255 -0.01862232 -0.01430438 -0.01000773 -0.00573144 -0.00147462]"
