sigma0re,sigma0im,beta0re,beta0im,mu0re,mu0im,beta1re,beta1im,sigma1re,sigma1im,mu1re,mu1im,alpha0,alpha1,b_star,corresponding_negative_eigenvalues
0.2,0.3,1,1.1,1.0,-0.1999999999999975,1,1.1,0.2,0.3,-0.5,-0.899999999999999,0.0,0.0,"[0.01 0.02 0.03 0.04 0.05 0.06 0.07 0.08 0.09 0.1  0.11 0.12 0.13 0.14
 0.15 0.16 0.17 0.18 0.19 0.2  0.21]","[-9.91832279e-05 -3.93515722e-04 -8.73229975e-04 -1.52168304e-03
 -2.31489561e-03 -3.22109338e-03 -4.20046859e-03 -5.20546136e-03
 -6.18190487e-03 -7.07132379e-03 -7.81445740e-03 -8.35569525e-03
 -8.64767984e-03 -8.65507920e-03 -8.35666213e-03 -7.74531285e-03
 -6.82624800e-03 -5.61413285e-03 -4.12988545e-03 -2.39777415e-03
 -4.43128401e-04]"
