sigma0re,sigma0im,beta0re,beta0im,mu0re,mu0im,beta1re,beta1im,sigma1re,sigma1im,mu1re,mu1im,alpha0,alpha1,b_star,corresponding_negative_eigenvalues
0.2,0.3,1,1.1,1.0,0.30000000000000293,1,1.1,0.2,0.3,-0.5,-0.09999999999999831,0.1,0.1,"[4.04 4.05 4.06 4.07 4.08 4.09 4.1  4.11 4.12 4.13 4.14 4.15 4.16 4.17
 4.18 4.19 4.2  4.21 4.22 4.23 4.24 4.25 4.26 4.27 4.28 4.29 4.3  4.31
 4.32 4.33 4.34 4.35 4.36 4.37 4.38 4.39 4.4  4.41 4.42 4.43 4.44 4.45
 4.46 4.47 4.48 4.49 4.5  4.51 4.52 4.53 4.54 4.55 4.56 4.57 4.58 4.59
 4.6  4.61 4.62 4.63 4.64 4.65 4.66 4.67 4.68 4.69 4.7  4.71 4.72 4.73
 4.74 4.75 4.76 4.77 4.78 4.79 4.8  4.81 4.82 4.83 4.84 4.85 4.86 4.87
 4.88 4.89 4.9  4.91 4.92 4.93 4.94 4.95 4.96 4.97 4.98 4.99 5.  ]","[-0.00040847 -0.00164082 -0.00288173 -0.00413121 -0.00538929 -0.00665596
 -0.00793127 -0.00921522 -0.01050783 -0.01180912 -0.01311911 -0.01443781
 -0.01576525 -0.01710144 -0.01844641 -0.01980017 -0.02116273 -0.02253413
 -0.02391437 -0.02530348 -0.02670147 -0.02810836 -0.02952418 -0.03094894
 -0.03238266 -0.03382536 -0.03527706 -0.03673778 -0.03820754 -0.03968636
 -0.04117425 -0.04267125 -0.04417735 -0.0456926  -0.047217   -0.04875059
 -0.05029336 -0.05184536 -0.05340659 -0.05497708 -0.05655685 -0.05814592
 -0.05974431 -0.06135204 -0.06296913 -0.0645956  -0.06623147 -0.06787677
 -0.06953151 -0.07119572 -0.07286942 -0.07455262 -0.07624536 -0.07794765
 -0.07965951 -0.08138097 -0.08311204 -0.08485276 -0.08660313 -0.08836319
 -0.09013296 -0.09191245 -0.0937017  -0.09550072 -0.09730953 -0.09912817
 -0.10095664 -0.10279498 -0.10464321 -0.10650136 -0.10836943 -0.11024747
 -0.11213548 -0.11403351 -0.11594156 -0.11785967 -0.11978785 -0.12172614
 -0.12367455 -0.12563312 -0.12760186 -0.1295808  -0.13156997 -0.13356939
 -0.13557908 -0.13759907 -0.13962939 -0.14167006 -0.14372111 -0.14578256
 -0.14785444 -0.14993678 -0.1520296  -0.15413293 -0.15624679 -0.15837121
 -0.16050623]"
