sigma0re,sigma0im,beta0re,beta0im,mu0re,mu0im,beta1re,beta1im,sigma1re,sigma1im,mu1re,mu1im,alpha0,alpha1,b_star,corresponding_negative_eigenvalues
0.2,0.3,1,1.1,1.0,2.7000000000000046,1,1.1,0.2,0.3,-0.5,0.30000000000000204,0.0,0.0,"[0.01 0.02 0.03 0.04 0.05 0.06 0.07 0.08 0.09 0.1  0.11 0.12 0.13 0.14
 0.15 0.16 0.17 0.18 0.19 0.2  0.21 0.22 0.23 0.24 0.25 0.26 0.27 0.28
 0.29 0.3  0.31 0.32 0.33 0.34]","[-0.00044818 -0.00180071 -0.00408199 -0.00733439 -0.01162045 -0.01702463
 -0.0236504  -0.03159672 -0.04085989 -0.05101104 -0.06057273 -0.0673314
 -0.07054488 -0.07111486 -0.07005549 -0.06801297 -0.06535858 -0.06230828
 -0.05899273 -0.05549432 -0.05186699 -0.04814712 -0.04435998 -0.04052342
 -0.03665033 -0.03275016 -0.02882987 -0.02489466 -0.02094847 -0.01699424
 -0.0130342  -0.00907006 -0.00510307 -0.0011342 ]"
