sigma0re,sigma0im,beta0re,beta0im,mu0re,mu0im,beta1re,beta1im,sigma1re,sigma1im,mu1re,mu1im,alpha0,alpha1,b_star,corresponding_negative_eigenvalues
0.2,0.3,1,1.1,1.0,2.9000000000000057,1,1.1,0.2,0.3,-0.5,0.9000000000000026,0.0,0.0,"[0.19 0.2  0.21 0.22 0.23 0.24 0.25 0.26 0.27 0.28 0.29 0.3  0.31 0.32
 0.33 0.34 0.35 0.36 0.37 0.38 0.39 0.4  0.41 0.42 0.43 0.44 0.45 0.46
 0.47 0.48 0.49 0.5  0.51 0.52 0.53 0.54 0.55 0.56 0.57 0.58 0.59 0.6
 0.61 0.62 0.63 0.64 0.65 0.66 0.67 0.68 0.69 0.7  0.71 0.72 0.73 0.74
 0.75 0.76 0.77 0.78 0.79 0.8  0.81 0.82 0.83 0.84 0.85 0.86 0.87 0.88
 0.89 0.9  0.91 0.92 0.93 0.94 0.95 0.96 0.97 0.98 0.99 1.   1.01 1.02
 1.03 1.04 1.05 1.06 1.07 1.08 1.09 1.1  1.11 1.12 1.13 1.14 1.15 1.16
 1.17]","[-0.01105642 -0.02591316 -0.04319497 -0.06353438 -0.08802563 -0.11889801
 -0.15375153 -0.15193629 -0.15012468 -0.14831677 -0.14651261 -0.14471227
 -0.14291578 -0.14112319 -0.13933453 -0.13754983 -0.13576912 -0.13399242
 -0.13221974 -0.1304511  -0.12868649 -0.12692592 -0.1251694  -0.1234169
 -0.12166843 -0.11992397 -0.1181835  -0.116447   -0.11471446 -0.11298584
 -0.11126112 -0.10954027 -0.10782326 -0.10611005 -0.1044006  -0.10269489
 -0.10099287 -0.09929449 -0.09759972 -0.09590852 -0.09422084 -0.09253663
 -0.09085585 -0.08917845 -0.08750439 -0.08583362 -0.08416609 -0.08250175
 -0.08084055 -0.07918244 -0.07752738 -0.07587531 -0.07422619 -0.07257997
 -0.07093659 -0.06929601 -0.06765818 -0.06602306 -0.06439059 -0.06276072
 -0.06113341 -0.05950861 -0.05788627 -0.05626636 -0.05464881 -0.05303359
 -0.05142065 -0.04980995 -0.04820144 -0.04659508 -0.04499083 -0.04338864
 -0.04178848 -0.04019029 -0.03859405 -0.03699971 -0.03540723 -0.03381657
 -0.0322277  -0.03064057 -0.02905515 -0.0274714  -0.0258893  -0.02430879
 -0.02272985 -0.02115244 -0.01957654 -0.0180021  -0.01642909 -0.01485749
 -0.01328726 -0.01171836 -0.01015078 -0.00858448 -0.00701943 -0.0054556
 -0.00389297 -0.0023315  -0.00077118]"
