sigma0re,sigma0im,beta0re,beta0im,mu0re,mu0im,beta1re,beta1im,sigma1re,sigma1im,mu1re,mu1im,alpha0,alpha1,b_star,corresponding_negative_eigenvalues
0.2,0.3,1,1.1,1.0,-0.4999999999999978,1,1.1,0.2,0.3,-0.5,-0.09999999999999831,0.0,0.0,"[0.01 0.02 0.03 0.04 0.05 0.06 0.07 0.08 0.09 0.1  0.11 0.12 0.13 0.14
 0.15 0.16 0.17 0.18 0.19 0.2  0.21 0.22 0.23 0.24 0.25 0.26 0.27 0.28
 0.29 0.3  0.31 0.32 0.33 0.34 0.35 0.36 0.37 0.38 0.39 0.4  0.41 0.42
 0.43 0.44 0.45 0.46 0.47 0.48 0.49 0.5  0.51 0.52 0.53 0.54 0.55 0.56
 0.57 0.58 0.59]","[-2.75888105e-05 -1.09922176e-04 -2.45709953e-04 -4.32832013e-04
 -6.68383187e-04 -9.48735578e-04 -1.26961741e-03 -1.62620701e-03
 -2.01323979e-03 -2.42512536e-03 -2.85607123e-03 -3.30020861e-03
 -3.75171583e-03 -4.20493463e-03 -4.65447478e-03 -5.09530343e-03
 -5.52281652e-03 -5.93289059e-03 -6.32191496e-03 -6.68680492e-03
 -7.02499812e-03 -7.33443649e-03 -7.61353680e-03 -7.86115286e-03
 -8.07653242e-03 -8.25927124e-03 -8.40926666e-03 -8.52667240e-03
 -8.61185585e-03 -8.66535873e-03 -8.68786168e-03 -8.68015287e-03
 -8.64310078e-03 -8.57763083e-03 -8.48470575e-03 -8.36530918e-03
 -8.22043229e-03 -8.05106294e-03 -7.85817711e-03 -7.64273221e-03
 -7.40566197e-03 -7.14787276e-03 -6.87024087e-03 -6.57361080e-03
 -6.25879425e-03 -5.92656963e-03 -5.57768212e-03 -5.21284401e-03
 -4.83273533e-03 -4.43800472e-03 -4.02927039e-03 -3.60712121e-03
 -3.17211787e-03 -2.72479405e-03 -2.26565762e-03 -1.79519186e-03
 -1.31385661e-03 -8.22089459e-04 -3.20306809e-04]"
