sigma0re,sigma0im,beta0re,beta0im,mu0re,mu0im,beta1re,beta1im,sigma1re,sigma1im,mu1re,mu1im,alpha0,alpha1,b_star,corresponding_negative_eigenvalues
0.2,0.3,1,1.1,1.0,-1.799999999999999,1,1.1,0.2,0.3,-0.5,-2.0,0.1,0.1,"[0.17 0.18 0.19 0.2  0.21 0.22 0.23 0.24 0.25 0.26 0.27 0.28 0.29 0.3
 0.31 0.32 0.33 0.34 0.35 0.36 0.37 0.38 0.39 0.4  0.41 0.42 0.43 0.44
 0.45 0.46 0.47 0.48 0.49 0.5  0.51 0.52 0.53 0.54 0.55 0.56 0.57 0.58
 0.59 0.6  0.61 0.62 0.63 0.64 0.65 0.66 0.67 0.68 0.69 0.7  0.71 0.72
 0.73 0.74 0.75 0.76 0.77 0.78]","[-0.00398627 -0.01774783 -0.03369247 -0.05224434 -0.07406836 -0.1003107
 -0.13329259 -0.13400762 -0.13132093 -0.12863979 -0.1259643  -0.1232946
 -0.1206308  -0.11797306 -0.11532152 -0.11267634 -0.11003769 -0.10740576
 -0.10478072 -0.10216278 -0.09955213 -0.096949   -0.09435359 -0.09176614
 -0.08918688 -0.08661605 -0.0840539  -0.08150067 -0.07895663 -0.07642203
 -0.07389714 -0.07138222 -0.06887754 -0.06638337 -0.06389999 -0.06142766
 -0.05896665 -0.05651723 -0.05407967 -0.05165423 -0.04924117 -0.04684075
 -0.04445322 -0.04207882 -0.0397178  -0.03737038 -0.0350368  -0.03271726
 -0.03041198 -0.02812115 -0.02584497 -0.0235836  -0.02133723 -0.019106
 -0.01689005 -0.01468952 -0.01250453 -0.01033519 -0.00818158 -0.00604378
 -0.00392185 -0.00181585]"
