sigma0re,sigma0im,beta0re,beta0im,mu0re,mu0im,beta1re,beta1im,sigma1re,sigma1im,mu1re,mu1im,alpha0,alpha1,b_star,corresponding_negative_eigenvalues
0.2,0.3,1,1.1,1.0,-0.2999999999999976,1,1.1,0.2,0.3,-0.5,-0.49999999999999867,0.0,0.0,"[0.01 0.02 0.03 0.04 0.05 0.06 0.07 0.08 0.09 0.1  0.11 0.12 0.13 0.14
 0.15 0.16 0.17 0.18 0.19 0.2  0.21 0.22 0.23 0.24 0.25 0.26 0.27 0.28
 0.29 0.3  0.31 0.32 0.33 0.34 0.35 0.36 0.37 0.38 0.39 0.4  0.41 0.42
 0.43 0.44]","[-8.27838203e-05 -3.30038252e-04 -7.38451057e-04 -1.30243389e-03
 -2.01402952e-03 -2.86280129e-03 -3.83572572e-03 -4.91711743e-03
 -6.08862300e-03 -7.32932624e-03 -8.61600839e-03 -9.92359931e-03
 -1.12258373e-02 -1.24961252e-02 -1.37085307e-02 -1.48388427e-02
 -1.58655659e-02 -1.67707368e-02 -1.75404632e-02 -1.81651397e-02
 -1.86393432e-02 -1.89614632e-02 -1.91331471e-02 -1.91586532e-02
 -1.90441912e-02 -1.87973093e-02 -1.84263641e-02 -1.79400895e-02
 -1.73472649e-02 -1.66564727e-02 -1.58759323e-02 -1.50133949e-02
 -1.40760849e-02 -1.30706766e-02 -1.20032934e-02 -1.08795255e-02
 -9.70445604e-03 -8.48269462e-03 -7.21841275e-03 -5.91538052e-03
 -4.57700236e-03 -3.20635114e-03 -1.80620022e-03 -3.79053041e-04]"
