sigma0re,sigma0im,beta0re,beta0im,mu0re,mu0im,beta1re,beta1im,sigma1re,sigma1im,mu1re,mu1im,alpha0,alpha1,b_star,corresponding_negative_eigenvalues
0.2,0.3,1,1.1,1.0,-0.799999999999998,1,1.1,0.2,0.3,-0.5,-0.9999999999999991,0.1,0.1,"[0.01 0.02 0.03 0.04 0.05 0.06 0.07 0.08 0.09 0.1  0.11 0.12 0.13 0.14
 0.15 0.16 0.17 0.18 0.19 0.2  0.21 0.22 0.23 0.24 0.25 0.26 0.27 0.28
 0.29 0.3  0.31 0.32 0.33 0.34 0.35 0.36 0.37 0.38 0.39 0.4  0.41 0.42
 0.43 0.44 0.45 0.46 0.47 0.48 0.49 0.5  0.51 0.52 0.53 0.54 0.55 0.56
 0.57 0.58 0.59 0.6  0.61 0.62 0.63 0.64 0.65]","[-0.00035115 -0.001411   -0.00319947 -0.00575212 -0.00912447 -0.01339966
 -0.01870249 -0.02522648 -0.03329188 -0.04349156 -0.05717268 -0.07930868
 -0.08849542 -0.07978818 -0.07938686 -0.08157824 -0.08518934 -0.08980135
 -0.09523297 -0.10140365 -0.10634791 -0.10368163 -0.10100702 -0.09833253
 -0.09566393 -0.09300519 -0.09035905 -0.08772743 -0.08511164 -0.08251257
 -0.0799308  -0.07736668 -0.0748204  -0.07229202 -0.06978151 -0.06728878
 -0.06481367 -0.06235602 -0.05991562 -0.05749224 -0.05508566 -0.05269563
 -0.05032191 -0.04796427 -0.04562246 -0.04329625 -0.0409854  -0.03868968
 -0.03640888 -0.03414278 -0.03189117 -0.02965386 -0.02743064 -0.02522133
 -0.02302575 -0.02084372 -0.01867508 -0.01651966 -0.0143773  -0.01224786
 -0.01013119 -0.00802716 -0.00593562 -0.00385646 -0.00178953]"
