sigma0re,sigma0im,beta0re,beta0im,mu0re,mu0im,beta1re,beta1im,sigma1re,sigma1im,mu1re,mu1im,alpha0,alpha1,b_star,corresponding_negative_eigenvalues
0.2,0.3,1,1.1,1.0,1.600000000000004,1,1.1,0.2,0.3,-0.5,1.6000000000000032,0.0,0.0,"[0.24 0.25 0.26 0.27 0.28 0.29 0.3  0.31 0.32 0.33 0.34 0.35 0.36 0.37
 0.38 0.39 0.4  0.41 0.42 0.43 0.44 0.45 0.46 0.47 0.48 0.49 0.5  0.51
 0.52 0.53 0.54 0.55 0.56 0.57 0.58 0.59 0.6  0.61 0.62 0.63 0.64 0.65
 0.66 0.67 0.68 0.69 0.7  0.71 0.72 0.73 0.74 0.75 0.76 0.77 0.78 0.79
 0.8 ]","[-1.20787929e-02 -5.19027780e-02 -1.29617679e-01 -1.27022910e-01
 -1.24437872e-01 -1.21862520e-01 -1.19296790e-01 -1.16740600e-01
 -1.14193856e-01 -1.11656448e-01 -1.09128256e-01 -1.06609147e-01
 -1.04098983e-01 -1.01597613e-01 -9.91048818e-02 -9.66206282e-02
 -9.41446856e-02 -9.16768837e-02 -8.92170489e-02 -8.67650055e-02
 -8.43205757e-02 -8.18835809e-02 -7.94538422e-02 -7.70311802e-02
 -7.46154164e-02 -7.22063732e-02 -6.98038739e-02 -6.74077438e-02
 -6.50178098e-02 -6.26339011e-02 -6.02558489e-02 -5.78834874e-02
 -5.55166531e-02 -5.31551855e-02 -5.07989270e-02 -4.84477229e-02
 -4.61014218e-02 -4.37598753e-02 -4.14229383e-02 -3.90904688e-02
 -3.67623282e-02 -3.44383810e-02 -3.21184950e-02 -2.98025412e-02
 -2.74903940e-02 -2.51819307e-02 -2.28770319e-02 -2.05755814e-02
 -1.82774659e-02 -1.59825754e-02 -1.36908026e-02 -1.14020433e-02
 -9.11619613e-03 -6.83316260e-03 -4.55284697e-03 -2.27515622e-03
 -4.44089210e-16]"
