sigma0re,sigma0im,beta0re,beta0im,mu0re,mu0im,beta1re,beta1im,sigma1re,sigma1im,mu1re,mu1im,alpha0,alpha1,b_star,corresponding_negative_eigenvalues
0.2,0.3,1,1.1,1.0,2.800000000000005,1,1.1,0.2,0.3,-0.5,0.5000000000000022,0.1,0.1,"[0.1  0.11 0.12 0.13 0.14 0.15 0.16 0.17 0.18 0.19 0.2  0.21 0.22 0.23
 0.24 0.25 0.26 0.27 0.28 0.29 0.3  0.31 0.32 0.33 0.34 0.35 0.36 0.37
 0.38 0.39 0.4  0.41 0.42 0.43 0.44 0.45 0.46 0.47 0.48 0.49 0.5  0.51
 0.52 0.53 0.54 0.55 0.56 0.57 0.58 0.59 0.6  0.61 0.62 0.63 0.64 0.65
 0.66 4.35 4.36 4.37 4.38 4.39 4.4  4.41 4.42 4.43 4.44 4.45 4.46 4.47
 4.48 4.49 4.5  4.51 4.52 4.53 4.54 4.55 4.56 4.57 4.58 4.59 4.6  4.61
 4.62 4.63 4.64 4.65 4.66 4.67 4.68 4.69 4.7  4.71 4.72 4.73 4.74 4.75
 4.76 4.77 4.78 4.79 4.8  4.81 4.82 4.83 4.84 4.85 4.86 4.87 4.88 4.89
 4.9  4.91 4.92 4.93 4.94 4.95 4.96 4.97 4.98 4.99 5.  ]","[-0.00090942 -0.00407962 -0.00768843 -0.01173249 -0.016213   -0.02113522
 -0.02650825 -0.03234497 -0.0386622  -0.04548108 -0.05282762 -0.06073365
 -0.06923803 -0.07838846 -0.08824401 -0.09887888 -0.10282731 -0.09989463
 -0.09699699 -0.09413251 -0.09129947 -0.08849622 -0.08572127 -0.08297319
 -0.08025066 -0.07755246 -0.07487742 -0.07222447 -0.06959262 -0.0669809
 -0.06438846 -0.06181447 -0.05925816 -0.05671881 -0.05419575 -0.05168836
 -0.04919604 -0.04671826 -0.04425449 -0.04180427 -0.03936713 -0.03694267
 -0.03453049 -0.03213023 -0.02974155 -0.02736413 -0.02499767 -0.02264191
 -0.02029658 -0.01796145 -0.0156363  -0.01332091 -0.0110151  -0.0087187
 -0.00643153 -0.00415345 -0.00188432 -0.00230308 -0.00554646 -0.00881209
 -0.01210003 -0.01541028 -0.0187429  -0.02209791 -0.02547534 -0.02887522
 -0.03229758 -0.03574247 -0.03920989 -0.0426999  -0.04621252 -0.04974777
 -0.0533057  -0.05688633 -0.06048969 -0.06411582 -0.06776474 -0.07143648
 -0.07513108 -0.07884857 -0.08258897 -0.08635231 -0.09013863 -0.09394796
 -0.09778032 -0.10163575 -0.10551427 -0.10941592 -0.11334072 -0.1172887
 -0.1212599  -0.12525434 -0.12927205 -0.13331306 -0.13737739 -0.14146509
 -0.14557617 -0.14971067 -0.15386861 -0.15805003 -0.16225495 -0.16648339
 -0.17073539 -0.17501098 -0.17931018 -0.18363302 -0.18797954 -0.19234975
 -0.19674368 -0.20116137 -0.20560283 -0.2100681  -0.21455721 -0.21907018
 -0.22360704 -0.22816781 -0.23275252 -0.23736121 -0.24199388 -0.24665059
 -0.25133134 -0.25603616 -0.26076509]"
