sigma0re,sigma0im,beta0re,beta0im,mu0re,mu0im,beta1re,beta1im,sigma1re,sigma1im,mu1re,mu1im,alpha0,alpha1,b_star,corresponding_negative_eigenvalues
0.2,0.3,1,1.1,1.0,1.600000000000004,1,1.1,0.2,0.3,-0.5,0.10000000000000187,0.1,0.1,"[0.01 0.02 0.03 0.04 0.05 0.06 0.07 0.08 0.09 0.1  0.11 0.12 0.13 0.14
 0.15 0.16 0.17 0.18 0.19 0.2  0.21 0.22 0.23 0.24 0.25 0.26 0.27 0.28
 0.29]","[-8.33219941e-05 -3.31697495e-04 -7.40307784e-04 -1.30096930e-03
 -2.00192450e-03 -2.82759157e-03 -3.75832361e-03 -4.77025097e-03
 -5.83530441e-03 -6.92153379e-03 -7.99383406e-03 -9.01515235e-03
 -9.94816806e-03 -1.07573171e-02 -1.14109063e-02 -1.18829846e-02
 -1.21546506e-02 -1.22145941e-02 -1.20588451e-02 -1.16898759e-02
 -1.11153028e-02 -1.03464509e-02 -9.39699276e-03 -8.28179114e-03
 -7.01600117e-03 -5.61442826e-03 -4.09110837e-03 -2.45906403e-03
 -7.30189727e-04]"
