sigma0re,sigma0im,beta0re,beta0im,mu0re,mu0im,beta1re,beta1im,sigma1re,sigma1im,mu1re,mu1im,alpha0,alpha1,b_star,corresponding_negative_eigenvalues
0.2,0.3,1,1.1,1.0,1.1000000000000032,1,1.1,0.2,0.3,-0.5,1.9000000000000035,0.1,0.1,"[0.3  0.31 0.32 0.33 0.34 0.35 0.36 0.37 0.38 0.39 0.4  0.41 0.42 0.43
 0.44 0.45 0.46 0.47 0.48 0.49 0.5 ]","[-0.0204778  -0.0671984  -0.06363524 -0.06009559 -0.05657816 -0.05308171
 -0.04960511 -0.04614729 -0.04270726 -0.0392841  -0.03587694 -0.03248498
 -0.02910745 -0.02574367 -0.02239297 -0.01905474 -0.01572843 -0.01241348
 -0.00910942 -0.00581579 -0.00253214]"
