sigma0re,sigma0im,beta0re,beta0im,mu0re,mu0im,beta1re,beta1im,sigma1re,sigma1im,mu1re,mu1im,alpha0,alpha1,b_star,corresponding_negative_eigenvalues
0.2,0.3,1,1.1,1.0,-0.5999999999999979,1,1.1,0.2,0.3,-0.5,-0.5999999999999988,0.1,0.1,"[0.01 0.02 0.03 0.04 0.05 0.06 0.07 0.08 0.09 0.1  0.11 0.12 0.13 0.14
 0.15 0.16 0.17 0.18 0.19 0.2  0.21 0.22 0.23 0.24 0.25 0.26 0.27 0.28
 0.29 0.3  0.31 0.32 0.33 0.34 0.35 0.36 0.37 0.38 0.39 0.4  0.41 0.42
 0.43 0.44 0.45 0.46 0.47 0.48 0.49 0.5  0.51 0.52 0.53 0.54 0.55 0.56
 0.57 0.58 0.59 0.6  0.61 0.62 0.63 0.64 0.65 0.66 0.67 0.68 0.69 0.7
 0.71 0.72 0.73 0.74 0.75 0.76 0.77 0.78 0.79 0.8  0.81 0.82 0.83 0.84
 0.85 0.86 4.63 4.64 4.65 4.66 4.67 4.68 4.69 4.7  4.71 4.72 4.73 4.74
 4.75 4.76 4.77 4.78 4.79 4.8  4.81 4.82 4.83 4.84 4.85 4.86 4.87 4.88
 4.89 4.9  4.91 4.92 4.93 4.94 4.95 4.96 4.97 4.98 4.99 5.  ]","[-0.00015702 -0.00062815 -0.00141365 -0.00251377 -0.00392868 -0.00565811
 -0.00770102 -0.01005493 -0.01271514 -0.01567357 -0.01891714 -0.02242572
 -0.02616944 -0.03010564 -0.03417581 -0.03830346 -0.0423946  -0.04634254
 -0.05003804 -0.05338335 -0.05630597 -0.05876681 -0.06076025 -0.06230743
 -0.06344664 -0.06422423 -0.06468794 -0.06488292 -0.06484965 -0.06462336
 -0.06423412 -0.06370734 -0.06306433 -0.06232296 -0.06149822 -0.06060267
 -0.0596469  -0.05863984 -0.05758906 -0.056501   -0.05538116 -0.05423427
 -0.05306438 -0.051875   -0.05066917 -0.04944953 -0.04821841 -0.04697781
 -0.04572953 -0.04447513 -0.04321599 -0.04195335 -0.0406883  -0.03942181
 -0.03815474 -0.03688789 -0.03562195 -0.03435755 -0.03309525 -0.03183558
 -0.03057899 -0.0293259  -0.0280767  -0.02683174 -0.02559134 -0.02435579
 -0.02312535 -0.02190028 -0.02068079 -0.0194671  -0.01825939 -0.01705785
 -0.01586263 -0.0146739  -0.01349178 -0.01231643 -0.01114794 -0.00998645
 -0.00883207 -0.00768488 -0.00654498 -0.00541247 -0.00428743 -0.00316994
 -0.00206007 -0.00095789 -0.00039028 -0.0009048  -0.00142141 -0.0019401
 -0.00246087 -0.00298371 -0.00350862 -0.0040356  -0.00456464 -0.00509574
 -0.00562889 -0.00616409 -0.00670134 -0.00724063 -0.00778195 -0.00832531
 -0.00887069 -0.00941809 -0.00996752 -0.01051895 -0.01107239 -0.01162783
 -0.01218526 -0.01274469 -0.0133061  -0.01386949 -0.01443485 -0.01500218
 -0.01557147 -0.01614271 -0.0167159  -0.01729103 -0.0178681  -0.0184471
 -0.01902802 -0.01961085 -0.02019559 -0.02078224]"
