sigma0re,sigma0im,beta0re,beta0im,mu0re,mu0im,beta1re,beta1im,sigma1re,sigma1im,mu1re,mu1im,alpha0,alpha1,b_star,corresponding_negative_eigenvalues
0.2,0.3,1,1.1,1.0,-0.4999999999999978,1,1.1,0.2,0.3,-0.5,-1.7999999999999998,0.1,0.1,"[0.01 0.02 0.03 0.04 0.05 0.06 0.07 0.08 0.09 0.1  0.11 0.12 0.13 0.14
 0.15 0.16 0.17 0.18 0.19 0.2  0.21 0.22 0.23 0.24 0.25 0.26]","[-0.00039289 -0.00157467 -0.00355419 -0.00634413 -0.00995638 -0.01439159
 -0.0196162  -0.0255146  -0.03180223 -0.03791933 -0.04305017 -0.04646593
 -0.04794473 -0.04774571 -0.04628734 -0.04393789 -0.04096631 -0.03755738
 -0.03383658 -0.02988985 -0.02577699 -0.02154037 -0.01721053 -0.01280985
 -0.00835499 -0.00385848]"
