sigma0re,sigma0im,beta0re,beta0im,mu0re,mu0im,beta1re,beta1im,sigma1re,sigma1im,mu1re,mu1im,alpha0,alpha1,b_star,corresponding_negative_eigenvalues
0.2,0.3,1,1.1,1.0,-1.3999999999999986,1,1.1,0.2,0.3,-0.5,-1.6999999999999997,0.1,0.1,"[0.17 0.18 0.19 0.2  0.21 0.22 0.23 0.24 0.25 0.26 0.27 0.28 0.29 0.3
 0.31 0.32 0.33 0.34 0.35 0.36 0.37 0.38 0.39 0.4  0.41 0.42 0.43 0.44
 0.45 0.46 0.47 0.48 0.49 0.5  0.51 0.52 0.53 0.54 0.55 0.56 0.57 0.58
 0.59 0.6  0.61 0.62 0.63 0.64 0.65 0.66 0.67 0.68 0.69]","[-0.00753355 -0.01722088 -0.02814335 -0.04042999 -0.05425597 -0.0698656
 -0.08761364 -0.10804666 -0.1202702  -0.11724301 -0.11423048 -0.11123272
 -0.10824981 -0.10528186 -0.10232892 -0.09939107 -0.09646836 -0.09356083
 -0.09066852 -0.08779145 -0.08492964 -0.08208312 -0.07925188 -0.07643594
 -0.0736353  -0.07084994 -0.06807987 -0.06532507 -0.06258552 -0.05986122
 -0.05715214 -0.05445826 -0.05177957 -0.04911603 -0.04646763 -0.04383433
 -0.04121611 -0.03861294 -0.03602478 -0.03345162 -0.0308934  -0.02835011
 -0.0258217  -0.02330813 -0.02080938 -0.0183254  -0.01585614 -0.01340158
 -0.01096165 -0.00853633 -0.00612556 -0.00372928 -0.00134746]"
