sigma0re,sigma0im,beta0re,beta0im,mu0re,mu0im,beta1re,beta1im,sigma1re,sigma1im,mu1re,mu1im,alpha0,alpha1,b_star,corresponding_negative_eigenvalues
0.2,0.3,1,1.1,1.0,-2.9,1,1.1,0.2,0.3,-0.5,-0.6999999999999988,0.0,0.0,"[0.26 0.27 0.28 0.29 0.3  0.31 0.32 0.33 0.34 0.35 0.36 0.37 0.38 0.39
 0.4  0.41 0.42 0.43 0.44 0.45 0.46 0.47 0.48 0.49 0.5  0.51 0.52 0.53
 0.54 0.55 0.56 0.57 0.58 0.59 0.6  0.61 0.62 0.63 0.64 0.65 0.66 0.67
 0.68 0.69 0.7  0.71 0.72 0.73 0.74 0.75]","[-0.02122743 -0.06851168 -0.11887165 -0.11616876 -0.1134797  -0.11080425
 -0.10814213 -0.10549306 -0.10285676 -0.10023293 -0.09762128 -0.0950215
 -0.09243327 -0.08985631 -0.08729029 -0.08473491 -0.08218987 -0.07965487
 -0.0771296  -0.07461378 -0.07210712 -0.06960933 -0.06712013 -0.06463926
 -0.06216645 -0.05970142 -0.05724394 -0.05479376 -0.05235062 -0.0499143
 -0.04748456 -0.04506119 -0.04264397 -0.04023268 -0.03782712 -0.0354271
 -0.03303241 -0.03064288 -0.02825832 -0.02587856 -0.02350342 -0.02113275
 -0.01876638 -0.01640415 -0.01404592 -0.01169155 -0.00934088 -0.00699379
 -0.00465015 -0.00230982]"
