sigma0re,sigma0im,beta0re,beta0im,mu0re,mu0im,beta1re,beta1im,sigma1re,sigma1im,mu1re,mu1im,alpha0,alpha1,b_star,corresponding_negative_eigenvalues
0.2,0.3,1,1.1,1.0,-0.09999999999999742,1,1.1,0.2,0.3,-0.5,-0.6999999999999988,0.0,0.0,"[0.01 0.02 0.03 0.04 0.05 0.06 0.07 0.08 0.09 0.1  0.11 0.12 0.13 0.14
 0.15 0.16]","[-3.84927461e-05 -1.51786705e-04 -3.33351440e-04 -5.72387660e-04
 -8.53988533e-04 -1.15942921e-03 -1.46663608e-03 -1.75088186e-03
 -1.98573043e-03 -2.14421400e-03 -2.20017156e-03 -2.12962264e-03
 -1.91201536e-03 -1.53118792e-03 -9.75924923e-04 -2.40063309e-04]"
