sigma0re,sigma0im,beta0re,beta0im,mu0re,mu0im,beta1re,beta1im,sigma1re,sigma1im,mu1re,mu1im,alpha0,alpha1,b_star,corresponding_negative_eigenvalues
0.2,0.3,1,1.1,1.0,0.8000000000000034,1,1.1,0.2,0.3,-0.5,1.8000000000000034,0.1,0.1,[0.33 0.34 0.35 0.36 0.37 0.38 0.39 0.4 ],"[-0.027817   -0.02387836 -0.01995542 -0.01604722 -0.01215287 -0.00827154
 -0.00440247 -0.00054496]"
