sigma0re,sigma0im,beta0re,beta0im,mu0re,mu0im,beta1re,beta1im,sigma1re,sigma1im,mu1re,mu1im,alpha0,alpha1,b_star,corresponding_negative_eigenvalues
0.2,0.3,1,1.1,1.0,0.8000000000000034,1,1.1,0.2,0.3,-0.5,0.8000000000000025,0.1,0.1,"[0.33 0.34 0.35 0.36 0.37 0.38 0.39 0.4  0.41 0.42 0.43 0.44 0.45 0.46
 0.47 0.48 0.49 0.5  0.51 0.52 0.53 0.54 0.55 0.56 0.57 0.58 0.59 0.6
 0.61 0.62 0.63 0.64 0.65 0.66 0.67 0.68 0.69 0.7  0.71 0.72 0.73 0.74
 0.75 0.76 0.77 0.78 0.79 0.8  0.81 0.82 0.83 0.84 0.85 0.86 0.87 0.88
 0.89 0.9  0.91 0.92 0.93 0.94 0.95 0.96 0.97 0.98 0.99 1.   1.01 1.02
 1.03 1.04 1.05 1.06 1.07 1.08 1.09 1.1  1.11 1.12 1.13 1.14 1.15 1.16
 1.17 1.18 1.19 1.2  1.21 1.22 1.23 1.24 1.25 1.26 1.27]","[-0.00744528 -0.02239774 -0.04280513 -0.08255588 -0.09987214 -0.09836995
 -0.09688346 -0.09541236 -0.09395634 -0.09251507 -0.0910882  -0.08967541
 -0.08827634 -0.08689066 -0.08551804 -0.08415816 -0.08281068 -0.0814753
 -0.08015171 -0.07883962 -0.07753872 -0.07624876 -0.07496944 -0.07370051
 -0.07244171 -0.0711928  -0.06995353 -0.06872368 -0.06750302 -0.06629134
 -0.06508843 -0.06389409 -0.06270812 -0.06153035 -0.06036058 -0.05919865
 -0.05804439 -0.05689763 -0.05575822 -0.05462602 -0.05350087 -0.05238264
 -0.05127119 -0.05016639 -0.04906811 -0.04797625 -0.04689067 -0.04581128
 -0.04473795 -0.04367059 -0.0426091  -0.04155338 -0.04050334 -0.03945888
 -0.03841993 -0.03738639 -0.0363582  -0.03533526 -0.03431751 -0.03330488
 -0.0322973  -0.03129469 -0.030297   -0.02930417 -0.02831613 -0.02733283
 -0.02635422 -0.02538024 -0.02441084 -0.02344597 -0.02248558 -0.02152964
 -0.02057809 -0.01963089 -0.01868801 -0.01774941 -0.01681504 -0.01588488
 -0.01495889 -0.01403703 -0.01311927 -0.0122056  -0.01129596 -0.01039034
 -0.00948871 -0.00859105 -0.00769732 -0.00680752 -0.0059216  -0.00503956
 -0.00416136 -0.003287   -0.00241645 -0.00154969 -0.00068671]"
