sigma0re,sigma0im,beta0re,beta0im,mu0re,mu0im,beta1re,beta1im,sigma1re,sigma1im,mu1re,mu1im,alpha0,alpha1,b_star,corresponding_negative_eigenvalues
0.2,0.3,1,1.1,1.0,2.7000000000000046,1,1.1,0.2,0.3,-0.5,0.7000000000000024,0.0,0.0,"[0.17 0.18 0.19 0.2  0.21 0.22 0.23 0.24 0.25 0.26 0.27 0.28 0.29 0.3
 0.31 0.32 0.33 0.34 0.35 0.36 0.37 0.38 0.39 0.4  0.41 0.42 0.43 0.44
 0.45 0.46 0.47 0.48 0.49 0.5  0.51 0.52 0.53 0.54 0.55 0.56 0.57 0.58
 0.59 0.6  0.61 0.62 0.63 0.64 0.65 0.66 0.67 0.68 0.69 0.7  0.71 0.72
 0.73 0.74 0.75 0.76 0.77 0.78 0.79 0.8  0.81 0.82 0.83 0.84]","[-0.00235212 -0.01147325 -0.02178036 -0.03339742 -0.04649359 -0.06130583
 -0.07817965 -0.09764981 -0.12062283 -0.13127079 -0.1287775  -0.12629675
 -0.12382841 -0.12137235 -0.11892841 -0.11649643 -0.11407622 -0.11166759
 -0.10927033 -0.10688423 -0.10450906 -0.10214461 -0.09979063 -0.09744689
 -0.09511316 -0.09278921 -0.09047478 -0.08816965 -0.08587358 -0.08358633
 -0.08130768 -0.07903739 -0.07677523 -0.07452098 -0.07227443 -0.07003535
 -0.06780353 -0.06557876 -0.06336084 -0.06114957 -0.05894475 -0.05674619
 -0.0545537  -0.05236711 -0.05018623 -0.04801088 -0.04584091 -0.04367614
 -0.04151641 -0.03936158 -0.03721147 -0.03506595 -0.03292488 -0.03078811
 -0.0286555  -0.02652693 -0.02440226 -0.02228137 -0.02016413 -0.01805044
 -0.01594017 -0.01383321 -0.01172946 -0.00962881 -0.00753115 -0.0054364
 -0.00334444 -0.0012552 ]"
