sigma0re,sigma0im,beta0re,beta0im,mu0re,mu0im,beta1re,beta1im,sigma1re,sigma1im,mu1re,mu1im,alpha0,alpha1,b_star,corresponding_negative_eigenvalues
0.2,0.3,1,1.1,1.0,-1.0999999999999983,1,1.1,0.2,0.3,-0.5,-1.6999999999999997,0.1,0.1,"[0.12 0.13 0.14 0.15 0.16 0.17 0.18 0.19 0.2  0.21 0.22 0.23 0.24 0.25
 0.26 0.27 0.28 0.29 0.3  0.31 0.32 0.33 0.34 0.35 0.36 0.37 0.38 0.39
 0.4  0.41 0.42 0.43 0.44 0.45 0.46 0.47 0.48 0.49 0.5  0.51 0.52 0.53]","[-0.00166285 -0.00705847 -0.01318858 -0.02007216 -0.0277375  -0.03622345
 -0.0455814  -0.05587828 -0.06720104 -0.07966358 -0.09341765 -0.10176126
 -0.0979839  -0.0942419  -0.0905341  -0.08685936 -0.08321659 -0.07960473
 -0.07602277 -0.07246973 -0.06894468 -0.06544673 -0.06197503 -0.05852877
 -0.05510719 -0.05170953 -0.04833511 -0.04498326 -0.04165335 -0.03834477
 -0.03505695 -0.03178934 -0.02854143 -0.02531271 -0.02210273 -0.01891102
 -0.01573716 -0.01258074 -0.00944137 -0.00631868 -0.00321231 -0.00012191]"
