sigma0re,sigma0im,beta0re,beta0im,mu0re,mu0im,beta1re,beta1im,sigma1re,sigma1im,mu1re,mu1im,alpha0,alpha1,b_star,corresponding_negative_eigenvalues
0.2,0.3,1,1.1,1.0,-1.899999999999999,1,1.1,0.2,0.3,-0.5,-1.9,0.1,0.1,"[0.18 0.19 0.2  0.21 0.22 0.23 0.24 0.25 0.26 0.27 0.28 0.29 0.3  0.31
 0.32 0.33 0.34 0.35 0.36 0.37 0.38 0.39 0.4  0.41 0.42 0.43 0.44 0.45
 0.46 0.47 0.48 0.49 0.5  0.51 0.52 0.53 0.54 0.55 0.56 0.57 0.58 0.59
 0.6  0.61 0.62 0.63 0.64 0.65 0.66 0.67 0.68 0.69 0.7  0.71 0.72 0.73
 0.74 0.75 0.76 0.77 0.78 0.79 0.8  0.81 0.82 0.83 0.84 0.85 0.86 0.87
 0.88 0.89 0.9  0.91 0.92 0.93]","[-9.20595498e-03 -2.46249172e-02 -4.26198963e-02 -6.38335474e-02
 -8.93632973e-02 -1.21395326e-01 -1.43242817e-01 -1.40918505e-01
 -1.38596910e-01 -1.36278026e-01 -1.33961861e-01 -1.31648431e-01
 -1.29337768e-01 -1.27029914e-01 -1.24724928e-01 -1.22422880e-01
 -1.20123858e-01 -1.17827962e-01 -1.15535310e-01 -1.13246035e-01
 -1.10960288e-01 -1.08678234e-01 -1.06400057e-01 -1.04125957e-01
 -1.01856154e-01 -9.95908801e-02 -9.73303891e-02 -9.50749495e-02
 -9.28248471e-02 -9.05803838e-02 -8.83418773e-02 -8.61096609e-02
 -8.38840821e-02 -8.16655024e-02 -7.94542966e-02 -7.72508511e-02
 -7.50555636e-02 -7.28688419e-02 -7.06911024e-02 -6.85227690e-02
 -6.63642721e-02 -6.42160468e-02 -6.20785318e-02 -5.99521678e-02
 -5.78373963e-02 -5.57346581e-02 -5.36443914e-02 -5.15670308e-02
 -4.95030060e-02 -4.74527395e-02 -4.54166463e-02 -4.33951315e-02
 -4.13885897e-02 -3.93974032e-02 -3.74219410e-02 -3.54625573e-02
 -3.35195905e-02 -3.15933623e-02 -2.96841761e-02 -2.77923163e-02
 -2.59180474e-02 -2.40616129e-02 -2.22232344e-02 -2.04031113e-02
 -1.86014195e-02 -1.68183111e-02 -1.50539135e-02 -1.33083293e-02
 -1.15816354e-02 -9.87388313e-03 -8.18509725e-03 -6.51527626e-03
 -4.86439200e-03 -3.23238959e-03 -1.61918741e-03 -2.46771618e-05]"
