sigma0re,sigma0im,beta0re,beta0im,mu0re,mu0im,beta1re,beta1im,sigma1re,sigma1im,mu1re,mu1im,alpha0,alpha1,b_star,corresponding_negative_eigenvalues
0.2,0.3,1,1.1,1.0,-0.699999999999998,1,1.1,0.2,0.3,-0.5,-1.1999999999999993,0.1,0.1,"[0.01 0.02 0.03 0.04 0.05 0.06 0.07 0.08 0.09 0.1  0.11 0.12 0.13 0.14
 0.15 0.16 0.17 0.18 0.19 0.2  0.21 0.22 0.23 0.24 0.25 0.26 0.27 0.28
 0.29 0.3  0.31 0.32 0.33 0.34 0.35 0.36 0.37 0.38 0.39 0.4  0.41 0.42
 0.43 0.44 0.45 0.46 0.47]","[-0.0003685  -0.00148037 -0.00335536 -0.0060284  -0.00955316 -0.01400799
 -0.01950581 -0.02621032 -0.03436196 -0.04431081 -0.05648538 -0.07070026
 -0.08324936 -0.08957918 -0.09140401 -0.09104869 -0.08959478 -0.08753156
 -0.08510398 -0.08244675 -0.07963967 -0.07673276 -0.07375883 -0.0707401
 -0.06769209 -0.06462586 -0.06154943 -0.0584687  -0.05538806 -0.05231078
 -0.04923935 -0.04617563 -0.04312103 -0.04007661 -0.03704314 -0.03402121
 -0.03101124 -0.02801351 -0.0250282  -0.02205544 -0.01909525 -0.01614765
 -0.01321258 -0.01028999 -0.00737977 -0.00448182 -0.001596  ]"
