sigma0re,sigma0im,beta0re,beta0im,mu0re,mu0im,beta1re,beta1im,sigma1re,sigma1im,mu1re,mu1im,alpha0,alpha1,b_star,corresponding_negative_eigenvalues
0.2,0.3,1,1.1,1.0,-0.8999999999999981,1,1.1,0.2,0.3,-0.5,-0.7999999999999989,0.0,0.0,"[0.01 0.02 0.03 0.04 0.05 0.06 0.07 0.08 0.09 0.1  0.11 0.12 0.13 0.14
 0.15 0.16 0.17 0.18 0.19 0.2  0.21 0.22 0.23 0.24 0.25 0.26 0.27 0.28
 0.29 0.3  0.31 0.32 0.33 0.34 0.35 0.36 0.37 0.38 0.39 0.4  0.41 0.42
 0.43 0.44 0.45 0.46 0.47 0.48 0.49 0.5  0.51 0.52 0.53 0.54 0.55 0.56
 0.57 0.58 0.59 0.6  0.61 0.62 0.63 0.64 0.65 0.66 0.67 0.68 0.69 0.7
 0.71 0.72 0.73 0.74 0.75 0.76 0.77 0.78 0.79 0.8  0.81 0.82 0.83 0.84
 0.85 0.86 0.87 0.88 0.89 0.9  0.91 0.92 0.93 0.94 0.95 0.96]","[-0.00039853 -0.00160295 -0.00364097 -0.00656293 -0.00819708 -0.0091826
 -0.01101642 -0.01330845 -0.01599578 -0.01906326 -0.02251101 -0.02634628
 -0.03058095 -0.03523068 -0.0403148  -0.04585672 -0.05188447 -0.05843178
 -0.0655394  -0.07325707 -0.08164632 -0.09078458 -0.10077143 -0.11173846
 -0.1238658  -0.1232177  -0.12104449 -0.11889812 -0.11677728 -0.11468072
 -0.11260731 -0.11055595 -0.10852564 -0.10651543 -0.10452443 -0.1025518
 -0.10059675 -0.09865854 -0.09673646 -0.09482985 -0.09293809 -0.09106057
 -0.08919674 -0.08734605 -0.08550801 -0.08368213 -0.08186795 -0.08006503
 -0.07827296 -0.07649134 -0.07471979 -0.07295796 -0.07120549 -0.06946207
 -0.06772736 -0.06600108 -0.06428292 -0.06257262 -0.06086992 -0.05917455
 -0.05748626 -0.05580484 -0.05413005 -0.05246167 -0.0507995  -0.04914333
 -0.04749298 -0.04584826 -0.04420899 -0.042575   -0.04094611 -0.03932218
 -0.03770305 -0.03608857 -0.03447859 -0.03287298 -0.0312716  -0.02967432
 -0.02808102 -0.02649158 -0.02490588 -0.0233238  -0.02174524 -0.02017009
 -0.01859825 -0.01702962 -0.01546411 -0.01390161 -0.01234204 -0.01078532
 -0.00923135 -0.00768006 -0.00613136 -0.00458518 -0.00304144 -0.00150007]"
