sigma0re,sigma0im,beta0re,beta0im,mu0re,mu0im,beta1re,beta1im,sigma1re,sigma1im,mu1re,mu1im,alpha0,alpha1,b_star,corresponding_negative_eigenvalues
0.2,0.3,1,1.1,1.0,-0.09999999999999742,1,1.1,0.2,0.3,-0.5,-0.899999999999999,0.0,0.0,[0.01 0.02 0.03 0.04 0.05 0.06 0.07 0.08 0.09 0.1  0.11 0.12 0.13 0.14],"[-4.94330787e-05 -1.94229736e-04 -4.23890449e-04 -7.20972029e-04
 -1.06127001e-03 -1.41426145e-03 -1.74396574e-03 -2.01036571e-03
 -2.17145341e-03 -2.18581812e-03 -2.01550590e-03 -1.62871997e-03
 -1.00188494e-03 -1.20712590e-04]"
