sigma0re,sigma0im,beta0re,beta0im,mu0re,mu0im,beta1re,beta1im,sigma1re,sigma1im,mu1re,mu1im,alpha0,alpha1,b_star,corresponding_negative_eigenvalues
0.2,0.3,1,1.1,1.0,-1.1999999999999984,1,1.1,0.2,0.3,-0.5,-1.6999999999999997,0.0,0.0,"[0.13 0.14 0.15 0.16 0.17 0.18 0.19 0.2  0.21 0.22 0.23 0.24 0.25 0.26
 0.27 0.28 0.29 0.3  0.31 0.32 0.33 0.34 0.35 0.36 0.37 0.38 0.39 0.4
 0.41 0.42 0.43 0.44 0.45 0.46 0.47 0.48 0.49 0.5  0.51]","[-0.00274866 -0.01003909 -0.01830454 -0.02759564 -0.0379824  -0.04955963
 -0.06245542 -0.07684497 -0.09297403 -0.10630962 -0.10246465 -0.09865025
 -0.09486506 -0.09110777 -0.08737708 -0.08367171 -0.07999046 -0.07633212
 -0.07269557 -0.06907971 -0.06548349 -0.06190589 -0.05834597 -0.0548028
 -0.05127551 -0.04776326 -0.04426526 -0.04078076 -0.03730904 -0.0338494
 -0.03040121 -0.02696385 -0.02353672 -0.02011928 -0.01671099 -0.01331136
 -0.0099199  -0.00653616 -0.00315971]"
