sigma0re,sigma0im,beta0re,beta0im,mu0re,mu0im,beta1re,beta1im,sigma1re,sigma1im,mu1re,mu1im,alpha0,alpha1,b_star,corresponding_negative_eigenvalues
0.2,0.3,1,1.1,1.0,-1.6999999999999988,1,1.1,0.2,0.3,-0.5,-1.7999999999999998,0.1,0.1,"[0.18 0.19 0.2  0.21 0.22 0.23 0.24 0.25 0.26 0.27 0.28 0.29 0.3  0.31
 0.32 0.33 0.34 0.35 0.36 0.37 0.38 0.39 0.4  0.41 0.42 0.43 0.44 0.45
 0.46 0.47 0.48 0.49 0.5  0.51 0.52 0.53 0.54 0.55 0.56 0.57 0.58 0.59
 0.6  0.61 0.62 0.63 0.64 0.65 0.66 0.67 0.68 0.69 0.7  0.71 0.72 0.73
 0.74 0.75 0.76 0.77 0.78 0.79 0.8  0.81 0.82 0.83 0.84]","[-0.00779918 -0.02079877 -0.03572656 -0.05293323 -0.07295283 -0.09666699
 -0.12573485 -0.1348875  -0.13234587 -0.12980952 -0.12727856 -0.12475311
 -0.1222333  -0.11971927 -0.11721117 -0.11470914 -0.11221336 -0.109724
 -0.10724124 -0.10476529 -0.10229634 -0.0998346  -0.09738029 -0.09493364
 -0.09249487 -0.09006424 -0.08764198 -0.08522835 -0.0828236  -0.080428
 -0.0780418  -0.07566529 -0.07329873 -0.07094239 -0.06859656 -0.0662615
 -0.0639375  -0.06162483 -0.05932376 -0.05703457 -0.05475754 -0.05249292
 -0.05024098 -0.04800199 -0.0457762  -0.04356386 -0.04136521 -0.0391805
 -0.03700994 -0.03485376 -0.03271219 -0.03058542 -0.02847364 -0.02637706
 -0.02429583 -0.02223014 -0.02018013 -0.01814595 -0.01612773 -0.01412559
 -0.01213964 -0.01016997 -0.00821666 -0.00627979 -0.00435941 -0.00245555
 -0.00056825]"
