sigma0re,sigma0im,beta0re,beta0im,mu0re,mu0im,beta1re,beta1im,sigma1re,sigma1im,mu1re,mu1im,alpha0,alpha1,b_star,corresponding_negative_eigenvalues
0.2,0.3,1,1.1,1.0,-0.8999999999999981,1,1.1,0.2,0.3,-0.5,-1.7999999999999998,0.1,0.1,"[0.01 0.02 0.03 0.04 0.05 0.06 0.07 0.08 0.09 0.1  0.11 0.12 0.13 0.14
 0.15 0.16 0.17 0.18 0.19 0.2  0.21 0.22 0.23 0.24 0.25 0.26 0.27 0.28
 0.29 0.3  0.31 0.32 0.33 0.34 0.35 0.36 0.37 0.38 0.39 0.4  0.41]","[-0.00071555 -0.00289839 -0.00502118 -0.0059239  -0.00778418 -0.01018953
 -0.01309349 -0.01648934 -0.02038214 -0.0247826  -0.02970544 -0.03516895
 -0.04119522 -0.04781054 -0.0550462  -0.06293944 -0.07153497 -0.08088682
 -0.09106113 -0.08867898 -0.08424062 -0.07985236 -0.07551107 -0.07121392
 -0.0669583  -0.06274186 -0.05856242 -0.05441799 -0.05030673 -0.04622697
 -0.04217712 -0.03815576 -0.03416154 -0.03019322 -0.02624965 -0.02232975
 -0.01843252 -0.01455704 -0.01070241 -0.00686784 -0.00305255]"
