sigma0re,sigma0im,beta0re,beta0im,mu0re,mu0im,beta1re,beta1im,sigma1re,sigma1im,mu1re,mu1im,alpha0,alpha1,b_star,corresponding_negative_eigenvalues
0.2,0.3,1,1.1,1.0,0.8000000000000034,1,1.1,0.2,0.3,-0.5,1.1000000000000028,0.1,0.1,"[0.35 0.36 0.37 0.38 0.39 0.4  0.41 0.42 0.43 0.44 0.45 0.46 0.47 0.48
 0.49 0.5  0.51 0.52 0.53 0.54 0.55 0.56 0.57 0.58 0.59 0.6  0.61 0.62
 0.63 0.64 0.65 0.66 0.67]","[-0.00929739 -0.06277143 -0.06769232 -0.06532464 -0.06297354 -0.06063838
 -0.05831859 -0.05601357 -0.0537228  -0.05144575 -0.04918192 -0.04693083
 -0.04469203 -0.04246509 -0.04024959 -0.03804515 -0.03585139 -0.03366796
 -0.03149451 -0.02933072 -0.0271763  -0.02503094 -0.02289438 -0.02076635
 -0.0186466  -0.01653489 -0.01443101 -0.01233472 -0.01024585 -0.00816418
 -0.00608954 -0.00402175 -0.00196065]"
