sigma0re,sigma0im,beta0re,beta0im,mu0re,mu0im,beta1re,beta1im,sigma1re,sigma1im,mu1re,mu1im,alpha0,alpha1,b_star,corresponding_negative_eigenvalues
0.2,0.3,1,1.1,1.0,1.900000000000004,1,1.1,0.2,0.3,-0.5,1.8000000000000034,0.1,0.1,"[0.25 0.26 0.27 0.28 0.29 0.3  0.31 0.32 0.33 0.34 0.35 0.36 0.37 0.38
 0.39 0.4  0.41 0.42 0.43 0.44 0.45 0.46 0.47 0.48 0.49 0.5  0.51 0.52
 0.53 0.54 0.55 0.56 0.57 0.58 0.59 0.6  0.61 0.62 0.63 0.64 0.65 0.66
 0.67 0.68 0.69 0.7  0.71 0.72 0.73 0.74 0.75 0.76 0.77 0.78 0.79 0.8
 0.81 0.82 0.83 0.84 0.85 0.86 0.87 0.88 0.89 0.9  0.91 0.92 0.93 0.94
 0.95 0.96 0.97 0.98 0.99 1.   1.01 1.02 1.03 1.04 1.05 1.06 1.07 1.08
 1.09 1.1  1.11 1.12 1.13 1.14 1.15 1.16 1.17 1.18 1.19 1.2 ]","[-1.67027045e-02 -5.23988406e-02 -1.43414018e-01 -1.41490057e-01
 -1.39578970e-01 -1.37680631e-01 -1.35794897e-01 -1.33921615e-01
 -1.32060622e-01 -1.30211742e-01 -1.28374794e-01 -1.26549591e-01
 -1.24735937e-01 -1.22933637e-01 -1.21142489e-01 -1.19362291e-01
 -1.17592840e-01 -1.15833932e-01 -1.14085364e-01 -1.12346934e-01
 -1.10618441e-01 -1.08899689e-01 -1.07190481e-01 -1.05490625e-01
 -1.03799933e-01 -1.02118219e-01 -1.00445303e-01 -9.87810067e-02
 -9.71251587e-02 -9.54775904e-02 -9.38381382e-02 -9.22066430e-02
 -9.05829504e-02 -8.89669109e-02 -8.73583793e-02 -8.57572153e-02
 -8.41632832e-02 -8.25764518e-02 -8.09965945e-02 -7.94235892e-02
 -7.78573180e-02 -7.62976676e-02 -7.47445286e-02 -7.31977959e-02
 -7.16573684e-02 -7.01231489e-02 -6.85950440e-02 -6.70729642e-02
 -6.55568234e-02 -6.40465390e-02 -6.25420319e-02 -6.10432262e-02
 -5.95500494e-02 -5.80624318e-02 -5.65803069e-02 -5.51036108e-02
 -5.36322828e-02 -5.21662644e-02 -5.07055001e-02 -4.92499366e-02
 -4.77995232e-02 -4.63542113e-02 -4.49139546e-02 -4.34787091e-02
 -4.20484327e-02 -4.06230852e-02 -3.92026283e-02 -3.77870259e-02
 -3.63762430e-02 -3.49702469e-02 -3.35690060e-02 -3.21724906e-02
 -3.07806724e-02 -2.93935243e-02 -2.80110208e-02 -2.66331377e-02
 -2.52598518e-02 -2.38911413e-02 -2.25269856e-02 -2.11673650e-02
 -1.98122609e-02 -1.84616558e-02 -1.71155330e-02 -1.57738769e-02
 -1.44366726e-02 -1.31039060e-02 -1.17755641e-02 -1.04516342e-02
 -9.13210484e-03 -7.81696481e-03 -6.50620378e-03 -5.19981200e-03
 -3.89778034e-03 -2.60010022e-03 -1.30676361e-03 -1.77629963e-05]"
