sigma0re,sigma0im,beta0re,beta0im,mu0re,mu0im,beta1re,beta1im,sigma1re,sigma1im,mu1re,mu1im,alpha0,alpha1,b_star,corresponding_negative_eigenvalues
0.2,0.3,1,1.1,1.0,1.2000000000000037,1,1.1,0.2,0.3,-0.5,1.8000000000000034,0.1,0.1,"[0.3  0.31 0.32 0.33 0.34 0.35 0.36 0.37 0.38 0.39 0.4  0.41 0.42 0.43
 0.44 0.45 0.46 0.47 0.48 0.49 0.5  0.51 0.52 0.53 0.54 0.55 0.56 0.57
 0.58]","[-0.03300375 -0.08320031 -0.08000988 -0.0768425  -0.0736971  -0.07057265
 -0.06746818 -0.06438276 -0.06131553 -0.05826566 -0.05523237 -0.05221493
 -0.04921264 -0.04622484 -0.04325094 -0.04029033 -0.03734248 -0.03440688
 -0.03148303 -0.02857048 -0.02566881 -0.0227776  -0.01989649 -0.01702511
 -0.01416313 -0.01131024 -0.00846614 -0.00563056 -0.00280323]"
