sigma0re,sigma0im,beta0re,beta0im,mu0re,mu0im,beta1re,beta1im,sigma1re,sigma1im,mu1re,mu1im,alpha0,alpha1,b_star,corresponding_negative_eigenvalues
0.2,0.3,1,1.1,1.0,-0.799999999999998,1,1.1,0.2,0.3,-0.5,-1.0999999999999992,0.1,0.1,"[0.01 0.02 0.03 0.04 0.05 0.06 0.07 0.08 0.09 0.1  0.11 0.12 0.13 0.14
 0.15 0.16 0.17 0.18 0.19 0.2  0.21 0.22 0.23 0.24 0.25 0.26 0.27 0.28
 0.29 0.3  0.31 0.32 0.33 0.34 0.35 0.36 0.37 0.38 0.39 0.4  0.41 0.42
 0.43 0.44 0.45 0.46 0.47 0.48 0.49 0.5  0.51 0.52 0.53 0.54 0.55 0.56
 0.57 0.58 0.59]","[-0.00038654 -0.00155431 -0.00352872 -0.00635568 -0.01010805 -0.01489783
 -0.02089954 -0.02839941 -0.0379147  -0.05056266 -0.06994513 -0.08503762
 -0.07397788 -0.07337644 -0.0754746  -0.07899042 -0.08348941 -0.08878714
 -0.09480131 -0.10150122 -0.10150408 -0.0985348  -0.09557191 -0.09262042
 -0.08968369 -0.08676395 -0.08386266 -0.08098072 -0.07811871 -0.07527688
 -0.07245533 -0.06965401 -0.06687276 -0.06411137 -0.06136957 -0.05864705
 -0.0559435  -0.05325858 -0.05059195 -0.04794326 -0.04531219 -0.04269838
 -0.04010151 -0.03752127 -0.03495733 -0.0324094  -0.02987718 -0.02736039
 -0.02485875 -0.02237201 -0.0198999  -0.01744219 -0.01499864 -0.01256902
 -0.01015311 -0.00775072 -0.00536163 -0.00298565 -0.00062261]"
