sigma0re,sigma0im,beta0re,beta0im,mu0re,mu0im,beta1re,beta1im,sigma1re,sigma1im,mu1re,mu1im,alpha0,alpha1,b_star,corresponding_negative_eigenvalues
0.2,0.3,1,1.1,1.0,1.0000000000000036,1,1.1,0.2,0.3,-0.5,1.6000000000000032,0.1,0.1,"[0.32 0.33 0.34 0.35 0.36 0.37 0.38 0.39 0.4  0.41 0.42 0.43 0.44 0.45
 0.46 0.47 0.48 0.49 0.5  0.51 0.52 0.53 0.54 0.55]","[-0.01143816 -0.06728072 -0.06409484 -0.06093144 -0.05778934 -0.05466741
 -0.0515646  -0.04847994 -0.04541252 -0.04236149 -0.03932606 -0.03630547
 -0.03329904 -0.03030611 -0.02732609 -0.02435839 -0.02140249 -0.01845789
 -0.01552412 -0.01260075 -0.00968737 -0.0067836  -0.00388907 -0.00100347]"
