sigma0re,sigma0im,beta0re,beta0im,mu0re,mu0im,beta1re,beta1im,sigma1re,sigma1im,mu1re,mu1im,alpha0,alpha1,b_star,corresponding_negative_eigenvalues
0.2,0.3,1,1.1,1.0,0.9000000000000035,1,1.1,0.2,0.3,-0.5,1.1000000000000028,0.0,0.0,"[0.3  0.31 0.32 0.33 0.34 0.35 0.36 0.37 0.38 0.39 0.4  0.41 0.42 0.43
 0.44 0.45 0.46 0.47 0.48 0.49 0.5  0.51 0.52 0.53 0.54 0.55 0.56 0.57
 0.58 0.59 0.6  0.61]","[-0.02281185 -0.08140046 -0.07849535 -0.07561266 -0.07275118 -0.06990977
 -0.06708738 -0.06428302 -0.06149574 -0.05872469 -0.05596902 -0.05322796
 -0.05050079 -0.0477868  -0.04508535 -0.04239581 -0.03971762 -0.0370502
 -0.03439304 -0.03174565 -0.02910755 -0.02647829 -0.02385745 -0.02124463
 -0.01863945 -0.01604153 -0.01345053 -0.01086612 -0.00828798 -0.00571582
 -0.00314935 -0.0005883 ]"
