sigma0re,sigma0im,beta0re,beta0im,mu0re,mu0im,beta1re,beta1im,sigma1re,sigma1im,mu1re,mu1im,alpha0,alpha1,b_star,corresponding_negative_eigenvalues
0.2,0.3,1,1.1,1.0,1.1000000000000032,1,1.1,0.2,0.3,-0.5,1.6000000000000032,0.1,0.1,"[0.31 0.32 0.33 0.34 0.35 0.36 0.37 0.38 0.39 0.4  0.41 0.42 0.43 0.44
 0.45 0.46 0.47 0.48 0.49 0.5  0.51 0.52 0.53 0.54 0.55 0.56 0.57 0.58
 0.59 0.6  0.61]","[-0.00300672 -0.05527554 -0.07904265 -0.07605354 -0.07308692 -0.07014172
 -0.0672169  -0.06431153 -0.0614247  -0.05855555 -0.05570329 -0.05286717
 -0.05004647 -0.04724053 -0.04444873 -0.04167046 -0.03890517 -0.03615234
 -0.03341147 -0.03068211 -0.02796381 -0.02525616 -0.02255877 -0.01987129
 -0.01719336 -0.01452467 -0.01186491 -0.0092138  -0.00657107 -0.00393647
 -0.00130977]"
