sigma0re,sigma0im,beta0re,beta0im,mu0re,mu0im,beta1re,beta1im,sigma1re,sigma1im,mu1re,mu1im,alpha0,alpha1,b_star,corresponding_negative_eigenvalues
0.2,0.3,1,1.1,1.0,-0.3999999999999977,1,1.1,0.2,0.3,-0.5,-1.7999999999999998,0.1,0.1,"[0.01 0.02 0.03 0.04 0.05 0.06 0.07 0.08 0.09 0.1  0.11 0.12 0.13 0.14
 0.15 0.16 0.17 0.18 0.19 0.2  0.21 0.22 0.23]","[-0.00031248 -0.00124813 -0.00280057 -0.00495551 -0.00768419 -0.01093208
 -0.01460093 -0.01852424 -0.02244341 -0.02600747 -0.02883044 -0.03060685
 -0.0312111  -0.03070022 -0.02923792 -0.02701468 -0.02420255 -0.02094055
 -0.01733538 -0.01346724 -0.00939607 -0.00516681 -0.00081334]"
