sigma0re,sigma0im,beta0re,beta0im,mu0re,mu0im,beta1re,beta1im,sigma1re,sigma1im,mu1re,mu1im,alpha0,alpha1,b_star,corresponding_negative_eigenvalues
0.2,0.3,1,1.1,1.0,-0.3999999999999977,1,1.1,0.2,0.3,-0.5,-2.0,0.0,0.0,"[0.01 0.02 0.03 0.04 0.05 0.06 0.07 0.08 0.09 0.1  0.11 0.12 0.13 0.14
 0.15 0.16 0.17 0.18 0.19]","[-0.00044188 -0.00176577 -0.00396386 -0.00701343 -0.01085779 -0.01537007
 -0.02029361 -0.02517274 -0.02935101 -0.03215988 -0.03323452 -0.03263042
 -0.03065123 -0.02763958 -0.02387896 -0.01957797 -0.01488376 -0.0098992
 -0.0046966 ]"
