sigma0re,sigma0im,beta0re,beta0im,mu0re,mu0im,beta1re,beta1im,sigma1re,sigma1im,mu1re,mu1im,alpha0,alpha1,b_star,corresponding_negative_eigenvalues
0.2,0.3,1,1.1,1.0,-0.699999999999998,1,1.1,0.2,0.3,-0.5,-0.5999999999999988,0.0,0.0,"[0.01 0.02 0.03 0.04 0.05 0.06 0.07 0.08 0.09 0.1  0.11 0.12 0.13 0.14
 0.15 0.16 0.17 0.18 0.19 0.2  0.21 0.22 0.23 0.24 0.25 0.26 0.27 0.28
 0.29 0.3  0.31 0.32 0.33 0.34 0.35 0.36 0.37 0.38 0.39 0.4  0.41 0.42
 0.43 0.44 0.45 0.46 0.47 0.48 0.49 0.5  0.51 0.52 0.53 0.54 0.55 0.56
 0.57 0.58 0.59 0.6  0.61 0.62 0.63 0.64 0.65 0.66 0.67 0.68 0.69 0.7
 0.71 0.72 0.73 0.74 0.75 0.76 0.77 0.78 0.79 0.8  0.81 0.82 0.83 0.84
 0.85 0.86 0.87 0.88 0.89 0.9  0.91 0.92 0.93 0.94 0.95 0.96 0.97 0.98
 0.99 1.   1.01 1.02 1.03]","[-0.00023217 -0.00093009 -0.00209804 -0.00374323 -0.00587592 -0.0085095
 -0.01166068 -0.01534939 -0.01959847 -0.0244327  -0.02987623 -0.035947
 -0.04264479 -0.04992726 -0.05766595 -0.0655821  -0.0732024  -0.07994234
 -0.08535968 -0.08935213 -0.0920939  -0.09385393 -0.09488001 -0.09536461
 -0.09544815 -0.09523125 -0.09478627 -0.09416576 -0.09340845 -0.09254334
 -0.09159243 -0.09057266 -0.08949724 -0.08837658 -0.08721897 -0.08603108
 -0.08481833 -0.08358513 -0.08233511 -0.08107129 -0.07979617 -0.07851184
 -0.07722005 -0.0759223  -0.07461983 -0.07331371 -0.07200484 -0.07069398
 -0.06938181 -0.06806887 -0.06675565 -0.06544256 -0.06412994 -0.0628181
 -0.06150729 -0.06019773 -0.0588896  -0.05758306 -0.05627824 -0.05497525
 -0.05367418 -0.0523751  -0.05107808 -0.04978316 -0.04849037 -0.04719975
 -0.04591132 -0.04462508 -0.04334104 -0.0420592  -0.04077956 -0.0395021
 -0.03822682 -0.03695369 -0.03568269 -0.03441382 -0.03314703 -0.03188231
 -0.03061962 -0.02935895 -0.02810026 -0.02684352 -0.0255887  -0.02433577
 -0.02308469 -0.02183544 -0.02058797 -0.01934227 -0.01809829 -0.016856
 -0.01561537 -0.01437637 -0.01313896 -0.01190312 -0.0106688  -0.00943598
 -0.00820463 -0.0069747  -0.00574619 -0.00451904 -0.00329324 -0.00206875
 -0.00084554]"
