sigma0re,sigma0im,beta0re,beta0im,mu0re,mu0im,beta1re,beta1im,sigma1re,sigma1im,mu1re,mu1im,alpha0,alpha1,b_star,corresponding_negative_eigenvalues
0.2,0.3,1,1.1,1.0,-0.8999999999999981,1,1.1,0.2,0.3,-0.5,-2.0,0.1,0.1,"[0.01 0.02 0.03 0.04 0.05 0.06 0.07 0.08 0.09 0.1  0.11 0.12 0.13 0.14
 0.15 0.16 0.17 0.18 0.19 0.2  0.21 0.22 0.23 0.24 0.25 0.26 0.27 0.28
 0.29 0.3  0.31 0.32 0.33 0.34 0.35 0.36 0.37 0.38]","[-0.00079575 -0.00322874 -0.0048196  -0.00610488 -0.00817744 -0.01081481
 -0.01398675 -0.01769191 -0.0219386  -0.02674048 -0.0321154  -0.03808526
 -0.04467642 -0.05192034 -0.05985467 -0.0685246  -0.07798488 -0.08830249
 -0.08617477 -0.08136685 -0.07661308 -0.07190979 -0.06725367 -0.06264171
 -0.05807117 -0.05353954 -0.04904455 -0.04458408 -0.04015623 -0.03575922
 -0.03139142 -0.02705132 -0.02273752 -0.01844875 -0.0141838  -0.00994155
 -0.00572099 -0.00152113]"
