sigma0re,sigma0im,beta0re,beta0im,mu0re,mu0im,beta1re,beta1im,sigma1re,sigma1im,mu1re,mu1im,alpha0,alpha1,b_star,corresponding_negative_eigenvalues
0.2,0.3,1,1.1,1.0,-0.9999999999999982,1,1.1,0.2,0.3,-0.5,-1.7999999999999998,0.1,0.1,"[0.09 0.1  0.11 0.12 0.13 0.14 0.15 0.16 0.17 0.18 0.19 0.2  0.21 0.22
 0.23 0.24 0.25 0.26 0.27 0.28 0.29 0.3  0.31 0.32 0.33 0.34 0.35 0.36
 0.37 0.38 0.39 0.4  0.41 0.42 0.43 0.44 0.45]","[-0.00274704 -0.00685859 -0.01160458 -0.01698761 -0.02301839 -0.02971534
 -0.03710485 -0.04522186 -0.0541112  -0.06382957 -0.07444857 -0.08605934
 -0.09540332 -0.09117112 -0.08698534 -0.08284355 -0.0787435  -0.07468312
 -0.07066044 -0.06667367 -0.06272111 -0.05880121 -0.05491248 -0.05105358
 -0.04722323 -0.04342024 -0.0396435  -0.03589196 -0.03216467 -0.02846069
 -0.02477917 -0.02111932 -0.01748036 -0.0138616  -0.01026235 -0.00668198
 -0.0031199 ]"
