sigma0re,sigma0im,beta0re,beta0im,mu0re,mu0im,beta1re,beta1im,sigma1re,sigma1im,mu1re,mu1im,alpha0,alpha1,b_star,corresponding_negative_eigenvalues
0.2,0.3,1,1.1,1.0,0.8000000000000034,1,1.1,0.2,0.3,-0.5,1.300000000000003,0.0,0.0,"[0.3  0.31 0.32 0.33 0.34 0.35 0.36 0.37 0.38 0.39 0.4  0.41 0.42 0.43
 0.44 0.45]","[-0.01875222 -0.04958172 -0.04603142 -0.04249791 -0.03898026 -0.03547754
 -0.03198888 -0.02851346 -0.0250505  -0.02159923 -0.01815897 -0.01472903
 -0.01130878 -0.00789762 -0.00449498 -0.00110033]"
