sigma0re,sigma0im,beta0re,beta0im,mu0re,mu0im,beta1re,beta1im,sigma1re,sigma1im,mu1re,mu1im,alpha0,alpha1,b_star,corresponding_negative_eigenvalues
0.2,0.3,1,1.1,1.0,-0.9999999999999982,1,1.1,0.2,0.3,-0.5,-1.5999999999999996,0.0,0.0,"[0.09 0.1  0.11 0.12 0.13 0.14 0.15 0.16 0.17 0.18 0.19 0.2  0.21 0.22
 0.23 0.24 0.25 0.26 0.27 0.28 0.29 0.3  0.31 0.32 0.33 0.34 0.35 0.36
 0.37 0.38 0.39 0.4  0.41 0.42 0.43 0.44 0.45]","[-0.0036545  -0.00804628 -0.01309864 -0.01881723 -0.02521667 -0.03232039
 -0.04016095 -0.04878117 -0.05823597 -0.06859529 -0.07994866 -0.09241212
 -0.0959733  -0.09180792 -0.08768542 -0.08360288 -0.07955758 -0.07554701
 -0.07156884 -0.06762091 -0.06370121 -0.05980787 -0.05593917 -0.0520935
 -0.04826934 -0.04446532 -0.04068012 -0.03691253 -0.03316141 -0.02942571
 -0.02570443 -0.02199664 -0.01830147 -0.01461812 -0.01094581 -0.00728383
 -0.00363152]"
