sigma0re,sigma0im,beta0re,beta0im,mu0re,mu0im,beta1re,beta1im,sigma1re,sigma1im,mu1re,mu1im,alpha0,alpha1,b_star,corresponding_negative_eigenvalues
0.2,0.3,1,1.1,1.0,1.2000000000000037,1,1.1,0.2,0.3,-0.5,1.500000000000003,0.1,0.1,"[0.31 0.32 0.33 0.34 0.35 0.36 0.37 0.38 0.39 0.4  0.41 0.42 0.43 0.44
 0.45 0.46 0.47 0.48 0.49 0.5  0.51 0.52 0.53 0.54 0.55 0.56 0.57 0.58
 0.59 0.6  0.61 0.62 0.63 0.64 0.65 0.66 0.67 0.68 0.69 0.7  0.71 0.72
 0.73 0.74]","[-0.01431848 -0.0597933  -0.09680863 -0.09421118 -0.09163534 -0.08908025
 -0.08654511 -0.08402914 -0.0815316  -0.07905176 -0.07658896 -0.07414254
 -0.07171188 -0.0692964  -0.06689553 -0.06450874 -0.06213551 -0.05977537
 -0.05742786 -0.05509253 -0.05276897 -0.05045679 -0.0481556  -0.04586506
 -0.04358482 -0.04131456 -0.03905398 -0.03680278 -0.0345607  -0.03232747
 -0.03010284 -0.02788658 -0.02567847 -0.0234783  -0.02128586 -0.01910097
 -0.01692344 -0.01475312 -0.01258982 -0.01043342 -0.00828375 -0.00614068
 -0.00400409 -0.00187385]"
