sigma0re,sigma0im,beta0re,beta0im,mu0re,mu0im,beta1re,beta1im,sigma1re,sigma1im,mu1re,mu1im,alpha0,alpha1,b_star,corresponding_negative_eigenvalues
0.2,0.3,1,1.1,1.0,-2.9,1,1.1,0.2,0.3,-0.5,-0.3999999999999986,0.0,0.0,[0.3  0.31 0.32 0.33 0.34 0.35 0.36 0.37 0.38 0.39 0.4  0.41],"[-0.04243881 -0.03851979 -0.03461801 -0.03073236 -0.02686179 -0.0230053
 -0.01916194 -0.01533083 -0.01151114 -0.00770208 -0.0039029  -0.00011291]"
