sigma0re,sigma0im,beta0re,beta0im,mu0re,mu0im,beta1re,beta1im,sigma1re,sigma1im,mu1re,mu1im,alpha0,alpha1,b_star,corresponding_negative_eigenvalues
0.2,0.3,1,1.1,1.0,-0.8999999999999981,1,1.1,0.2,0.3,-0.5,-1.7999999999999998,0.0,0.0,"[0.01 0.02 0.03 0.04 0.05 0.06 0.07 0.08 0.09 0.1  0.11 0.12 0.13 0.14
 0.15 0.16 0.17 0.18 0.19 0.2  0.21 0.22 0.23 0.24 0.25 0.26 0.27 0.28
 0.29 0.3  0.31 0.32 0.33 0.34 0.35 0.36 0.37]","[-0.00089974 -0.0036579  -0.00472235 -0.00625049 -0.00849005 -0.01131074
 -0.0146943  -0.01864371 -0.02317017 -0.02828998 -0.0340239  -0.04039733
 -0.0474409  -0.05519148 -0.06369359 -0.07300133 -0.0831812  -0.08988075
 -0.08499484 -0.08016307 -0.07538079 -0.07064384 -0.06594843 -0.06129113
 -0.05666885 -0.05207874 -0.04751821 -0.0429849  -0.03847663 -0.03399143
 -0.02952747 -0.02508305 -0.02065664 -0.01624681 -0.01185223 -0.00747168
 -0.00310404]"
