sigma0re,sigma0im,beta0re,beta0im,mu0re,mu0im,beta1re,beta1im,sigma1re,sigma1im,mu1re,mu1im,alpha0,alpha1,b_star,corresponding_negative_eigenvalues
0.2,0.3,1,1.1,1.0,-2.099999999999999,1,1.1,0.2,0.3,-0.5,-1.6999999999999997,0.0,0.0,"[0.18 0.19 0.2  0.21 0.22 0.23 0.24 0.25 0.26 0.27 0.28 0.29 0.3  0.31
 0.32 0.33 0.34 0.35 0.36 0.37 0.38 0.39 0.4  0.41 0.42 0.43 0.44 0.45
 0.46 0.47 0.48 0.49 0.5  0.51 0.52 0.53 0.54 0.55 0.56 0.57 0.58 0.59
 0.6  0.61 0.62 0.63 0.64 0.65 0.66 0.67 0.68 0.69 0.7  0.71 0.72 0.73
 0.74 0.75 0.76 0.77 0.78 0.79 0.8  0.81 0.82 0.83 0.84 0.85 0.86 0.87
 0.88 0.89 0.9  0.91 0.92 0.93 0.94 0.95 0.96 0.97 0.98 0.99 1.   1.01
 1.02 1.03 1.04 1.05 1.06 1.07 1.08 1.09 1.1  1.11 1.12 1.13 1.14 1.15
 1.16]","[-0.0147339  -0.03401331 -0.05721039 -0.0859643  -0.12407959 -0.15797299
 -0.15616597 -0.15436131 -0.15255909 -0.15075936 -0.14896216 -0.14716755
 -0.14537557 -0.14358626 -0.14179965 -0.14001579 -0.13823469 -0.13645639
 -0.13468091 -0.13290826 -0.13113846 -0.12937153 -0.12760747 -0.1258463
 -0.12408801 -0.12233261 -0.12058009 -0.11883046 -0.1170837  -0.11533982
 -0.11359879 -0.11186061 -0.11012526 -0.10839273 -0.106663   -0.10493605
 -0.10321186 -0.10149041 -0.09977167 -0.09805562 -0.09634223 -0.09463148
 -0.09292334 -0.09121778 -0.08951477 -0.08781428 -0.08611628 -0.08442074
 -0.08272763 -0.08103691 -0.07934855 -0.07766253 -0.07597879 -0.07429732
 -0.07261808 -0.07094103 -0.06926614 -0.06759337 -0.0659227  -0.06425408
 -0.06258748 -0.06092288 -0.05926022 -0.05759949 -0.05594065 -0.05428366
 -0.05262849 -0.0509751  -0.04932347 -0.04767357 -0.04602535 -0.04437879
 -0.04273385 -0.04109051 -0.03944873 -0.03780849 -0.03616975 -0.03453248
 -0.03289665 -0.03126223 -0.02962921 -0.02799753 -0.02636719 -0.02473814
 -0.02311037 -0.02148384 -0.01985854 -0.01823442 -0.01661148 -0.01498968
 -0.01336899 -0.0117494  -0.01013088 -0.0085134  -0.00689694 -0.00528148
 -0.003667   -0.00205348 -0.00044088]"
