sigma0re,sigma0im,beta0re,beta0im,mu0re,mu0im,beta1re,beta1im,sigma1re,sigma1im,mu1re,mu1im,alpha0,alpha1,b_star,corresponding_negative_eigenvalues
0.2,0.3,1,1.1,1.0,-1.1999999999999984,1,1.1,0.2,0.3,-0.5,-1.5999999999999996,0.0,0.0,"[0.13 0.14 0.15 0.16 0.17 0.18 0.19 0.2  0.21 0.22 0.23 0.24 0.25 0.26
 0.27 0.28 0.29 0.3  0.31 0.32 0.33 0.34 0.35 0.36 0.37 0.38 0.39 0.4
 0.41 0.42 0.43 0.44 0.45 0.46 0.47 0.48 0.49 0.5  0.51 0.52 0.53 0.54
 0.55]","[-5.72467611e-05 -6.84280491e-03 -1.45527111e-02 -2.32301380e-02
 -3.29350627e-02 -4.37485649e-02 -5.57795127e-02 -6.91751885e-02
 -8.41388571e-02 -1.00960509e-01 -1.07757950e-01 -1.04142174e-01
 -1.00554624e-01 -9.69941412e-02 -9.34595789e-02 -8.99498114e-02
 -8.64637389e-02 -8.30002911e-02 -7.95584306e-02 -7.61371544e-02
 -7.27354953e-02 -6.93525226e-02 -6.59873425e-02 -6.26390973e-02
 -5.93069655e-02 -5.59901609e-02 -5.26879319e-02 -4.93995601e-02
 -4.61243596e-02 -4.28616760e-02 -3.96108848e-02 -3.63713906e-02
 -3.31426255e-02 -2.99240485e-02 -2.67151440e-02 -2.35154204e-02
 -2.03244099e-02 -1.71416663e-02 -1.39667650e-02 -1.07993011e-02
 -7.63888945e-03 -4.48516274e-03 -1.33777132e-03]"
