sigma0re,sigma0im,beta0re,beta0im,mu0re,mu0im,beta1re,beta1im,sigma1re,sigma1im,mu1re,mu1im,alpha0,alpha1,b_star,corresponding_negative_eigenvalues
0.2,0.3,1,1.1,1.0,-1.899999999999999,1,1.1,0.2,0.3,-0.5,-1.9,0.0,0.0,"[0.16 0.17 0.18 0.19 0.2  0.21 0.22 0.23 0.24 0.25 0.26 0.27 0.28 0.29
 0.3  0.31 0.32 0.33 0.34 0.35 0.36 0.37 0.38 0.39 0.4  0.41 0.42 0.43
 0.44 0.45 0.46 0.47 0.48 0.49 0.5  0.51 0.52 0.53 0.54 0.55 0.56 0.57
 0.58 0.59 0.6  0.61 0.62 0.63 0.64 0.65 0.66 0.67 0.68 0.69 0.7  0.71
 0.72 0.73 0.74 0.75 0.76 0.77 0.78 0.79 0.8 ]","[-9.35596659e-04 -1.59985004e-02 -3.36724917e-02 -5.45574942e-02
 -7.96645919e-02 -1.10948654e-01 -1.41647464e-01 -1.39050873e-01
 -1.36460590e-01 -1.33876685e-01 -1.31299212e-01 -1.28728210e-01
 -1.26163703e-01 -1.23605702e-01 -1.21054204e-01 -1.18509196e-01
 -1.15970651e-01 -1.13438534e-01 -1.10912799e-01 -1.08393392e-01
 -1.05880249e-01 -1.03373301e-01 -1.00872472e-01 -9.83776773e-02
 -9.58888306e-02 -9.34058388e-02 -9.09286049e-02 -8.84570286e-02
 -8.59910062e-02 -8.35304317e-02 -8.10751968e-02 -7.86251913e-02
 -7.61803041e-02 -7.37404226e-02 -7.13054339e-02 -6.88752246e-02
 -6.64496812e-02 -6.40286905e-02 -6.16121395e-02 -5.91999161e-02
 -5.67919087e-02 -5.43880069e-02 -5.19881012e-02 -4.95920837e-02
 -4.71998474e-02 -4.48112873e-02 -4.24262996e-02 -4.00447823e-02
 -3.76666350e-02 -3.52917592e-02 -3.29200584e-02 -3.05514375e-02
 -2.81858036e-02 -2.58230658e-02 -2.34631349e-02 -2.11059238e-02
 -1.87513474e-02 -1.63993223e-02 -1.40497673e-02 -1.17026030e-02
 -9.35775211e-03 -7.01513901e-03 -4.67469014e-03 -2.33633376e-03
 -6.66133815e-16]"
