sigma0re,sigma0im,beta0re,beta0im,mu0re,mu0im,beta1re,beta1im,sigma1re,sigma1im,mu1re,mu1im,alpha0,alpha1,b_star,corresponding_negative_eigenvalues
0.2,0.3,1,1.1,1.0,-0.8999999999999981,1,1.1,0.2,0.3,-0.5,-1.0999999999999992,0.0,0.0,"[0.01 0.02 0.03 0.04 0.05 0.06 0.07 0.08 0.09 0.1  0.11 0.12 0.13 0.14
 0.15 0.16 0.17 0.18 0.19 0.2  0.21 0.22 0.23 0.24 0.25 0.26 0.27 0.28
 0.29 0.3  0.31 0.32 0.33 0.34 0.35 0.36 0.37 0.38 0.39 0.4  0.41 0.42
 0.43 0.44 0.45 0.46 0.47 0.48 0.49 0.5  0.51 0.52 0.53 0.54 0.55 0.56
 0.57 0.58 0.59 0.6  0.61]","[-0.00054854 -0.00221344 -0.00505641 -0.00596623 -0.00719479 -0.00905677
 -0.01136805 -0.01409496 -0.01723175 -0.02078243 -0.02475606 -0.02916526
 -0.03402586 -0.03935697 -0.04518136 -0.05152609 -0.05842337 -0.06591176
 -0.07403785 -0.08285855 -0.09244444 -0.10288462 -0.10562569 -0.10248556
 -0.09938139 -0.096311   -0.0932724  -0.0902637  -0.0872832  -0.08432928
 -0.08140046 -0.07849535 -0.07561266 -0.07275118 -0.06990977 -0.06708738
 -0.06428302 -0.06149574 -0.05872469 -0.05596902 -0.05322796 -0.05050079
 -0.0477868  -0.04508535 -0.04239581 -0.03971762 -0.0370502  -0.03439304
 -0.03174565 -0.02910755 -0.02647829 -0.02385745 -0.02124463 -0.01863945
 -0.01604153 -0.01345053 -0.01086612 -0.00828798 -0.00571582 -0.00314935
 -0.0005883 ]"
