sigma0re,sigma0im,beta0re,beta0im,mu0re,mu0im,beta1re,beta1im,sigma1re,sigma1im,mu1re,mu1im,alpha0,alpha1,b_star,corresponding_negative_eigenvalues
0.2,0.3,1,1.1,1.0,1.0000000000000036,1,1.1,0.2,0.3,-0.5,1.300000000000003,0.1,0.1,"[0.33 0.34 0.35 0.36 0.37 0.38 0.39 0.4  0.41 0.42 0.43 0.44 0.45 0.46
 0.47 0.48 0.49 0.5  0.51 0.52 0.53 0.54 0.55 0.56 0.57 0.58 0.59 0.6
 0.61 0.62 0.63 0.64 0.65 0.66 0.67 0.68 0.69 0.7  0.71]","[-0.00459936 -0.04020548 -0.08401066 -0.08147419 -0.07895972 -0.07646626
 -0.07399287 -0.07153867 -0.06910281 -0.06668452 -0.06428304 -0.0618977
 -0.05952781 -0.05717276 -0.05483197 -0.05250488 -0.05019096 -0.04788972
 -0.04560068 -0.04332342 -0.0410575  -0.03880254 -0.03655815 -0.03432399
 -0.03209972 -0.02988502 -0.02767959 -0.02548315 -0.02329544 -0.02111618
 -0.01894516 -0.01678213 -0.01462689 -0.01247922 -0.01033894 -0.00820587
 -0.00607982 -0.00396064 -0.00184818]"
