sigma0re,sigma0im,beta0re,beta0im,mu0re,mu0im,beta1re,beta1im,sigma1re,sigma1im,mu1re,mu1im,alpha0,alpha1,b_star,corresponding_negative_eigenvalues
0.2,0.3,1,1.1,1.0,0.5000000000000031,1,1.1,0.2,0.3,-0.5,0.6000000000000023,0.1,0.1,"[0.27 0.28 0.29 0.3  0.31 0.32 0.33 0.34 0.35 0.36 0.37 0.38 0.39 0.4
 0.41 0.42 0.43 0.44 0.45 0.46 0.47 0.48 0.49 0.5  0.51 0.52 0.53 0.54
 0.55 0.56 0.57 0.58 0.59 0.6  0.61 0.62 0.63 0.64 0.65 0.66 0.67 0.68
 0.69 0.7  0.71 0.72 0.73 0.74 0.75 0.76 0.77 0.78 0.79 0.8  0.81 0.82
 0.83 0.84 0.85 0.86 0.87 0.88 0.89 0.9  0.91 0.92 0.93 0.94 0.95 0.96]","[-5.75264898e-03 -1.71697465e-02 -3.53333015e-02 -5.93517752e-02
 -5.92774995e-02 -5.90700481e-02 -5.87482071e-02 -5.83281092e-02
 -5.78235590e-02 -5.72463507e-02 -5.66065595e-02 -5.59128003e-02
 -5.51724505e-02 -5.43918405e-02 -5.35764149e-02 -5.27308680e-02
 -5.18592575e-02 -5.09650997e-02 -5.00514496e-02 -4.91209682e-02
 -4.81759785e-02 -4.72185138e-02 -4.62503571e-02 -4.52730757e-02
 -4.42880502e-02 -4.32964984e-02 -4.22994972e-02 -4.12980001e-02
 -4.02928526e-02 -3.92848057e-02 -3.82745276e-02 -3.72626131e-02
 -3.62495926e-02 -3.52359395e-02 -3.42220768e-02 -3.32083826e-02
 -3.21951953e-02 -3.11828181e-02 -3.01715224e-02 -2.91615518e-02
 -2.81531245e-02 -2.71464365e-02 -2.61416636e-02 -2.51389634e-02
 -2.41384777e-02 -2.31403334e-02 -2.21446445e-02 -2.11515135e-02
 -2.01610320e-02 -1.91732823e-02 -1.81883379e-02 -1.72062650e-02
 -1.62271223e-02 -1.52509627e-02 -1.42778331e-02 -1.33077754e-02
 -1.23408270e-02 -1.13770211e-02 -1.04163869e-02 -9.45895053e-03
 -8.50473488e-03 -7.55376017e-03 -6.60604410e-03 -5.66160215e-03
 -4.72044781e-03 -3.78259274e-03 -2.84804699e-03 -1.91681916e-03
 -9.88916568e-04 -6.43453414e-05]"
