sigma0re,sigma0im,beta0re,beta0im,mu0re,mu0im,beta1re,beta1im,sigma1re,sigma1im,mu1re,mu1im,alpha0,alpha1,b_star,corresponding_negative_eigenvalues
0.2,0.3,1,1.1,1.0,0.8000000000000034,1,1.1,0.2,0.3,-0.5,1.9000000000000035,0.1,0.1,[0.32 0.33 0.34 0.35 0.36 0.37 0.38],"[-0.02598926 -0.02185157 -0.0177299  -0.01362323 -0.00953058 -0.00545108
 -0.00138391]"
