sigma0re,sigma0im,beta0re,beta0im,mu0re,mu0im,beta1re,beta1im,sigma1re,sigma1im,mu1re,mu1im,alpha0,alpha1,b_star,corresponding_negative_eigenvalues
0.2,0.3,1,1.1,1.0,-1.6999999999999988,1,1.1,0.2,0.3,-0.5,-1.4999999999999996,0.1,0.1,"[0.19 0.2  0.21 0.22 0.23 0.24 0.25 0.26 0.27 0.28 0.29 0.3  0.31 0.32
 0.33 0.34 0.35 0.36 0.37 0.38 0.39 0.4  0.41 0.42 0.43 0.44 0.45 0.46
 0.47 0.48 0.49 0.5  0.51 0.52 0.53 0.54 0.55 0.56 0.57 0.58 0.59 0.6
 0.61 0.62 0.63 0.64 0.65 0.66 0.67 0.68 0.69 0.7  0.71 0.72 0.73 0.74
 0.75 0.76 0.77 0.78 0.79 0.8  0.81 0.82 0.83 0.84 0.85 0.86 0.87 0.88
 0.89 0.9  0.91 0.92 0.93 0.94 0.95 0.96 0.97 0.98 0.99 1.   1.01 1.02
 1.03 1.04 1.05 1.06 1.07 1.08 1.09 1.1  1.11 1.12 1.13 1.14 1.15 1.16
 1.17 1.18 1.19 1.2 ]","[-6.08858442e-05 -1.15007329e-02 -2.45863503e-02 -3.95846465e-02
 -5.68859179e-02 -7.70981691e-02 -1.01264555e-01 -1.31488112e-01
 -1.46683097e-01 -1.44735452e-01 -1.42788529e-01 -1.40842260e-01
 -1.38896589e-01 -1.36951473e-01 -1.35006883e-01 -1.33062802e-01
 -1.31119231e-01 -1.29176185e-01 -1.27233696e-01 -1.25291814e-01
 -1.23350607e-01 -1.21410163e-01 -1.19470589e-01 -1.17532013e-01
 -1.15594583e-01 -1.13658469e-01 -1.11723863e-01 -1.09790980e-01
 -1.07860057e-01 -1.05931354e-01 -1.04005152e-01 -1.02081757e-01
 -1.00161496e-01 -9.82447172e-02 -9.63317920e-02 -9.44231114e-02
 -9.25190870e-02 -9.06201493e-02 -8.87267471e-02 -8.68393463e-02
 -8.49584287e-02 -8.30844904e-02 -8.12180408e-02 -7.93596010e-02
 -7.75097023e-02 -7.56688842e-02 -7.38376935e-02 -7.20166822e-02
 -7.02064058e-02 -6.84074218e-02 -6.66202883e-02 -6.48455618e-02
 -6.30837963e-02 -6.13355410e-02 -5.96013395e-02 -5.78817281e-02
 -5.61772343e-02 -5.44883756e-02 -5.28156582e-02 -5.11595758e-02
 -4.95206088e-02 -4.78992226e-02 -4.62958671e-02 -4.47109758e-02
 -4.31449644e-02 -4.15982306e-02 -4.00711529e-02 -3.85640902e-02
 -3.70773808e-02 -3.56113420e-02 -3.41662693e-02 -3.27424359e-02
 -3.13400923e-02 -2.99594655e-02 -2.86007588e-02 -2.72641510e-02
 -2.59497963e-02 -2.46578234e-02 -2.33883355e-02 -2.21414099e-02
 -2.09170971e-02 -1.97154211e-02 -1.85363786e-02 -1.73799390e-02
 -1.62460438e-02 -1.51346066e-02 -1.40455129e-02 -1.29786198e-02
 -1.19337559e-02 -1.09107214e-02 -9.90928822e-03 -8.92919958e-03
 -7.97017070e-03 -7.03188884e-03 -6.11401365e-03 -5.21617766e-03
 -4.33798682e-03 -3.47902116e-03 -2.63883563e-03 -1.81696094e-03
 -1.01290465e-03 -2.26152310e-04]"
