sigma0re,sigma0im,beta0re,beta0im,mu0re,mu0im,beta1re,beta1im,sigma1re,sigma1im,mu1re,mu1im,alpha0,alpha1,b_star,corresponding_negative_eigenvalues
0.2,0.3,1,1.1,1.0,0.400000000000003,1,1.1,0.2,0.3,-0.5,0.7000000000000024,0.1,0.1,"[0.32 0.33 0.34 0.35 0.36 0.37 0.38 0.39 0.4  0.41 0.42 0.43 0.44 0.45
 0.46 0.47 0.48 0.49 0.5  0.51 0.52 0.53 0.54]","[-0.02481615 -0.03313254 -0.0319388  -0.03068177 -0.02936983 -0.02801021
 -0.02660914 -0.025172   -0.02370343 -0.02220748 -0.02068765 -0.01914699
 -0.01758816 -0.01601349 -0.01442502 -0.01282454 -0.01121363 -0.00959367
 -0.0079659  -0.0063314  -0.00469114 -0.00304597 -0.00139666]"
