sigma0re,sigma0im,beta0re,beta0im,mu0re,mu0im,beta1re,beta1im,sigma1re,sigma1im,mu1re,mu1im,alpha0,alpha1,b_star,corresponding_negative_eigenvalues
0.2,0.3,1,1.1,1.0,0.9000000000000035,1,1.1,0.2,0.3,-0.5,1.400000000000003,0.1,0.1,"[0.34 0.35 0.36 0.37 0.38 0.39 0.4  0.41 0.42 0.43 0.44 0.45 0.46 0.47
 0.48 0.49 0.5  0.51 0.52 0.53 0.54 0.55 0.56 0.57]","[-0.03123207 -0.0624289  -0.059497   -0.05658518 -0.05369242 -0.05081779
 -0.04796038 -0.04511937 -0.04229399 -0.0394835  -0.03668723 -0.03390455
 -0.03113484 -0.02837756 -0.02563218 -0.02289821 -0.02017518 -0.01746265
 -0.01476023 -0.01206754 -0.0093842  -0.00670989 -0.00404429 -0.00138711]"
