sigma0re,sigma0im,beta0re,beta0im,mu0re,mu0im,beta1re,beta1im,sigma1re,sigma1im,mu1re,mu1im,alpha0,alpha1,b_star,corresponding_negative_eigenvalues
0.2,0.3,1,1.1,1.0,0.9000000000000035,1,1.1,0.2,0.3,-0.5,1.7000000000000033,0.1,0.1,[0.33 0.34 0.35 0.36 0.37 0.38 0.39 0.4  0.41 0.42 0.43 0.44 0.45 0.46],"[-0.04793009 -0.04436638 -0.0408228  -0.03729815 -0.03379132 -0.03030131
 -0.02682718 -0.02336804 -0.01992309 -0.01649157 -0.01307279 -0.0096661
 -0.0062709  -0.00288664]"
