sigma0re,sigma0im,beta0re,beta0im,mu0re,mu0im,beta1re,beta1im,sigma1re,sigma1im,mu1re,mu1im,alpha0,alpha1,b_star,corresponding_negative_eigenvalues
0.2,0.3,1,1.1,1.0,0.30000000000000293,1,1.1,0.2,0.3,-0.5,0.6000000000000023,0.0,0.0,"[0.23 0.24 0.25 0.26 0.27 0.28 0.29 0.3  0.31 0.32 0.33 0.34 0.35 0.36
 0.37]","[-0.01113997 -0.01822927 -0.0175686  -0.01675695 -0.01580839 -0.01473637
 -0.01355342 -0.01227104 -0.01089969 -0.00944876 -0.00792668 -0.00634093
 -0.00469819 -0.00300436 -0.00126468]"
