sigma0re,sigma0im,beta0re,beta0im,mu0re,mu0im,beta1re,beta1im,sigma1re,sigma1im,mu1re,mu1im,alpha0,alpha1,b_star,corresponding_negative_eigenvalues
0.2,0.3,1,1.1,1.0,-2.9,1,1.1,0.2,0.3,-0.5,-0.9999999999999991,0.0,0.0,"[0.22 0.23 0.24 0.25 0.26 0.27 0.28 0.29 0.3  0.31 0.32 0.33 0.34 0.35
 0.36 0.37 0.38 0.39 0.4  0.41 0.42 0.43 0.44 0.45 0.46 0.47 0.48 0.49
 0.5  0.51 0.52 0.53 0.54 0.55 0.56 0.57 0.58 0.59 0.6  0.61 0.62 0.63
 0.64 0.65 0.66 0.67 0.68 0.69 0.7  0.71 0.72 0.73 0.74 0.75 0.76 0.77
 0.78 0.79 0.8  0.81 0.82 0.83 0.84 0.85 0.86 0.87 0.88 0.89 0.9  0.91
 0.92 0.93 0.94 0.95 0.96 0.97 0.98 0.99 1.   1.01 1.02 1.03 1.04 1.05
 1.06 1.07 1.08 1.09 1.1  1.11 1.12 1.13 1.14 1.15 1.16 1.17 1.18 1.19
 1.2  1.21 1.22 1.23 1.24 1.25 1.26 1.27 1.28 1.29 1.3  1.31 1.32 1.33
 1.34 1.35 1.36 1.37 1.38 1.39 1.4  1.41 1.42 1.43 1.44 1.45 1.46 1.47
 1.48 1.49 1.5  1.51]","[-0.00379058 -0.03018364 -0.06728159 -0.16438356 -0.16297314 -0.16156429
 -0.16015704 -0.15875145 -0.15734754 -0.15594536 -0.15454494 -0.1531463
 -0.15174949 -0.15035452 -0.14896143 -0.14757025 -0.14618099 -0.14479367
 -0.14340832 -0.14202496 -0.1406436  -0.13926426 -0.13788695 -0.13651168
 -0.13513847 -0.13376731 -0.13239823 -0.13103123 -0.12966631 -0.12830348
 -0.12694273 -0.12558407 -0.1242275  -0.12287302 -0.12152063 -0.12017032
 -0.11882208 -0.11747592 -0.11613182 -0.11478979 -0.1134498  -0.11211186
 -0.11077595 -0.10944206 -0.10811018 -0.1067803  -0.10545241 -0.10412649
 -0.10280253 -0.10148052 -0.10016044 -0.09884227 -0.09752601 -0.09621163
 -0.09489912 -0.09358846 -0.09227963 -0.09097263 -0.08966742 -0.08836399
 -0.08706233 -0.08576242 -0.08446423 -0.08316775 -0.08187296 -0.08057984
 -0.07928837 -0.07799853 -0.07671031 -0.07542368 -0.07413863 -0.07285513
 -0.07157317 -0.07029273 -0.06901378 -0.06773631 -0.0664603  -0.06518573
 -0.06391259 -0.06264084 -0.06137048 -0.06010148 -0.05883382 -0.05756749
 -0.05630247 -0.05503874 -0.05377627 -0.05251506 -0.05125509 -0.04999632
 -0.04873876 -0.04748238 -0.04622716 -0.04497308 -0.04372014 -0.0424683
 -0.04121756 -0.03996789 -0.03871928 -0.03747172 -0.03622518 -0.03497966
 -0.03373513 -0.03249158 -0.03124899 -0.03000735 -0.02876665 -0.02752686
 -0.02628797 -0.02504997 -0.02381285 -0.02257658 -0.02134116 -0.02010657
 -0.01887279 -0.01763982 -0.01640764 -0.01517623 -0.01394558 -0.01271569
 -0.01148653 -0.0102581  -0.00903037 -0.00780335 -0.00657701 -0.00535135
 -0.00412635 -0.00290201 -0.0016783  -0.00045522]"
