sigma0re,sigma0im,beta0re,beta0im,mu0re,mu0im,beta1re,beta1im,sigma1re,sigma1im,mu1re,mu1im,alpha0,alpha1,b_star,corresponding_negative_eigenvalues
0.2,0.3,1,1.1,1.0,-0.799999999999998,1,1.1,0.2,0.3,-0.5,-0.899999999999999,0.1,0.1,"[0.01 0.02 0.03 0.04 0.05 0.06 0.07 0.08 0.09 0.1  0.11 0.12 0.13 0.14
 0.15 0.16 0.17 0.18 0.19 0.2  0.21 0.22 0.23 0.24 0.25 0.26 0.27 0.28
 0.29 0.3  0.31 0.32 0.33 0.34 0.35 0.36 0.37 0.38 0.39 0.4  0.41 0.42
 0.43 0.44 0.45 0.46 0.47 0.48 0.49 0.5  0.51 0.52 0.53 0.54 0.55 0.56
 0.57 0.58 0.59 0.6  0.61 0.62 0.63 0.64 0.65 0.66 0.67 0.68 0.69 0.7
 0.71 0.72 0.73 0.74]","[-0.00031577 -0.00126795 -0.00287159 -0.00515331 -0.00815392 -0.01193303
 -0.01657698 -0.0222129  -0.02903575 -0.0373659  -0.04779253 -0.06163721
 -0.08343373 -0.09994154 -0.08888683 -0.0877473  -0.08964231 -0.09315229
 -0.09777566 -0.10329684 -0.10962068 -0.1088657  -0.10653679 -0.10418769
 -0.10182891 -0.09946772 -0.09710926 -0.09475721 -0.09241423 -0.09008225
 -0.08776267 -0.08545652 -0.08316451 -0.08088715 -0.0786248  -0.07637767
 -0.07414589 -0.07192951 -0.06972854 -0.06754293 -0.06537261 -0.06321747
 -0.0610774  -0.05895228 -0.05684196 -0.0547463  -0.05266516 -0.05059838
 -0.04854582 -0.04650732 -0.04448276 -0.04247197 -0.04047482 -0.03849118
 -0.03652091 -0.03456388 -0.03261997 -0.03068905 -0.02877102 -0.02686576
 -0.02497316 -0.02309312 -0.02122554 -0.01937031 -0.01752736 -0.01569659
 -0.01387791 -0.01207124 -0.01027651 -0.00849364 -0.00672255 -0.00496318
 -0.00321546 -0.00147932]"
