sigma0re,sigma0im,beta0re,beta0im,mu0re,mu0im,beta1re,beta1im,sigma1re,sigma1im,mu1re,mu1im,alpha0,alpha1,b_star,corresponding_negative_eigenvalues
0.2,0.3,1,1.1,1.0,0.7000000000000033,1,1.1,0.2,0.3,-0.5,1.300000000000003,0.0,0.0,[0.31 0.32 0.33 0.34 0.35 0.36 0.37 0.38 0.39 0.4 ],"[-0.03355383 -0.02986219 -0.02617859 -0.02250293 -0.01883503 -0.01517465
 -0.01152149 -0.00787524 -0.00423555 -0.00060208]"
