sigma0re,sigma0im,beta0re,beta0im,mu0re,mu0im,beta1re,beta1im,sigma1re,sigma1im,mu1re,mu1im,alpha0,alpha1,b_star,corresponding_negative_eigenvalues
0.2,0.3,1,1.1,1.0,-1.2999999999999985,1,1.1,0.2,0.3,-0.5,-1.2999999999999994,0.0,0.0,"[0.16 0.17 0.18 0.19 0.2  0.21 0.22 0.23 0.24 0.25 0.26 0.27 0.28 0.29
 0.3  0.31 0.32 0.33 0.34 0.35 0.36 0.37 0.38 0.39 0.4  0.41 0.42 0.43
 0.44 0.45 0.46 0.47 0.48 0.49 0.5  0.51 0.52 0.53 0.54 0.55 0.56 0.57
 0.58 0.59 0.6  0.61 0.62 0.63 0.64 0.65 0.66 0.67 0.68 0.69 0.7  0.71
 0.72 0.73 0.74 0.75 0.76 0.77 0.78 0.79]","[-0.00035003 -0.00802864 -0.01668722 -0.02640067 -0.03726866 -0.04942507
 -0.06305327 -0.07841254 -0.09588686 -0.11608554 -0.12637502 -0.12375102
 -0.12114313 -0.11855106 -0.11597452 -0.11341319 -0.11086674 -0.10833483
 -0.10581712 -0.10331325 -0.10082287 -0.09834563 -0.09588116 -0.09342911
 -0.09098913 -0.08856087 -0.08614399 -0.08373814 -0.081343   -0.07895823
 -0.07658351 -0.07421853 -0.07186299 -0.06951658 -0.067179   -0.06484999
 -0.06252925 -0.06021651 -0.05791153 -0.05561403 -0.05332377 -0.05104051
 -0.04876401 -0.04649406 -0.04423043 -0.0419729  -0.03972127 -0.03747534
 -0.03523492 -0.03299981 -0.03076984 -0.02854482 -0.02632459 -0.02410899
 -0.02189784 -0.019691   -0.01748832 -0.01528965 -0.01309485 -0.01090378
 -0.00871632 -0.00653233 -0.00435169 -0.00217429]"
