sigma0re,sigma0im,beta0re,beta0im,mu0re,mu0im,beta1re,beta1im,sigma1re,sigma1im,mu1re,mu1im,alpha0,alpha1,b_star,corresponding_negative_eigenvalues
0.2,0.3,1,1.1,1.0,-1.0999999999999983,1,1.1,0.2,0.3,-0.5,-0.1999999999999984,0.0,0.0,"[0.2  0.21 0.22 0.23 0.24 0.25 0.26 0.27 0.28 0.29 0.3  0.31 0.32 0.33
 0.34 0.35 0.36 0.37 0.38 0.39 0.4  0.41 0.42 0.43 0.44 0.45 0.46 0.47
 0.48 0.49 0.5  0.51 0.52 0.53]","[-0.00613495 -0.03141047 -0.03220254 -0.03276373 -0.03310531 -0.03324186
 -0.03318975 -0.03296595 -0.03258718 -0.03206936 -0.0314273  -0.03067451
 -0.0298232  -0.02888429 -0.02786751 -0.02678145 -0.02563372 -0.02443103
 -0.02317929 -0.02188372 -0.02054891 -0.01917892 -0.01777735 -0.01634736
 -0.01489177 -0.01341308 -0.01191348 -0.01039497 -0.0088593  -0.00730804
 -0.00574259 -0.00416421 -0.00257402 -0.00097304]"
