sigma0re,sigma0im,beta0re,beta0im,mu0re,mu0im,beta1re,beta1im,sigma1re,sigma1im,mu1re,mu1im,alpha0,alpha1,b_star,corresponding_negative_eigenvalues
0.2,0.3,1,1.1,1.0,-0.799999999999998,1,1.1,0.2,0.3,-0.5,-1.5999999999999996,0.0,0.0,"[0.01 0.02 0.03 0.04 0.05 0.06 0.07 0.08 0.09 0.1  0.11 0.12 0.13 0.14
 0.15 0.16 0.17 0.18 0.19 0.2  0.21 0.22 0.23 0.24 0.25 0.26 0.27 0.28
 0.29 0.3  0.31 0.32 0.33 0.34 0.35 0.36 0.37]","[-0.00070983 -0.00287188 -0.00659235 -0.01208229 -0.01973691 -0.03035647
 -0.04598863 -0.071093   -0.05437423 -0.05484841 -0.05783062 -0.06214128
 -0.06742302 -0.07353807 -0.08043455 -0.08810363 -0.08979413 -0.08520091
 -0.08064108 -0.07611474 -0.07162113 -0.06715902 -0.06272693 -0.05832323
 -0.05394626 -0.04959435 -0.04526588 -0.04095929 -0.03667309 -0.03240585
 -0.02815623 -0.02392297 -0.01970488 -0.01550083 -0.01130978 -0.00713074
 -0.0029628 ]"
