sigma0re,sigma0im,beta0re,beta0im,mu0re,mu0im,beta1re,beta1im,sigma1re,sigma1im,mu1re,mu1im,alpha0,alpha1,b_star,corresponding_negative_eigenvalues
0.2,0.3,1,1.1,1.0,2.9000000000000057,1,1.1,0.2,0.3,-0.5,0.20000000000000195,0.0,0.0,"[0.01 0.02 0.03 0.04 0.05 0.06 0.07 0.08 0.09 0.1  0.11 0.12 0.13 0.14
 0.15 0.16 0.17 0.18 0.19 0.2  0.21 0.22 0.23 0.24]","[-0.00032033 -0.0012797  -0.00287229 -0.00508487 -0.00789036 -0.01123686
 -0.01503009 -0.01910931 -0.02322311 -0.02702695 -0.03013567 -0.03223495
 -0.03318289 -0.03302026 -0.03189993 -0.03000716 -0.02751249 -0.02455512
 -0.02124261 -0.0176561  -0.0138564  -0.00988915 -0.00578881 -0.0015816 ]"
