sigma0re,sigma0im,beta0re,beta0im,mu0re,mu0im,beta1re,beta1im,sigma1re,sigma1im,mu1re,mu1im,alpha0,alpha1,b_star,corresponding_negative_eigenvalues
0.2,0.3,1,1.1,1.0,0.5000000000000031,1,1.1,0.2,0.3,-0.5,1.0000000000000027,0.1,0.1,[0.36 0.37 0.38 0.39 0.4  0.41 0.42 0.43 0.44 0.45 0.46],"[-0.00728317 -0.02250349 -0.02004375 -0.01757391 -0.01509591 -0.01261143
 -0.01012184 -0.00762832 -0.00513185 -0.00263327 -0.0001333 ]"
