sigma0re,sigma0im,beta0re,beta0im,mu0re,mu0im,beta1re,beta1im,sigma1re,sigma1im,mu1re,mu1im,alpha0,alpha1,b_star,corresponding_negative_eigenvalues
0.2,0.3,1,1.1,1.0,-0.1999999999999975,1,1.1,0.2,0.3,-0.5,-0.899999999999999,0.1,0.1,"[0.01 0.02 0.03 0.04 0.05 0.06 0.07 0.08 0.09 0.1  0.11 0.12 0.13 0.14
 0.15 0.16 0.17 0.18 0.19 0.2  0.21 0.22]","[-7.68224597e-05 -3.05097963e-04 -6.78197132e-04 -1.18490264e-03
 -1.80919610e-03 -2.53004379e-03 -3.32127487e-03 -4.15167838e-03
 -4.98546834e-03 -5.78326114e-03 -6.50365447e-03 -7.10538038e-03
 -7.54983813e-03 -7.80364824e-03 -7.84078319e-03 -7.64388377e-03
 -7.20455997e-03 -6.52272607e-03 -5.60522705e-03 -4.46410703e-03
 -3.11484718e-03 -1.57480346e-03]"
