sigma0re,sigma0im,beta0re,beta0im,mu0re,mu0im,beta1re,beta1im,sigma1re,sigma1im,mu1re,mu1im,alpha0,alpha1,b_star,corresponding_negative_eigenvalues
0.2,0.3,1,1.1,1.0,-0.8999999999999981,1,1.1,0.2,0.3,-0.5,-1.1999999999999993,0.1,0.1,"[0.01 0.02 0.03 0.04 0.05 0.06 0.07 0.08 0.09 0.1  0.11 0.12 0.13 0.14
 0.15 0.16 0.17 0.18 0.19 0.2  0.21 0.22 0.23 0.24 0.25 0.26 0.27 0.28
 0.29 0.3  0.31 0.32 0.33 0.34 0.35 0.36 0.37 0.38 0.39 0.4  0.41 0.42
 0.43 0.44 0.45 0.46 0.47 0.48 0.49 0.5  0.51 0.52 0.53 0.54 0.55 0.56
 0.57 0.58 0.59 0.6  0.61]","[-0.00047545 -0.00191613 -0.00436758 -0.00648011 -0.00713841 -0.00879667
 -0.01092233 -0.01345053 -0.01636617 -0.01966849 -0.02336298 -0.02745891
 -0.03196849 -0.03690667 -0.04229129 -0.04814339 -0.05448778 -0.06135375
 -0.06877604 -0.07679623 -0.0854646  -0.09484275 -0.10500733 -0.10188731
 -0.09871648 -0.09558225 -0.09248296 -0.08941707 -0.08638317 -0.08337994
 -0.08040618 -0.07746075 -0.07454261 -0.07165077 -0.06878432 -0.06594241
 -0.06312424 -0.06032907 -0.0575562  -0.05480497 -0.05207478 -0.04936503
 -0.04667518 -0.04400473 -0.04135319 -0.03872011 -0.03610504 -0.03350759
 -0.03092737 -0.02836402 -0.02581719 -0.02328655 -0.02077179 -0.01827261
 -0.01578875 -0.01331991 -0.01086587 -0.00842636 -0.00600116 -0.00359005
 -0.00119281]"
