sigma0re,sigma0im,beta0re,beta0im,mu0re,mu0im,beta1re,beta1im,sigma1re,sigma1im,mu1re,mu1im,alpha0,alpha1,b_star,corresponding_negative_eigenvalues
0.2,0.3,1,1.1,1.0,-1.6999999999999988,1,1.1,0.2,0.3,-0.5,-0.3999999999999986,0.0,0.0,"[0.29 0.3  0.31 0.32 0.33 0.34 0.35 0.36 0.37 0.38 0.39 0.4  0.41 0.42
 0.43 0.44 0.45 0.46 0.47 0.48 0.49 0.5  0.51 0.52 0.53 0.54 0.55 0.56
 0.57 0.58 0.59 0.6  0.61 0.62 0.63 0.64 0.65 0.66 0.67 0.68 0.69 0.7
 0.71 0.72 0.73]","[-0.00629497 -0.02921892 -0.08886991 -0.08657022 -0.08428404 -0.08201124
 -0.07975162 -0.07750492 -0.07527086 -0.0730491  -0.07083931 -0.06864113
 -0.0664542  -0.06427818 -0.06211269 -0.05995739 -0.05781193 -0.05567596
 -0.05354917 -0.05143122 -0.04932179 -0.04722059 -0.04512732 -0.04304168
 -0.04096341 -0.03889224 -0.0368279  -0.03477015 -0.03271874 -0.03067344
 -0.02863403 -0.02660029 -0.02457201 -0.02254898 -0.02053102 -0.01851794
 -0.01650955 -0.01450568 -0.01250615 -0.01051082 -0.00851952 -0.00653209
 -0.0045484  -0.0025683  -0.00059166]"
