sigma0re,sigma0im,beta0re,beta0im,mu0re,mu0im,beta1re,beta1im,sigma1re,sigma1im,mu1re,mu1im,alpha0,alpha1,b_star,corresponding_negative_eigenvalues
0.2,0.3,1,1.1,1.0,0.6000000000000032,1,1.1,0.2,0.3,-0.5,0.7000000000000024,0.1,0.1,"[0.31 0.32 0.33 0.34 0.35 0.36 0.37 0.38 0.39 0.4  0.41 0.42 0.43 0.44
 0.45 0.46 0.47 0.48 0.49 0.5  0.51 0.52 0.53 0.54 0.55 0.56 0.57 0.58
 0.59 0.6  0.61 0.62 0.63 0.64 0.65 0.66 0.67 0.68 0.69 0.7  0.71 0.72
 0.73 0.74 0.75 0.76 0.77 0.78 0.79 0.8  0.81 0.82 0.83 0.84 0.85 0.86
 0.87 0.88 0.89 0.9  0.91 0.92 0.93 0.94 0.95]","[-0.00095858 -0.0138633  -0.03247053 -0.07341548 -0.07230693 -0.07116337
 -0.06999132 -0.06879613 -0.06758223 -0.06635326 -0.06511229 -0.06386187
 -0.06260415 -0.06134095 -0.06007379 -0.05880398 -0.05753262 -0.05626065
 -0.05498888 -0.05371799 -0.05244857 -0.05118111 -0.04991604 -0.04865374
 -0.04739451 -0.04613861 -0.04488626 -0.04363767 -0.04239299 -0.04115235
 -0.03991587 -0.03868364 -0.03745573 -0.0362322  -0.0350131  -0.03379848
 -0.03258834 -0.03138273 -0.03018163 -0.02898507 -0.02779303 -0.02660552
 -0.02542253 -0.02424404 -0.02307003 -0.0219005  -0.02073541 -0.01957476
 -0.01841851 -0.01726664 -0.01611912 -0.01497594 -0.01383706 -0.01270246
 -0.01157212 -0.01044599 -0.00932407 -0.00820632 -0.00709271 -0.00598322
 -0.00487783 -0.0037765  -0.00267922 -0.00158596 -0.0004967 ]"
