sigma0re,sigma0im,beta0re,beta0im,mu0re,mu0im,beta1re,beta1im,sigma1re,sigma1im,mu1re,mu1im,alpha0,alpha1,b_star,corresponding_negative_eigenvalues
0.2,0.3,1,1.1,1.0,-0.2999999999999976,1,1.1,0.2,0.3,-0.5,-1.1999999999999993,0.1,0.1,"[0.01 0.02 0.03 0.04 0.05 0.06 0.07 0.08 0.09 0.1  0.11 0.12 0.13 0.14
 0.15 0.16 0.17 0.18 0.19 0.2  0.21 0.22 0.23 0.24]","[-0.00015513 -0.00061778 -0.00137941 -0.00242487 -0.00373099 -0.00526463
 -0.00698046 -0.00881864 -0.01070347 -0.01254402 -0.01423834 -0.01568189
 -0.0167796  -0.01745817 -0.0176746  -0.01741791 -0.01670439 -0.0155692
 -0.01405754 -0.01221765 -0.01009611 -0.00773533 -0.00517252 -0.0024396 ]"
