sigma0re,sigma0im,beta0re,beta0im,mu0re,mu0im,beta1re,beta1im,sigma1re,sigma1im,mu1re,mu1im,alpha0,alpha1,b_star,corresponding_negative_eigenvalues
0.2,0.3,1,1.1,1.0,-0.1999999999999975,1,1.1,0.2,0.3,-0.5,-1.2999999999999994,0.0,0.0,"[0.01 0.02 0.03 0.04 0.05 0.06 0.07 0.08 0.09 0.1  0.11 0.12 0.13 0.14
 0.15 0.16]","[-0.00014314 -0.00056632 -0.00125043 -0.00216213 -0.00325207 -0.00445299
 -0.00567903 -0.0068275  -0.007785   -0.00843825 -0.00868824 -0.00846347
 -0.00772752 -0.00647865 -0.00474269 -0.002563  ]"
