sigma0re,sigma0im,beta0re,beta0im,mu0re,mu0im,beta1re,beta1im,sigma1re,sigma1im,mu1re,mu1im,alpha0,alpha1,b_star,corresponding_negative_eigenvalues
0.2,0.3,1,1.1,1.0,2.800000000000005,1,1.1,0.2,0.3,-0.5,0.40000000000000213,0.1,0.1,"[0.01 0.02 0.03 0.04 0.05 0.06 0.07 0.08 0.09 0.1  0.11 0.12 0.13 0.14
 0.15 0.16 0.17 0.18 0.19 0.2  0.21 0.22 0.23 0.24 0.25 0.26 0.27 0.28
 0.29 0.3  0.31 0.32 0.33 0.34 0.35 0.36 0.37 0.38 0.39 0.4  0.41 0.42
 0.43 0.44 0.45 0.46 0.47 0.48 0.49 0.5  0.51 0.52 4.78 4.79 4.8  4.81
 4.82 4.83 4.84 4.85 4.86 4.87 4.88 4.89 4.9  4.91 4.92 4.93 4.94 4.95
 4.96 4.97 4.98 4.99 5.  ]","[-0.00052274 -0.00210831 -0.00481195 -0.00873792 -0.01406433 -0.02109843
 -0.03041572 -0.04331295 -0.06449916 -0.05232925 -0.05096088 -0.05236081
 -0.05500247 -0.05845137 -0.0625317  -0.06716162 -0.07230215 -0.0779373
 -0.08406528 -0.09069438 -0.09482486 -0.09144516 -0.08809722 -0.08478031
 -0.08149341 -0.07823539 -0.07500507 -0.07180122 -0.06862265 -0.06546817
 -0.06233664 -0.05922698 -0.05613813 -0.05306913 -0.05001902 -0.04698694
 -0.04397206 -0.04097359 -0.03799081 -0.03502305 -0.03206965 -0.02913003
 -0.02620363 -0.02328993 -0.02038845 -0.01749874 -0.01462037 -0.01175297
 -0.00889618 -0.00604965 -0.00321307 -0.00038618 -0.00250364 -0.0067714
 -0.01106479 -0.01538383 -0.01972854 -0.02409896 -0.02849512 -0.03291704
 -0.03736475 -0.04183827 -0.04633765 -0.0508629  -0.05541405 -0.05999114
 -0.06459418 -0.0692232  -0.07387823 -0.0785593  -0.08326644 -0.08799967
 -0.09275901 -0.0975445  -0.10235615]"
