sigma0re,sigma0im,beta0re,beta0im,mu0re,mu0im,beta1re,beta1im,sigma1re,sigma1im,mu1re,mu1im,alpha0,alpha1,b_star,corresponding_negative_eigenvalues
0.2,0.3,1,1.1,1.0,1.5000000000000036,1,1.1,0.2,0.3,-0.5,0.30000000000000204,0.0,0.0,"[0.01 0.02 0.03 0.04 0.05 0.06 0.07 0.08 0.09 0.1  0.11 0.12 0.13 0.14
 0.15 0.16 0.17 0.18 0.19 0.2  0.21 0.22 0.23 0.24 0.25 0.26 0.27 0.28
 0.29 0.3  0.31 0.32 0.33 0.34 0.35 0.36 0.37 0.38 0.39 0.4  0.41 0.42
 0.43 0.44 0.45 0.46 0.47 0.48 0.49 0.5  0.51 0.52 0.53 0.54 0.55 0.56
 0.57 0.58 0.59]","[-0.00024874 -0.00099629 -0.00224667 -0.00400642 -0.00628443 -0.00909142
 -0.01243892 -0.01633739 -0.02079245 -0.02579801 -0.03132376 -0.03729387
 -0.04355532 -0.04984399 -0.05578125 -0.06095078 -0.06504784 -0.06798355
 -0.0698564  -0.07085118 -0.0711586  -0.07094014 -0.07032142 -0.06939696
 -0.06823708 -0.06689426 -0.06540788 -0.06380786 -0.06211712 -0.06035344
 -0.05853075 -0.05666004 -0.05475011 -0.05280802 -0.05083949 -0.04884918
 -0.04684092 -0.04481787 -0.04278265 -0.04073742 -0.03868401 -0.03662394
 -0.03455847 -0.03248869 -0.0304155  -0.02833967 -0.02626183 -0.02418254
 -0.02210224 -0.02002133 -0.01794014 -0.01585892 -0.01377791 -0.0116973
 -0.00961724 -0.00753786 -0.00545927 -0.00338154 -0.00130473]"
