sigma0re,sigma0im,beta0re,beta0im,mu0re,mu0im,beta1re,beta1im,sigma1re,sigma1im,mu1re,mu1im,alpha0,alpha1,b_star,corresponding_negative_eigenvalues
0.2,0.3,1,1.1,1.0,-1.3999999999999986,1,1.1,0.2,0.3,-0.5,-1.4999999999999996,0.0,0.0,"[0.16 0.17 0.18 0.19 0.2  0.21 0.22 0.23 0.24 0.25 0.26 0.27 0.28 0.29
 0.3  0.31 0.32 0.33 0.34 0.35 0.36 0.37 0.38 0.39 0.4  0.41 0.42 0.43
 0.44 0.45 0.46 0.47 0.48 0.49 0.5  0.51 0.52 0.53 0.54 0.55 0.56 0.57
 0.58 0.59 0.6  0.61 0.62 0.63 0.64 0.65 0.66 0.67 0.68 0.69 0.7  0.71
 0.72]","[-0.00132908 -0.01050781 -0.02090977 -0.03265479 -0.04590679 -0.06089512
 -0.0779524  -0.0975885  -0.12065359 -0.12388115 -0.12102185 -0.11817787
 -0.11534896 -0.11253485 -0.10973527 -0.10694991 -0.10417847 -0.1014206
 -0.09867599 -0.0959443  -0.09322518 -0.09051828 -0.08782327 -0.0851398
 -0.08246752 -0.07980611 -0.07715521 -0.07451451 -0.07188368 -0.0692624
 -0.06665036 -0.06404725 -0.06145276 -0.05886662 -0.05628853 -0.05371822
 -0.05115541 -0.04859985 -0.04605127 -0.04350943 -0.0409741  -0.03844502
 -0.03592199 -0.03340477 -0.03089315 -0.02838694 -0.02588592 -0.02338992
 -0.02089873 -0.01841217 -0.01593008 -0.01345229 -0.01097862 -0.00850893
 -0.00604306 -0.00358086 -0.00112219]"
