sigma0re,sigma0im,beta0re,beta0im,mu0re,mu0im,beta1re,beta1im,sigma1re,sigma1im,mu1re,mu1im,alpha0,alpha1,b_star,corresponding_negative_eigenvalues
0.2,0.3,1,1.1,1.0,-0.2999999999999976,1,1.1,0.2,0.3,-0.5,-0.6999999999999988,0.0,0.0,"[0.01 0.02 0.03 0.04 0.05 0.06 0.07 0.08 0.09 0.1  0.11 0.12 0.13 0.14
 0.15 0.16 0.17 0.18 0.19 0.2  0.21 0.22 0.23 0.24 0.25 0.26 0.27 0.28
 0.29 0.3  0.31 0.32 0.33]","[-0.00011588 -0.00046181 -0.00103254 -0.00181902 -0.00280804 -0.00398161
 -0.00531641 -0.00678318 -0.00834633 -0.009964   -0.01158868 -0.01316879
 -0.01465122 -0.0159847  -0.01712347 -0.01803065 -0.01868051 -0.01905927
 -0.01916435 -0.01900252 -0.01858746 -0.0179373  -0.01707251 -0.0160142
 -0.01478299 -0.01339829 -0.01187791 -0.01023788 -0.00849247 -0.00665427
 -0.00473432 -0.00274227 -0.00068652]"
