sigma0re,sigma0im,beta0re,beta0im,mu0re,mu0im,beta1re,beta1im,sigma1re,sigma1im,mu1re,mu1im,alpha0,alpha1,b_star,corresponding_negative_eigenvalues
0.2,0.3,1,1.1,1.0,-1.2999999999999985,1,1.1,0.2,0.3,-0.5,-0.09999999999999831,0.1,0.1,[0.26 0.27 4.94 4.95 4.96 4.97 4.98 4.99 5.  ],"[-0.00134907 -0.00010134 -0.00354369 -0.00730638 -0.01109343 -0.01490489
 -0.01874084 -0.02260136 -0.0264865 ]"
