sigma0re,sigma0im,beta0re,beta0im,mu0re,mu0im,beta1re,beta1im,sigma1re,sigma1im,mu1re,mu1im,alpha0,alpha1,b_star,corresponding_negative_eigenvalues
0.2,0.3,1,1.1,1.0,1.8000000000000043,1,1.1,0.2,0.3,-0.5,1.9000000000000035,0.0,0.0,"[0.22 0.23 0.24 0.25 0.26 0.27 0.28 0.29 0.3  0.31 0.32 0.33 0.34 0.35
 0.36 0.37 0.38 0.39 0.4  0.41 0.42 0.43 0.44 0.45 0.46 0.47 0.48 0.49
 0.5  0.51 0.52 0.53 0.54 0.55 0.56 0.57 0.58 0.59 0.6  0.61 0.62 0.63
 0.64 0.65 0.66 0.67 0.68 0.69 0.7  0.71 0.72 0.73]","[-0.01637359 -0.06815514 -0.13110359 -0.12831807 -0.12554084 -0.12277191
 -0.12001125 -0.11725884 -0.11451462 -0.11177852 -0.10905047 -0.10633037
 -0.10361812 -0.10091361 -0.09821673 -0.09552733 -0.09284528 -0.09017046
 -0.0875027  -0.08484186 -0.0821878  -0.07954035 -0.07689936 -0.07426467
 -0.07163612 -0.06901356 -0.06639683 -0.06378577 -0.06118022 -0.05858003
 -0.05598505 -0.05339512 -0.0508101  -0.04822983 -0.04565417 -0.04308299
 -0.04051613 -0.03795346 -0.03539486 -0.03284017 -0.03028929 -0.02774208
 -0.02519841 -0.02265818 -0.02012126 -0.01758753 -0.01505689 -0.01252924
 -0.01000445 -0.00748244 -0.00496311 -0.00244634]"
