sigma0re,sigma0im,beta0re,beta0im,mu0re,mu0im,beta1re,beta1im,sigma1re,sigma1im,mu1re,mu1im,alpha0,alpha1,b_star,corresponding_negative_eigenvalues
0.2,0.3,1,1.1,1.0,-0.799999999999998,1,1.1,0.2,0.3,-0.5,-1.4999999999999996,0.1,0.1,"[0.01 0.02 0.03 0.04 0.05 0.06 0.07 0.08 0.09 0.1  0.11 0.12 0.13 0.14
 0.15 0.16 0.17 0.18 0.19 0.2  0.21 0.22 0.23 0.24 0.25 0.26 0.27 0.28
 0.29 0.3  0.31 0.32 0.33 0.34 0.35 0.36 0.37 0.38 0.39 0.4  0.41 0.42
 0.43 0.44]","[-0.00052827 -0.00213013 -0.00485988 -0.00881982 -0.01418432 -0.02125297
 -0.03058309 -0.04341221 -0.06400628 -0.06481778 -0.06065962 -0.06186755
 -0.06496521 -0.06919952 -0.07429912 -0.08014956 -0.08670449 -0.09395397
 -0.09137144 -0.08742047 -0.08349518 -0.07959753 -0.07572844 -0.07188817
 -0.06807659 -0.06429325 -0.06053756 -0.05680882 -0.05310625 -0.04942907
 -0.04577646 -0.04214763 -0.03854178 -0.03495816 -0.03139602 -0.02785465
 -0.02433337 -0.02083153 -0.0173485  -0.01388368 -0.01043651 -0.00700644
 -0.00359298 -0.00019561]"
