sigma0re,sigma0im,beta0re,beta0im,mu0re,mu0im,beta1re,beta1im,sigma1re,sigma1im,mu1re,mu1im,alpha0,alpha1,b_star,corresponding_negative_eigenvalues
0.2,0.3,1,1.1,1.0,0.7000000000000033,1,1.1,0.2,0.3,-0.5,1.1000000000000028,0.0,0.0,"[0.31 0.32 0.33 0.34 0.35 0.36 0.37 0.38 0.39 0.4  0.41 0.42 0.43 0.44
 0.45 0.46]","[-0.03941683 -0.04578382 -0.04264528 -0.03951318 -0.03638779 -0.03326925
 -0.0301576  -0.02705279 -0.02395472 -0.02086323 -0.01777815 -0.01469926
 -0.01162634 -0.00855916 -0.00549745 -0.00244099]"
