sigma0re,sigma0im,beta0re,beta0im,mu0re,mu0im,beta1re,beta1im,sigma1re,sigma1im,mu1re,mu1im,alpha0,alpha1,b_star,corresponding_negative_eigenvalues
0.2,0.3,1,1.1,1.0,1.600000000000004,1,1.1,0.2,0.3,-0.5,1.7000000000000033,0.0,0.0,"[0.24 0.25 0.26 0.27 0.28 0.29 0.3  0.31 0.32 0.33 0.34 0.35 0.36 0.37
 0.38 0.39 0.4  0.41 0.42 0.43 0.44 0.45 0.46 0.47 0.48 0.49 0.5  0.51
 0.52 0.53 0.54 0.55 0.56 0.57 0.58 0.59 0.6  0.61 0.62 0.63 0.64 0.65
 0.66 0.67 0.68 0.69 0.7  0.71 0.72 0.73]","[-0.02487749 -0.08503539 -0.12368671 -0.12088266 -0.11808957 -0.11530734
 -0.11253584 -0.10977493 -0.10702445 -0.10428423 -0.1015541  -0.09883386
 -0.09612332 -0.09342226 -0.09073048 -0.08804777 -0.08537389 -0.08270865
 -0.0800518  -0.07740313 -0.07476243 -0.07212945 -0.069504   -0.06688584
 -0.06427477 -0.06167057 -0.05907304 -0.05648196 -0.05389713 -0.05131837
 -0.04874546 -0.04617822 -0.04361647 -0.04106003 -0.03850871 -0.03596234
 -0.03342075 -0.03088378 -0.02835128 -0.02582307 -0.02329902 -0.02077897
 -0.01826278 -0.01575032 -0.01324144 -0.01073602 -0.00823393 -0.00573505
 -0.00323925 -0.00074643]"
