sigma0re,sigma0im,beta0re,beta0im,mu0re,mu0im,beta1re,beta1im,sigma1re,sigma1im,mu1re,mu1im,alpha0,alpha1,b_star,corresponding_negative_eigenvalues
0.2,0.3,1,1.1,1.0,2.0000000000000044,1,1.1,0.2,0.3,-0.5,1.6000000000000032,0.0,0.0,"[0.22 0.23 0.24 0.25 0.26 0.27 0.28 0.29 0.3  0.31 0.32 0.33 0.34 0.35
 0.36 0.37 0.38 0.39 0.4  0.41 0.42 0.43 0.44 0.45 0.46 0.47 0.48 0.49
 0.5  0.51 0.52 0.53 0.54 0.55 0.56 0.57 0.58 0.59 0.6  0.61 0.62 0.63
 0.64 0.65 0.66 0.67 0.68 0.69 0.7  0.71 0.72 0.73 0.74 0.75 0.76 0.77
 0.78 0.79 0.8  0.81 0.82 0.83 0.84 0.85 0.86 0.87 0.88 0.89 0.9  0.91
 0.92 0.93 0.94 0.95 0.96 0.97 0.98 0.99 1.   1.01 1.02 1.03 1.04 1.05
 1.06 1.07 1.08 1.09 1.1  1.11 1.12 1.13 1.14 1.15 1.16 1.17 1.18 1.19]","[-0.01536546 -0.05054686 -0.11689858 -0.15517053 -0.15340239 -0.15163692
 -0.14987417 -0.1481142  -0.14635704 -0.14460275 -0.14285135 -0.14110289
 -0.1393574  -0.13761491 -0.13587543 -0.13413899 -0.13240561 -0.13067529
 -0.12894805 -0.1272239  -0.12550284 -0.12378488 -0.12207    -0.12035821
 -0.11864951 -0.11694387 -0.1152413  -0.11354177 -0.11184528 -0.1101518
 -0.10846133 -0.10677383 -0.10508928 -0.10340767 -0.10172897 -0.10005314
 -0.09838017 -0.09671003 -0.09504268 -0.0933781  -0.09171625 -0.0900571
 -0.08840063 -0.08674679 -0.08509556 -0.08344689 -0.08180076 -0.08015713
 -0.07851596 -0.07687723 -0.07524088 -0.07360689 -0.07197523 -0.07034584
 -0.06871871 -0.06709379 -0.06547105 -0.06385045 -0.06223195 -0.06061552
 -0.05900113 -0.05738873 -0.0557783  -0.05416979 -0.05256318 -0.05095843
 -0.04935551 -0.04775437 -0.046155   -0.04455735 -0.04296139 -0.04136709
 -0.03977442 -0.03818334 -0.03659383 -0.03500585 -0.03341938 -0.03183438
 -0.03025082 -0.02866868 -0.02708792 -0.02550852 -0.02393045 -0.02235368
 -0.02077818 -0.01920393 -0.0176309  -0.01605907 -0.01448841 -0.01291888
 -0.01135048 -0.00978318 -0.00821694 -0.00665175 -0.00508759 -0.00352443
 -0.00196224 -0.00040102]"
