sigma0re,sigma0im,beta0re,beta0im,mu0re,mu0im,beta1re,beta1im,sigma1re,sigma1im,mu1re,mu1im,alpha0,alpha1,b_star,corresponding_negative_eigenvalues
0.2,0.3,1,1.1,1.0,-0.4999999999999978,1,1.1,0.2,0.3,-0.5,-1.7999999999999998,0.0,0.0,"[0.01 0.02 0.03 0.04 0.05 0.06 0.07 0.08 0.09 0.1  0.11 0.12 0.13 0.14
 0.15 0.16 0.17 0.18 0.19 0.2  0.21 0.22 0.23 0.24]","[-0.00049777 -0.00199722 -0.00451604 -0.00808029 -0.01271554 -0.01842309
 -0.02512003 -0.03250328 -0.03982719 -0.04585302 -0.04949445 -0.0506012
 -0.04971991 -0.04747572 -0.04432982 -0.04058291 -0.03642656 -0.03198429
 -0.02733757 -0.02254146 -0.01763406 -0.01264228 -0.00758544 -0.00247769]"
