sigma0re,sigma0im,beta0re,beta0im,mu0re,mu0im,beta1re,beta1im,sigma1re,sigma1im,mu1re,mu1im,alpha0,alpha1,b_star,corresponding_negative_eigenvalues
0.2,0.3,1,1.1,1.0,-1.1999999999999984,1,1.1,0.2,0.3,-0.5,-0.2999999999999985,0.0,0.0,"[0.23 0.24 0.25 0.26 0.27 0.28 0.29 0.3  0.31 0.32 0.33 0.34 0.35 0.36
 0.37 0.38 0.39 0.4  0.41 0.42 0.43 0.44 0.45 0.46 0.47 0.48 0.49 0.5
 0.51 0.52 0.53 0.54 0.55 0.56 0.57 0.58 0.59 0.6  0.61 0.62 0.63 0.64
 0.65 0.66 0.67 0.68 0.69 0.7  0.71 0.72 0.73 0.74 0.75 0.76 0.77 0.78
 0.79]","[-0.00340636 -0.01464938 -0.03077634 -0.07115192 -0.07097126 -0.07058005
 -0.07001581 -0.06930886 -0.06848364 -0.06755996 -0.06655392 -0.06547867
 -0.06434501 -0.06316187 -0.06193666 -0.06067556 -0.05938377 -0.05806566
 -0.05672493 -0.05536475 -0.05398779 -0.05259636 -0.05119244 -0.04977775
 -0.04835375 -0.04692173 -0.04548281 -0.04403794 -0.04258799 -0.04113368
 -0.03967566 -0.03821452 -0.03675073 -0.03528474 -0.03381694 -0.03234767
 -0.03087722 -0.02940585 -0.02793379 -0.02646126 -0.02498842 -0.02351544
 -0.02204244 -0.02056956 -0.01909689 -0.01762452 -0.01615255 -0.01468102
 -0.01321001 -0.01173956 -0.01026971 -0.0088005  -0.00733196 -0.00586412
 -0.00439699 -0.00293059 -0.00146492]"
