sigma0re,sigma0im,beta0re,beta0im,mu0re,mu0im,beta1re,beta1im,sigma1re,sigma1im,mu1re,mu1im,alpha0,alpha1,b_star,corresponding_negative_eigenvalues
0.2,0.3,1,1.1,1.0,2.100000000000005,1,1.1,0.2,0.3,-0.5,1.6000000000000032,0.0,0.0,"[0.21 0.22 0.23 0.24 0.25 0.26 0.27 0.28 0.29 0.3  0.31 0.32 0.33 0.34
 0.35 0.36 0.37 0.38 0.39 0.4  0.41 0.42 0.43 0.44 0.45 0.46 0.47 0.48
 0.49 0.5  0.51 0.52 0.53 0.54 0.55 0.56 0.57 0.58 0.59 0.6  0.61 0.62
 0.63 0.64 0.65 0.66 0.67 0.68 0.69 0.7  0.71 0.72 0.73 0.74 0.75 0.76
 0.77 0.78 0.79 0.8  0.81 0.82 0.83 0.84 0.85 0.86 0.87 0.88 0.89 0.9
 0.91 0.92 0.93 0.94 0.95 0.96 0.97 0.98 0.99 1.   1.01 1.02 1.03 1.04
 1.05 1.06 1.07 1.08 1.09 1.1  1.11 1.12 1.13 1.14 1.15 1.16 1.17 1.18
 1.19 1.2  1.21 1.22 1.23 1.24 1.25 1.26 1.27 1.28 1.29 1.3  1.31 1.32
 1.33]","[-0.00120315 -0.02992914 -0.07197658 -0.16159935 -0.16001509 -0.15843262
 -0.15685199 -0.15527326 -0.15369645 -0.15212161 -0.15054878 -0.14897799
 -0.14740928 -0.14584267 -0.1442782  -0.14271589 -0.14115576 -0.13959784
 -0.13804215 -0.13648869 -0.1349375  -0.13338857 -0.13184193 -0.13029757
 -0.12875552 -0.12721576 -0.12567832 -0.12414319 -0.12261036 -0.12107985
 -0.11955164 -0.11802573 -0.11650212 -0.11498081 -0.11346177 -0.11194501
 -0.11043051 -0.10891827 -0.10740826 -0.10590048 -0.10439491 -0.10289153
 -0.10139034 -0.09989131 -0.09839443 -0.09689967 -0.09540702 -0.09391647
 -0.09242798 -0.09094154 -0.08945713 -0.08797472 -0.0864943  -0.08501584
 -0.08353932 -0.08206472 -0.08059202 -0.07912119 -0.0776522  -0.07618504
 -0.07471968 -0.0732561  -0.07179427 -0.07033417 -0.06887578 -0.06741907
 -0.06596401 -0.06451059 -0.06305878 -0.06160856 -0.0601599  -0.05871278
 -0.05726717 -0.05582306 -0.05438041 -0.05293921 -0.05149943 -0.05006105
 -0.04862405 -0.0471884  -0.04575408 -0.04432107 -0.04288935 -0.04145889
 -0.04002968 -0.03860169 -0.0371749  -0.0357493  -0.03432485 -0.03290154
 -0.03147935 -0.03005826 -0.02863825 -0.0272193  -0.02580139 -0.0243845
 -0.02296861 -0.02155371 -0.02013977 -0.01872678 -0.01731472 -0.01590357
 -0.01449332 -0.01308394 -0.01167543 -0.01026776 -0.00886091 -0.00745488
 -0.00604965 -0.00464519 -0.0032415  -0.00183856 -0.00043635]"
