sigma0re,sigma0im,beta0re,beta0im,mu0re,mu0im,beta1re,beta1im,sigma1re,sigma1im,mu1re,mu1im,alpha0,alpha1,b_star,corresponding_negative_eigenvalues
0.2,0.3,1,1.1,1.0,1.3000000000000043,1,1.1,0.2,0.3,-0.5,1.2000000000000028,0.1,0.1,"[0.31 0.32 0.33 0.34 0.35 0.36 0.37 0.38 0.39 0.4  0.41 0.42 0.43 0.44
 0.45 0.46 0.47 0.48 0.49 0.5  0.51 0.52 0.53 0.54 0.55 0.56 0.57 0.58
 0.59 0.6  0.61 0.62 0.63 0.64 0.65 0.66 0.67 0.68 0.69 0.7  0.71 0.72
 0.73 0.74 0.75 0.76 0.77 0.78 0.79 0.8  0.81 0.82 0.83 0.84 0.85 0.86
 0.87 0.88 0.89 0.9  0.91 0.92 0.93 0.94 0.95 0.96 0.97 0.98 0.99 1.
 1.01 1.02 1.03 1.04 1.05 1.06 1.07 1.08 1.09 1.1  1.11 1.12 1.13 1.14
 1.15 1.16 1.17 1.18 1.19 1.2  1.21 1.22 1.23 1.24 1.25 1.26 1.27 1.28
 1.29 1.3  1.31 1.32 1.33 1.34 1.35 1.36 1.37]","[-0.00887406 -0.03066271 -0.06179254 -0.1291212  -0.12739588 -0.12568857
 -0.12399882 -0.12232622 -0.12067033 -0.11903074 -0.11740703 -0.11579881
 -0.11420566 -0.11262721 -0.11106306 -0.10951284 -0.1079762  -0.10645277
 -0.10494222 -0.10344419 -0.10195838 -0.10048447 -0.09902214 -0.0975711
 -0.09613108 -0.09470177 -0.09328293 -0.09187428 -0.09047559 -0.0890866
 -0.08770708 -0.0863368  -0.08497556 -0.08362313 -0.08227933 -0.08094394
 -0.07961678 -0.07829768 -0.07698645 -0.07568293 -0.07438696 -0.07309839
 -0.07181705 -0.07054281 -0.06927554 -0.06801508 -0.06676133 -0.06551415
 -0.06427343 -0.06303905 -0.0618109  -0.06058887 -0.05937288 -0.05816281
 -0.05695858 -0.05576009 -0.05456727 -0.05338002 -0.05219827 -0.05102194
 -0.04985096 -0.04868525 -0.04752476 -0.04636941 -0.04521915 -0.04407392
 -0.04293365 -0.04179829 -0.0406678  -0.03954212 -0.0384212  -0.03730499
 -0.03619346 -0.03508656 -0.03398425 -0.03288649 -0.03179325 -0.03070448
 -0.02962016 -0.02854025 -0.02746471 -0.02639354 -0.02532668 -0.02426412
 -0.02320583 -0.02215178 -0.02110196 -0.02005633 -0.01901488 -0.01797758
 -0.01694443 -0.01591539 -0.01489045 -0.01386959 -0.0128528  -0.01184007
 -0.01083137 -0.00982669 -0.00882602 -0.00782935 -0.00683667 -0.00584795
 -0.00486321 -0.00388241 -0.00290556 -0.00193264 -0.00096364]"
