sigma0re,sigma0im,beta0re,beta0im,mu0re,mu0im,beta1re,beta1im,sigma1re,sigma1im,mu1re,mu1im,alpha0,alpha1,b_star,corresponding_negative_eigenvalues
0.2,0.3,1,1.1,1.0,1.5000000000000036,1,1.1,0.2,0.3,-0.5,1.300000000000003,0.0,0.0,"[0.26 0.27 0.28 0.29 0.3  0.31 0.32 0.33 0.34 0.35 0.36 0.37 0.38 0.39
 0.4  0.41 0.42 0.43 0.44 0.45 0.46 0.47 0.48 0.49 0.5  0.51 0.52 0.53
 0.54 0.55 0.56 0.57 0.58 0.59 0.6  0.61 0.62 0.63 0.64 0.65 0.66 0.67
 0.68 0.69 0.7  0.71 0.72 0.73 0.74 0.75 0.76 0.77 0.78 0.79 0.8  0.81
 0.82 0.83 0.84 0.85 0.86 0.87 0.88 0.89 0.9  0.91 0.92 0.93 0.94 0.95
 0.96 0.97 0.98 0.99 1.   1.01]","[-0.02443796 -0.06014119 -0.13853644 -0.13643738 -0.13434632 -0.13226326
 -0.13018819 -0.12812108 -0.1260619  -0.12401059 -0.12196711 -0.11993138
 -0.11790333 -0.11588288 -0.11386995 -0.11186444 -0.10986626 -0.1078753
 -0.10589146 -0.10391462 -0.10194469 -0.09998154 -0.09802505 -0.09607511
 -0.0941316  -0.0921944  -0.09026338 -0.08833844 -0.08641944 -0.08450627
 -0.0825988  -0.08069691 -0.0788005  -0.07690943 -0.07502359 -0.07314287
 -0.07126715 -0.06939631 -0.06753025 -0.06566886 -0.06381202 -0.06195963
 -0.06011158 -0.05826778 -0.05642811 -0.05459248 -0.05276079 -0.05093294
 -0.04910885 -0.0472884  -0.04547152 -0.04365812 -0.04184811 -0.04004139
 -0.0382379  -0.03643754 -0.03464023 -0.03284591 -0.03105448 -0.02926588
 -0.02748003 -0.02569686 -0.0239163  -0.02213828 -0.02036273 -0.01858959
 -0.0168188  -0.01505028 -0.01328398 -0.01151985 -0.00975782 -0.00799783
 -0.00623983 -0.00448376 -0.00272958 -0.00097723]"
