sigma0re,sigma0im,beta0re,beta0im,mu0re,mu0im,beta1re,beta1im,sigma1re,sigma1im,mu1re,mu1im,alpha0,alpha1,b_star,corresponding_negative_eigenvalues
0.2,0.3,1,1.1,1.0,2.5000000000000053,1,1.1,0.2,0.3,-0.5,0.10000000000000187,0.0,0.0,"[0.01 0.02 0.03 0.04 0.05 0.06 0.07 0.08 0.09 0.1  0.11 0.12 0.13 0.14
 0.15 0.16 0.17]","[-0.00013765 -0.00054479 -0.00120366 -0.00208337 -0.0031383  -0.00430652
 -0.00550905 -0.00665131 -0.00762814 -0.00833307 -0.00867062 -0.00856853
 -0.00798565 -0.00691309 -0.00536894 -0.00338978 -0.0010218 ]"
