sigma0re,sigma0im,beta0re,beta0im,mu0re,mu0im,beta1re,beta1im,sigma1re,sigma1im,mu1re,mu1im,alpha0,alpha1,b_star,corresponding_negative_eigenvalues
0.2,0.3,1,1.1,1.0,-0.1999999999999975,1,1.1,0.2,0.3,-0.5,-1.9,0.1,0.1,[0.01 0.02 0.03 0.04 0.05 0.06 0.07 0.08 0.09 0.1  0.11 0.12 0.13 0.14],"[-0.0001603  -0.00063263 -0.00139041 -0.00238684 -0.00355162 -0.00478798
 -0.00597225 -0.00695906 -0.00759515 -0.007741   -0.00729397 -0.00620334
 -0.00447087 -0.00213882]"
