sigma0re,sigma0im,beta0re,beta0im,mu0re,mu0im,beta1re,beta1im,sigma1re,sigma1im,mu1re,mu1im,alpha0,alpha1,b_star,corresponding_negative_eigenvalues
0.2,0.3,1,1.1,1.0,-0.799999999999998,1,1.1,0.2,0.3,-0.5,1.7763568394002505e-15,0.1,0.1,[4.87 4.88 4.89 4.9  4.91 4.92 4.93 4.94 4.95 4.96 4.97 4.98 4.99 5.  ],"[-0.00224894 -0.00513422 -0.00803843 -0.01096164 -0.01390392 -0.01686533
 -0.01984594 -0.02284582 -0.02586502 -0.02890362 -0.03196169 -0.03503929
 -0.03813648 -0.04125335]"
