sigma0re,sigma0im,beta0re,beta0im,mu0re,mu0im,beta1re,beta1im,sigma1re,sigma1im,mu1re,mu1im,alpha0,alpha1,b_star,corresponding_negative_eigenvalues
0.2,0.3,1,1.1,1.0,-0.2999999999999976,1,1.1,0.2,0.3,-0.5,-1.4999999999999996,0.0,0.0,"[0.01 0.02 0.03 0.04 0.05 0.06 0.07 0.08 0.09 0.1  0.11 0.12 0.13 0.14
 0.15 0.16 0.17 0.18 0.19]","[-0.00024817 -0.00098715 -0.0021992  -0.003851   -0.00588778 -0.00822509
 -0.01073939 -0.01326141 -0.01557977 -0.01746353 -0.01870477 -0.01916476
 -0.01879779 -0.01764108 -0.01578334 -0.01333259 -0.01039441 -0.00706152
 -0.0034108 ]"
