sigma0re,sigma0im,beta0re,beta0im,mu0re,mu0im,beta1re,beta1im,sigma1re,sigma1im,mu1re,mu1im,alpha0,alpha1,b_star,corresponding_negative_eigenvalues
0.2,0.3,1,1.1,1.0,-2.3999999999999995,1,1.1,0.2,0.3,-0.5,-2.0,0.0,0.0,"[0.16 0.17 0.18 0.19 0.2  0.21 0.22 0.23 0.24 0.25 0.26 0.27 0.28 0.29
 0.3  0.31 0.32 0.33 0.34 0.35 0.36 0.37 0.38 0.39 0.4  0.41 0.42 0.43
 0.44 0.45 0.46 0.47 0.48 0.49 0.5  0.51 0.52 0.53 0.54 0.55 0.56 0.57
 0.58 0.59 0.6  0.61 0.62 0.63 0.64 0.65 0.66 0.67 0.68 0.69 0.7  0.71
 0.72 0.73 0.74 0.75 0.76 0.77 0.78 0.79 0.8  0.81 0.82 0.83 0.84 0.85
 0.86 0.87 0.88 0.89 0.9  0.91 0.92 0.93 0.94 0.95 0.96 0.97 0.98 0.99
 1.   1.01 1.02 1.03 1.04 1.05 1.06 1.07 1.08 1.09]","[-0.00556734 -0.02689494 -0.05315914 -0.08675277 -0.13417144 -0.15990053
 -0.15800519 -0.1561117  -0.1542201  -0.15233045 -0.15044279 -0.14855718
 -0.14667365 -0.14479224 -0.142913   -0.14103595 -0.13916113 -0.13728855
 -0.13541826 -0.13355026 -0.13168458 -0.12982123 -0.12796022 -0.12610157
 -0.12424529 -0.12239137 -0.12053983 -0.11869067 -0.11684388 -0.11499946
 -0.1131574  -0.11131771 -0.10948036 -0.10764536 -0.10581268 -0.10398232
 -0.10215425 -0.10032847 -0.09850496 -0.09668369 -0.09486465 -0.09304781
 -0.09123315 -0.08942066 -0.0876103  -0.08580206 -0.0839959  -0.08219181
 -0.08038975 -0.07858969 -0.07679162 -0.0749955  -0.07320131 -0.07140901
 -0.06961858 -0.06782999 -0.06604321 -0.06425821 -0.06247497 -0.06069344
 -0.05891361 -0.05713545 -0.05535891 -0.05358399 -0.05181064 -0.05003884
 -0.04826856 -0.04649977 -0.04473244 -0.04296654 -0.04120205 -0.03943894
 -0.03767718 -0.03591674 -0.0341576  -0.03239973 -0.0306431  -0.02888769
 -0.02713347 -0.02538042 -0.0236285  -0.02187771 -0.020128   -0.01837937
 -0.01663177 -0.0148852  -0.01313962 -0.01139502 -0.00965138 -0.00790866
 -0.00616685 -0.00442593 -0.00268588 -0.00094667]"
