sigma0re,sigma0im,beta0re,beta0im,mu0re,mu0im,beta1re,beta1im,sigma1re,sigma1im,mu1re,mu1im,alpha0,alpha1,b_star,corresponding_negative_eigenvalues
0.2,0.3,1,1.1,1.0,-0.3999999999999977,1,1.1,0.2,0.3,-0.5,0.10000000000000187,0.1,0.1,"[4.77 4.78 4.79 4.8  4.81 4.82 4.83 4.84 4.85 4.86 4.87 4.88 4.89 4.9
 4.91 4.92 4.93 4.94 4.95 4.96 4.97 4.98 4.99 5.  ]","[-0.00169437 -0.00360534 -0.0055281  -0.00746267 -0.00940911 -0.01136743
 -0.01333767 -0.01531986 -0.01731404 -0.01932025 -0.0213385  -0.02336885
 -0.02541132 -0.02746595 -0.02953277 -0.03161182 -0.03370313 -0.03580674
 -0.03792268 -0.04005099 -0.04219171 -0.04434487 -0.04651051 -0.04868867]"
