sigma0re,sigma0im,beta0re,beta0im,mu0re,mu0im,beta1re,beta1im,sigma1re,sigma1im,mu1re,mu1im,alpha0,alpha1,b_star,corresponding_negative_eigenvalues
0.2,0.3,1,1.1,1.0,0.7000000000000033,1,1.1,0.2,0.3,-0.5,1.500000000000003,0.1,0.1,[0.35 0.36 0.37 0.38 0.39 0.4  0.41 0.42],"[-0.02476266 -0.02127293 -0.01779358 -0.01432422 -0.01086449 -0.00741402
 -0.00397243 -0.00053938]"
