sigma0re,sigma0im,beta0re,beta0im,mu0re,mu0im,beta1re,beta1im,sigma1re,sigma1im,mu1re,mu1im,alpha0,alpha1,b_star,corresponding_negative_eigenvalues
0.2,0.3,1,1.1,1.0,-1.6999999999999988,1,1.1,0.2,0.3,-0.5,-1.6999999999999997,0.1,0.1,"[0.18 0.19 0.2  0.21 0.22 0.23 0.24 0.25 0.26 0.27 0.28 0.29 0.3  0.31
 0.32 0.33 0.34 0.35 0.36 0.37 0.38 0.39 0.4  0.41 0.42 0.43 0.44 0.45
 0.46 0.47 0.48 0.49 0.5  0.51 0.52 0.53 0.54 0.55 0.56 0.57 0.58 0.59
 0.6  0.61 0.62 0.63 0.64 0.65 0.66 0.67 0.68 0.69 0.7  0.71 0.72 0.73
 0.74 0.75 0.76 0.77 0.78 0.79 0.8  0.81 0.82 0.83 0.84 0.85 0.86 0.87
 0.88 0.89 0.9  0.91 0.92]","[-0.00178665 -0.01374447 -0.02745392 -0.04319988 -0.06140258 -0.08272364
 -0.10831557 -0.13981599 -0.13745884 -0.1351055  -0.13275602 -0.13041046
 -0.12806892 -0.12573148 -0.12339824 -0.12106932 -0.11874486 -0.116425
 -0.11410988 -0.11179968 -0.10949458 -0.10719477 -0.10490045 -0.10261185
 -0.10032918 -0.0980527  -0.09578264 -0.09351928 -0.09126288 -0.08901373
 -0.08677212 -0.08453834 -0.0823127  -0.08009553 -0.07788712 -0.07568783
 -0.07349796 -0.07131786 -0.06914787 -0.06698833 -0.06483957 -0.06270194
 -0.06057578 -0.05846143 -0.05635923 -0.05426951 -0.05219262 -0.05012886
 -0.04807858 -0.04604207 -0.04401966 -0.04201165 -0.04001832 -0.03803996
 -0.03607685 -0.03412926 -0.03219743 -0.03028161 -0.02838203 -0.0264989
 -0.02463244 -0.02278283 -0.02095026 -0.01913487 -0.01733683 -0.01555627
 -0.0137933  -0.01204802 -0.01032051 -0.00861086 -0.0069191  -0.00524527
 -0.00358939 -0.00195146 -0.00033146]"
