sigma0re,sigma0im,beta0re,beta0im,mu0re,mu0im,beta1re,beta1im,sigma1re,sigma1im,mu1re,mu1im,alpha0,alpha1,b_star,corresponding_negative_eigenvalues
0.2,0.3,1,1.1,1.0,-2.2999999999999994,1,1.1,0.2,0.3,-0.5,-0.49999999999999867,0.0,0.0,"[0.29 0.3  0.31 0.32 0.33 0.34 0.35 0.36 0.37 0.38 0.39 0.4  0.41 0.42
 0.43 0.44 0.45 0.46 0.47 0.48 0.49 0.5  0.51 0.52 0.53 0.54 0.55 0.56
 0.57 0.58 0.59 0.6  0.61 0.62 0.63 0.64 0.65]","[-0.01075478 -0.05088214 -0.0912639  -0.08841049 -0.08558005 -0.08277146
 -0.07998362 -0.07721553 -0.07446623 -0.07173481 -0.06902041 -0.06632222
 -0.06363948 -0.06097145 -0.05831744 -0.05567681 -0.05304894 -0.05043323
 -0.04782914 -0.04523612 -0.04265367 -0.04008132 -0.0375186  -0.03496509
 -0.03242037 -0.02988405 -0.02735574 -0.0248351  -0.02232177 -0.01981544
 -0.01731579 -0.01482253 -0.01233536 -0.00985403 -0.00737826 -0.00490781
 -0.00244244]"
