sigma0re,sigma0im,beta0re,beta0im,mu0re,mu0im,beta1re,beta1im,sigma1re,sigma1im,mu1re,mu1im,alpha0,alpha1,b_star,corresponding_negative_eigenvalues
0.2,0.3,1,1.1,1.0,2.0000000000000044,1,1.1,0.2,0.3,-0.5,0.30000000000000204,0.1,0.1,"[0.01 0.02 0.03 0.04 0.05 0.06 0.07 0.08 0.09 0.1  0.11 0.12 0.13 0.14
 0.15 0.16 0.17 0.18 0.19 0.2  0.21 0.22 0.23 0.24 0.25 0.26 0.27 0.28
 0.29 0.3  0.31 0.32 0.33 0.34 0.35 0.36 0.37 0.38 0.39 0.4  0.41 0.42
 0.43 0.44 0.45 0.46 0.47 0.48 0.49 0.5  0.51 0.52 0.53 0.54 0.55 0.56
 4.53 4.54 4.55 4.56 4.57 4.58 4.59 4.6  4.61 4.62 4.63 4.64 4.65 4.66
 4.67 4.68 4.69 4.7  4.71 4.72 4.73 4.74 4.75 4.76 4.77 4.78 4.79 4.8
 4.81 4.82 4.83 4.84 4.85 4.86 4.87 4.88 4.89 4.9  4.91 4.92 4.93 4.94
 4.95 4.96 4.97 4.98 4.99 5.  ]","[-0.00028391 -0.00113859 -0.002573   -0.00460246 -0.0072492  -0.01054307
 -0.01452222 -0.01923324 -0.02472917 -0.03106167 -0.0382567  -0.0462495
 -0.05473776 -0.06297707 -0.06986512 -0.07465503 -0.07741945 -0.07865335
 -0.07883517 -0.07830652 -0.07729226 -0.07593913 -0.07434452 -0.07257461
 -0.07067548 -0.06867996 -0.06661192 -0.06448902 -0.06232453 -0.06012857
 -0.05790892 -0.05567165 -0.05342153 -0.0511623  -0.04889697 -0.04662793
 -0.04435711 -0.04208604 -0.03981598 -0.03754794 -0.03528273 -0.03302102
 -0.03076335 -0.02851013 -0.02626172 -0.0240184  -0.02178038 -0.01954784
 -0.01732091 -0.01509969 -0.01288428 -0.01067471 -0.00847104 -0.0062733
 -0.00408149 -0.00189563 -0.00140455 -0.00480033 -0.00821907 -0.01166082
 -0.01512562 -0.01861353 -0.02212457 -0.02565878 -0.02921622 -0.03279693
 -0.03640094 -0.04002829 -0.04367904 -0.04735321 -0.05105086 -0.05477201
 -0.05851673 -0.06228504 -0.06607699 -0.06989261 -0.07373196 -0.07759507
 -0.08148198 -0.08539274 -0.08932738 -0.09328594 -0.09726848 -0.10127502
 -0.10530561 -0.10936028 -0.11343909 -0.11754207 -0.12166926 -0.1258207
 -0.12999644 -0.1341965  -0.13842094 -0.14266979 -0.1469431  -0.1512409
 -0.15556323 -0.15991014 -0.16428165 -0.16867783 -0.17309869 -0.17754429
 -0.18201466 -0.18650984]"
