sigma0re,sigma0im,beta0re,beta0im,mu0re,mu0im,beta1re,beta1im,sigma1re,sigma1im,mu1re,mu1im,alpha0,alpha1,b_star,corresponding_negative_eigenvalues
0.2,0.3,1,1.1,1.0,2.100000000000005,1,1.1,0.2,0.3,-0.5,1.9000000000000035,0.0,0.0,"[0.21 0.22 0.23 0.24 0.25 0.26 0.27 0.28 0.29 0.3  0.31 0.32 0.33 0.34
 0.35 0.36 0.37 0.38 0.39 0.4  0.41 0.42 0.43 0.44 0.45 0.46 0.47 0.48
 0.49 0.5  0.51 0.52 0.53 0.54 0.55 0.56 0.57 0.58 0.59 0.6  0.61 0.62
 0.63 0.64 0.65 0.66 0.67 0.68 0.69 0.7  0.71 0.72 0.73 0.74 0.75 0.76
 0.77 0.78 0.79 0.8  0.81 0.82 0.83 0.84 0.85 0.86 0.87 0.88 0.89 0.9
 0.91 0.92 0.93]","[-0.0320913  -0.09157771 -0.14839224 -0.14618122 -0.1439739  -0.14177036
 -0.13957064 -0.1373748  -0.13518289 -0.13299494 -0.13081098 -0.12863103
 -0.12645512 -0.12428325 -0.12211544 -0.11995167 -0.11779195 -0.11563626
 -0.11348459 -0.11133693 -0.10919324 -0.1070535  -0.10491769 -0.10278576
 -0.10065768 -0.09853341 -0.09641291 -0.09429613 -0.09218303 -0.09007355
 -0.08796765 -0.08586527 -0.08376636 -0.08167087 -0.07957874 -0.07748991
 -0.07540433 -0.07332193 -0.07124267 -0.06916647 -0.06709329 -0.06502306
 -0.06295572 -0.06089122 -0.05882949 -0.05677048 -0.05471412 -0.05266037
 -0.05060916 -0.04856043 -0.04651414 -0.04447021 -0.04242861 -0.04038926
 -0.03835213 -0.03631714 -0.03428427 -0.03225344 -0.03022461 -0.02819773
 -0.02617275 -0.02414962 -0.02212829 -0.02010872 -0.01809086 -0.01607466
 -0.01406008 -0.01204708 -0.01003562 -0.00802564 -0.00601712 -0.00401
 -0.00200426]"
