sigma0re,sigma0im,beta0re,beta0im,mu0re,mu0im,beta1re,beta1im,sigma1re,sigma1im,mu1re,mu1im,alpha0,alpha1,b_star,corresponding_negative_eigenvalues
0.2,0.3,1,1.1,1.0,1.8000000000000043,1,1.1,0.2,0.3,-0.5,0.40000000000000213,0.0,0.0,"[0.01 0.02 0.03 0.04 0.05 0.06 0.07 0.08 0.09 0.1  0.11 0.12 0.13 0.14
 0.15 0.16 0.17 0.18 0.19 0.2  0.21 0.22 0.23 0.24 0.25 0.26 0.27 0.28
 0.29 0.3  0.31 0.32 0.33 0.34 0.35 0.36 0.37 0.38 0.39 0.4  0.41 0.42
 0.43 0.44 0.45 0.46 0.47 0.48 0.49 0.5  0.51 0.52 0.53 0.54 0.55 0.56
 0.57 0.58 0.59 0.6  0.61 0.62 0.63 0.64 0.65 0.66 0.67]","[-0.00039848 -0.00160222 -0.00363709 -0.00654978 -0.01041427 -0.01534398
 -0.02151511 -0.02921528 -0.03896068 -0.05185299 -0.07133805 -0.09017109
 -0.07707373 -0.0762228  -0.07831674 -0.08193732 -0.08661603 -0.09215975
 -0.09848778 -0.10557745 -0.1092684  -0.10669034 -0.10411322 -0.10154229
 -0.09898105 -0.09643176 -0.09389592 -0.09137441 -0.08886775 -0.08637616
 -0.08389966 -0.08143811 -0.07899128 -0.07655888 -0.07414055 -0.07173589
 -0.0693445  -0.06696596 -0.06459984 -0.0622457  -0.05990314 -0.05757171
 -0.05525103 -0.05294068 -0.05064027 -0.04834943 -0.04606779 -0.04379498
 -0.04153068 -0.03927454 -0.03702625 -0.0347855  -0.03255198 -0.03032542
 -0.02810554 -0.02589207 -0.02368476 -0.02148336 -0.01928764 -0.01709736
 -0.01491231 -0.01273227 -0.01055705 -0.00838645 -0.00622028 -0.00405836
 -0.00190051]"
