sigma0re,sigma0im,beta0re,beta0im,mu0re,mu0im,beta1re,beta1im,sigma1re,sigma1im,mu1re,mu1im,alpha0,alpha1,b_star,corresponding_negative_eigenvalues
0.2,0.3,1,1.1,1.0,-0.1999999999999975,1,1.1,0.2,0.3,-0.5,-1.4999999999999996,0.1,0.1,"[0.01 0.02 0.03 0.04 0.05 0.06 0.07 0.08 0.09 0.1  0.11 0.12 0.13 0.14
 0.15 0.16]","[-0.00012695 -0.00050229 -0.00110911 -0.00191807 -0.00288591 -0.00395396
 -0.00504741 -0.00607653 -0.00694117 -0.00753918 -0.00777786 -0.00758575
 -0.00692073 -0.00577188 -0.00415509 -0.00210514]"
