sigma0re,sigma0im,beta0re,beta0im,mu0re,mu0im,beta1re,beta1im,sigma1re,sigma1im,mu1re,mu1im,alpha0,alpha1,b_star,corresponding_negative_eigenvalues
0.2,0.3,1,1.1,1.0,2.7000000000000046,1,1.1,0.2,0.3,-0.5,0.6000000000000023,0.0,0.0,"[0.15 0.16 0.17 0.18 0.19 0.2  0.21 0.22 0.23 0.24 0.25 0.26 0.27 0.28
 0.29 0.3  0.31 0.32 0.33 0.34 0.35 0.36 0.37 0.38 0.39 0.4  0.41 0.42
 0.43 0.44 0.45 0.46 0.47 0.48 0.49 0.5  0.51 0.52 0.53 0.54 0.55 0.56
 0.57 0.58 0.59 0.6  0.61 0.62 0.63 0.64 0.65 0.66 0.67]","[-0.00528885 -0.012478   -0.02054553 -0.02954609 -0.03955231 -0.05066049
 -0.0629994  -0.07674453 -0.09214258 -0.10955632 -0.11632988 -0.11330955
 -0.11031218 -0.10733704 -0.10438341 -0.10145054 -0.09853772 -0.09564424
 -0.09276938 -0.08991247 -0.08707282 -0.08424978 -0.08144272 -0.07865101
 -0.07587406 -0.07311128 -0.07036211 -0.06762602 -0.06490247 -0.06219096
 -0.05949101 -0.05680216 -0.05412394 -0.05145593 -0.04879771 -0.04614889
 -0.04350907 -0.04087788 -0.03825498 -0.03564001 -0.03303266 -0.0304326
 -0.02783954 -0.02525318 -0.02267324 -0.02009946 -0.01753158 -0.01496935
 -0.01241253 -0.0098609  -0.00731424 -0.00477232 -0.00223496]"
