sigma0re,sigma0im,beta0re,beta0im,mu0re,mu0im,beta1re,beta1im,sigma1re,sigma1im,mu1re,mu1im,alpha0,alpha1,b_star,corresponding_negative_eigenvalues
0.2,0.3,1,1.1,1.0,2.100000000000005,1,1.1,0.2,0.3,-0.5,0.40000000000000213,0.0,0.0,"[0.01 0.02 0.03 0.04 0.05 0.06 0.07 0.08 0.09 0.1  0.11 0.12 0.13 0.14
 0.15 0.16 0.17 0.18 0.19 0.2  0.21 0.22 0.23 0.24 0.25 0.26 0.27 0.28
 0.29 0.3  0.31 0.32 0.33 0.34 0.35 0.36 0.37 0.38 0.39 0.4  0.41 0.42
 0.43 0.44 0.45 0.46 0.47 0.48 0.49 0.5  0.51 0.52 0.53 0.54 0.55 0.56]","[-0.0004651  -0.00187257 -0.00426079 -0.00770037 -0.01230708 -0.01826771
 -0.02589605 -0.03577235 -0.04919453 -0.07079629 -0.07291102 -0.06736443
 -0.06803578 -0.07080832 -0.0748067  -0.07971653 -0.0854051  -0.09181864
 -0.09894601 -0.10318118 -0.10007985 -0.0969916  -0.09391955 -0.09086556
 -0.08783061 -0.08481513 -0.08181919 -0.07884256 -0.07588487 -0.07294561
 -0.07002421 -0.06712005 -0.06423249 -0.06136086 -0.05850452 -0.05566282
 -0.05283511 -0.05002078 -0.04721924 -0.04442988 -0.04165216 -0.03888554
 -0.0361295  -0.03338353 -0.03064718 -0.02791997 -0.02520147 -0.02249126
 -0.01978895 -0.01709415 -0.01440649 -0.01172564 -0.00905124 -0.00638299
 -0.00372059 -0.00106372]"
