sigma0re,sigma0im,beta0re,beta0im,mu0re,mu0im,beta1re,beta1im,sigma1re,sigma1im,mu1re,mu1im,alpha0,alpha1,b_star,corresponding_negative_eigenvalues
0.2,0.3,1,1.1,1.0,1.1000000000000032,1,1.1,0.2,0.3,-0.5,0.9000000000000026,0.0,0.0,"[0.28 0.29 0.3  0.31 0.32 0.33 0.34 0.35 0.36 0.37 0.38 0.39 0.4  0.41
 0.42 0.43 0.44 0.45 0.46 0.47 0.48 0.49 0.5  0.51 0.52 0.53 0.54 0.55
 0.56 0.57 0.58 0.59 0.6  0.61 0.62 0.63 0.64 0.65 0.66 0.67 0.68 0.69
 0.7  0.71 0.72 0.73 0.74 0.75 0.76 0.77 0.78 0.79 0.8  0.81 0.82 0.83
 0.84 0.85 0.86 0.87 0.88 0.89 0.9  0.91 0.92 0.93 0.94 0.95 0.96 0.97
 0.98 0.99 1.   1.01 1.02 1.03 1.04 1.05 1.06 1.07 1.08 1.09 1.1  1.11
 1.12 1.13]","[-0.01264521 -0.03226935 -0.05970535 -0.1313881  -0.12944897 -0.12752562
 -0.12561766 -0.12372472 -0.12184642 -0.11998238 -0.11813225 -0.11629564
 -0.11447221 -0.11266158 -0.11086342 -0.10907738 -0.10730312 -0.10554032
 -0.10378867 -0.10204784 -0.10031754 -0.09859746 -0.09688733 -0.09518687
 -0.09349579 -0.09181384 -0.09014077 -0.08847631 -0.08682024 -0.08517231
 -0.0835323  -0.08189999 -0.08027516 -0.07865761 -0.07704714 -0.07544354
 -0.07384663 -0.07225623 -0.07067215 -0.06909423 -0.06752229 -0.06595618
 -0.06439574 -0.0628408  -0.06129123 -0.05974688 -0.0582076  -0.05667327
 -0.05514375 -0.05361892 -0.05209864 -0.0505828  -0.04907127 -0.04756396
 -0.04606074 -0.0445615  -0.04306615 -0.04157458 -0.0400867  -0.0386024
 -0.03712159 -0.03564418 -0.03417009 -0.03269923 -0.03123151 -0.02976686
 -0.02830519 -0.02684642 -0.02539049 -0.02393732 -0.02248684 -0.02103898
 -0.01959367 -0.01815085 -0.01671046 -0.01527242 -0.01383669 -0.01240319
 -0.01097189 -0.00954271 -0.0081156  -0.00669052 -0.0052674  -0.00384621
 -0.00242688 -0.00100938]"
