sigma0re,sigma0im,beta0re,beta0im,mu0re,mu0im,beta1re,beta1im,sigma1re,sigma1im,mu1re,mu1im,alpha0,alpha1,b_star,corresponding_negative_eigenvalues
0.2,0.3,1,1.1,1.0,2.3000000000000043,1,1.1,0.2,0.3,-0.5,0.20000000000000195,0.1,0.1,"[0.01 0.02 0.03 0.04 0.05 0.06 0.07 0.08 0.09 0.1  0.11 0.12 0.13 0.14
 0.15 0.16 0.17 0.18 0.19 0.2  0.21 0.22 0.23 0.24 0.25 0.26 0.27 0.28
 0.29 0.3  0.31 0.32 0.33 0.34]","[-0.00022208 -0.00088791 -0.00199601 -0.00354306 -0.00552245 -0.00792183
 -0.01071937 -0.01387817 -0.01733851 -0.02100835 -0.02475448 -0.02840028
 -0.03173888 -0.03456693 -0.03672962 -0.03815293 -0.03884509 -0.03887231
 -0.03832796 -0.03730917 -0.03590418 -0.03418773 -0.03222077 -0.03005207
 -0.02772034 -0.02525622 -0.02268405 -0.0200232  -0.01728919 -0.01449451
 -0.01164931 -0.00876182 -0.00583882 -0.00288589]"
