sigma0re,sigma0im,beta0re,beta0im,mu0re,mu0im,beta1re,beta1im,sigma1re,sigma1im,mu1re,mu1im,alpha0,alpha1,b_star,corresponding_negative_eigenvalues
0.2,0.3,1,1.1,1.0,-1.5999999999999988,1,1.1,0.2,0.3,-0.5,-1.7999999999999998,0.1,0.1,"[0.17 0.18 0.19 0.2  0.21 0.22 0.23 0.24 0.25 0.26 0.27 0.28 0.29 0.3
 0.31 0.32 0.33 0.34 0.35 0.36 0.37 0.38 0.39 0.4  0.41 0.42 0.43 0.44
 0.45 0.46 0.47 0.48 0.49 0.5  0.51 0.52 0.53 0.54 0.55 0.56 0.57 0.58
 0.59 0.6  0.61 0.62 0.63 0.64 0.65 0.66 0.67 0.68 0.69 0.7  0.71 0.72
 0.73 0.74 0.75 0.76 0.77]","[-0.0006976  -0.01165921 -0.02417996 -0.03846718 -0.05481504 -0.07366016
 -0.09569613 -0.12214809 -0.12890795 -0.12615382 -0.12340783 -0.12067015
 -0.11794094 -0.11522037 -0.11250862 -0.10980585 -0.10711224 -0.10442797
 -0.10175322 -0.09908818 -0.09643301 -0.09378792 -0.09115308 -0.08852868
 -0.08591491 -0.08331194 -0.08071998 -0.07813919 -0.07556977 -0.07301191
 -0.07046577 -0.06793154 -0.06540941 -0.06289954 -0.06040211 -0.05791729
 -0.05544524 -0.05298614 -0.05054013 -0.04810739 -0.04568805 -0.04328228
 -0.0408902  -0.03851196 -0.0361477  -0.03379754 -0.03146159 -0.02913999
 -0.02683283 -0.02454022 -0.02226227 -0.01999905 -0.01775065 -0.01551715
 -0.01329861 -0.0110951  -0.00890667 -0.00673337 -0.00457522 -0.00243227
 -0.00030453]"
