sigma0re,sigma0im,beta0re,beta0im,mu0re,mu0im,beta1re,beta1im,sigma1re,sigma1im,mu1re,mu1im,alpha0,alpha1,b_star,corresponding_negative_eigenvalues
0.2,0.3,1,1.1,1.0,-2.4999999999999996,1,1.1,0.2,0.3,-0.5,-0.3999999999999986,0.1,0.1,"[0.32 0.33 0.34 0.35 0.36 0.37 0.38 0.39 0.4  0.41 0.42 0.43 0.44 0.45
 0.46 0.47 0.48 0.49 0.5  0.51 4.53 4.54 4.55 4.56 4.57 4.58 4.59 4.6
 4.61 4.62 4.63 4.64 4.65 4.66 4.67 4.68 4.69 4.7  4.71 4.72 4.73 4.74
 4.75 4.76 4.77 4.78 4.79 4.8  4.81 4.82 4.83 4.84 4.85 4.86 4.87 4.88
 4.89 4.9  4.91 4.92 4.93 4.94 4.95 4.96 4.97 4.98 4.99 5.  ]","[-5.68413634e-02 -5.36859426e-02 -5.05534749e-02 -4.74436013e-02
 -4.43559534e-02 -4.12901610e-02 -3.82458564e-02 -3.52226791e-02
 -3.22202776e-02 -2.92383114e-02 -2.62764524e-02 -2.33343850e-02
 -2.04118073e-02 -1.75084302e-02 -1.46239782e-02 -1.17581887e-02
 -8.91081161e-03 -6.08160931e-03 -3.27035589e-03 -4.76836799e-04
 -1.60433601e-04 -3.73474590e-03 -7.33248500e-03 -1.09536861e-02
 -1.45983842e-02 -1.82666143e-02 -2.19584113e-02 -2.56738099e-02
 -2.94128448e-02 -3.31755505e-02 -3.69619616e-02 -4.07721123e-02
 -4.46060369e-02 -4.84637696e-02 -5.23453444e-02 -5.62507953e-02
 -6.01801560e-02 -6.41334604e-02 -6.81107421e-02 -7.21120346e-02
 -7.61373713e-02 -8.01867856e-02 -8.42603106e-02 -8.83579795e-02
 -9.24798253e-02 -9.66258808e-02 -1.00796179e-01 -1.04990752e-01
 -1.09209634e-01 -1.13452855e-01 -1.17720449e-01 -1.22012448e-01
 -1.26328884e-01 -1.30669790e-01 -1.35035196e-01 -1.39425135e-01
 -1.43839638e-01 -1.48278738e-01 -1.52742465e-01 -1.57230852e-01
 -1.61743928e-01 -1.66281726e-01 -1.70844276e-01 -1.75431610e-01
 -1.80043758e-01 -1.84680751e-01 -1.89342619e-01 -1.94029393e-01]"
