sigma0re,sigma0im,beta0re,beta0im,mu0re,mu0im,beta1re,beta1im,sigma1re,sigma1im,mu1re,mu1im,alpha0,alpha1,b_star,corresponding_negative_eigenvalues
0.2,0.3,1,1.1,1.0,1.5000000000000036,1,1.1,0.2,0.3,-0.5,0.10000000000000187,0.1,0.1,"[0.01 0.02 0.03 0.04 0.05 0.06 0.07 0.08 0.09 0.1  0.11 0.12 0.13 0.14
 0.15 0.16 0.17 0.18 0.19 0.2  0.21 0.22 0.23 0.24 0.25 0.26 0.27 0.28
 0.29 0.3 ]","[-7.83103811e-05 -3.11816193e-04 -6.96205334e-04 -1.22417493e-03
 -1.88527317e-03 -2.66571202e-03 -3.54819034e-03 -4.51178330e-03
 -5.53197099e-03 -6.58089078e-03 -7.62789622e-03 -8.64048079e-03
 -9.58557018e-03 -1.04311055e-02 -1.11477500e-02 -1.17104841e-02
 -1.20998439e-02 -1.23026150e-02 -1.23119114e-02 -1.21266934e-02
 -1.17508767e-02 -1.11922279e-02 -1.04612249e-02 -9.57001518e-03
 -8.53154929e-03 -7.35891230e-03 -6.06484698e-03 -4.66143983e-03
 -3.15993647e-03 -1.57065286e-03]"
