sigma0re,sigma0im,beta0re,beta0im,mu0re,mu0im,beta1re,beta1im,sigma1re,sigma1im,mu1re,mu1im,alpha0,alpha1,b_star,corresponding_negative_eigenvalues
0.2,0.3,1,1.1,1.0,-1.1999999999999984,1,1.1,0.2,0.3,-0.5,-1.1999999999999993,0.0,0.0,"[0.16 0.17 0.18 0.19 0.2  0.21 0.22 0.23 0.24 0.25 0.26 0.27 0.28 0.29
 0.3  0.31 0.32 0.33 0.34 0.35 0.36 0.37 0.38 0.39 0.4  0.41 0.42 0.43
 0.44 0.45 0.46 0.47 0.48 0.49 0.5  0.51 0.52 0.53 0.54 0.55 0.56 0.57
 0.58 0.59 0.6  0.61 0.62 0.63 0.64 0.65 0.66 0.67 0.68 0.69 0.7  0.71
 0.72 0.73 0.74 0.75 0.76 0.77 0.78 0.79]","[-0.00613167 -0.01325969 -0.02123389 -0.03011175 -0.03996882 -0.05090473
 -0.06305264 -0.07659459 -0.09178812 -0.10901601 -0.12457494 -0.12194479
 -0.11933415 -0.11674255 -0.11416949 -0.11161448 -0.10907701 -0.10655659
 -0.1040527  -0.10156486 -0.09909257 -0.09663535 -0.09419271 -0.09176418
 -0.08934931 -0.08694765 -0.08455875 -0.0821822  -0.07981757 -0.07746447
 -0.0751225  -0.07279128 -0.07047044 -0.06815962 -0.06585848 -0.06356669
 -0.06128391 -0.05900984 -0.05674417 -0.05448662 -0.05223688 -0.0499947
 -0.04775981 -0.04553195 -0.04331087 -0.04109634 -0.03888813 -0.03668601
 -0.03448977 -0.0322992  -0.0301141  -0.02793428 -0.02575955 -0.02358974
 -0.02142466 -0.01926414 -0.01710804 -0.01495618 -0.01280842 -0.0106646
 -0.0085246  -0.00638827 -0.00425547 -0.00212609]"
