sigma0re,sigma0im,beta0re,beta0im,mu0re,mu0im,beta1re,beta1im,sigma1re,sigma1im,mu1re,mu1im,alpha0,alpha1,b_star,corresponding_negative_eigenvalues
0.2,0.3,1,1.1,1.0,-0.1999999999999975,1,1.1,0.2,0.3,-0.5,-1.7999999999999998,0.1,0.1,"[0.01 0.02 0.03 0.04 0.05 0.06 0.07 0.08 0.09 0.1  0.11 0.12 0.13 0.14
 0.15]","[-0.00015197 -0.00060013 -0.00132054 -0.00227119 -0.00338925 -0.00458852
 -0.00575876 -0.00676951 -0.00748082 -0.00776089 -0.0075064  -0.00665769
 -0.0052027  -0.00316929 -0.00061127]"
