sigma0re,sigma0im,beta0re,beta0im,mu0re,mu0im,beta1re,beta1im,sigma1re,sigma1im,mu1re,mu1im,alpha0,alpha1,b_star,corresponding_negative_eigenvalues
0.2,0.3,1,1.1,1.0,-1.1999999999999984,1,1.1,0.2,0.3,-0.5,-2.0,0.1,0.1,"[0.13 0.14 0.15 0.16 0.17 0.18 0.19 0.2  0.21 0.22 0.23 0.24 0.25 0.26
 0.27 0.28 0.29 0.3  0.31 0.32 0.33 0.34 0.35 0.36 0.37 0.38 0.39 0.4
 0.41 0.42 0.43 0.44 0.45 0.46 0.47 0.48 0.49]","[-0.00263507 -0.00977991 -0.01788621 -0.02700056 -0.03718683 -0.04853077
 -0.06114693 -0.07518985 -0.09087234 -0.10178226 -0.09771988 -0.09369058
 -0.08969351 -0.08572778 -0.08179254 -0.07788692 -0.07401008 -0.07016118
 -0.06633942 -0.06254401 -0.05877421 -0.05502927 -0.05130849 -0.04761119
 -0.04393671 -0.04028443 -0.03665375 -0.03304408 -0.02945487 -0.0258856
 -0.02233574 -0.01880482 -0.01529237 -0.01179794 -0.0083211  -0.00486144
 -0.00141857]"
