sigma0re,sigma0im,beta0re,beta0im,mu0re,mu0im,beta1re,beta1im,sigma1re,sigma1im,mu1re,mu1im,alpha0,alpha1,b_star,corresponding_negative_eigenvalues
0.2,0.3,1,1.1,1.0,0.9000000000000035,1,1.1,0.2,0.3,-0.5,1.500000000000003,0.0,0.0,"[0.29 0.3  0.31 0.32 0.33 0.34 0.35 0.36 0.37 0.38 0.39 0.4  0.41 0.42
 0.43 0.44]","[-0.04408074 -0.05340652 -0.0495501  -0.0457156  -0.04190152 -0.03810649
 -0.03432922 -0.03056852 -0.02682328 -0.02309246 -0.0193751  -0.01567029
 -0.01197719 -0.00829501 -0.00462302 -0.00096052]"
