sigma0re,sigma0im,beta0re,beta0im,mu0re,mu0im,beta1re,beta1im,sigma1re,sigma1im,mu1re,mu1im,alpha0,alpha1,b_star,corresponding_negative_eigenvalues
0.2,0.3,1,1.1,1.0,-1.0999999999999983,1,1.1,0.2,0.3,-0.5,-1.2999999999999994,0.0,0.0,"[0.13 0.14 0.15 0.16 0.17 0.18 0.19 0.2  0.21 0.22 0.23 0.24 0.25 0.26
 0.27 0.28 0.29 0.3  0.31 0.32 0.33 0.34 0.35 0.36 0.37 0.38 0.39 0.4
 0.41 0.42 0.43 0.44 0.45 0.46 0.47 0.48 0.49 0.5  0.51 0.52 0.53 0.54
 0.55 0.56 0.57 0.58 0.59 0.6  0.61 0.62 0.63]","[-0.00352666 -0.00914707 -0.01548013 -0.0225511  -0.03039521 -0.03905957
 -0.04860591 -0.05911474 -0.07069178 -0.08347803 -0.09766649 -0.11276716
 -0.10958599 -0.10643409 -0.1033102  -0.10021312 -0.09714167 -0.0940947
 -0.09107113 -0.08806989 -0.08508999 -0.08213045 -0.07919035 -0.0762688
 -0.07336496 -0.07047801 -0.0676072  -0.06475177 -0.06191104 -0.05908432
 -0.05627099 -0.05347043 -0.05068206 -0.04790533 -0.04513971 -0.04238469
 -0.0396398  -0.03690457 -0.03417857 -0.03146138 -0.02875259 -0.02605184
 -0.02335875 -0.02067297 -0.01799418 -0.01532205 -0.01265629 -0.0099966
 -0.0073427  -0.00469433 -0.00205123]"
