sigma0re,sigma0im,beta0re,beta0im,mu0re,mu0im,beta1re,beta1im,sigma1re,sigma1im,mu1re,mu1im,alpha0,alpha1,b_star,corresponding_negative_eigenvalues
0.2,0.3,1,1.1,1.0,0.30000000000000293,1,1.1,0.2,0.3,-0.5,0.7000000000000024,0.1,0.1,[0.31 0.32 0.33 0.34 0.35 0.36 0.37 0.38 0.39 0.4  0.41 0.42],"[-3.40390500e-03 -1.57848213e-02 -1.44347301e-02 -1.30184471e-02
 -1.15436423e-02 -1.00170788e-02 -8.44471347e-03 -6.83179024e-03
 -5.18292618e-03 -3.50218843e-03 -1.79316278e-03 -5.90140696e-05]"
