sigma0re,sigma0im,beta0re,beta0im,mu0re,mu0im,beta1re,beta1im,sigma1re,sigma1im,mu1re,mu1im,alpha0,alpha1,b_star,corresponding_negative_eigenvalues
0.2,0.3,1,1.1,1.0,1.900000000000004,1,1.1,0.2,0.3,-0.5,0.40000000000000213,0.0,0.0,"[0.01 0.02 0.03 0.04 0.05 0.06 0.07 0.08 0.09 0.1  0.11 0.12 0.13 0.14
 0.15 0.16 0.17 0.18 0.19 0.2  0.21 0.22 0.23 0.24 0.25 0.26 0.27 0.28
 0.29 0.3  0.31 0.32 0.33 0.34 0.35 0.36 0.37 0.38 0.39 0.4  0.41 0.42
 0.43 0.44 0.45 0.46 0.47 0.48 0.49 0.5  0.51 0.52 0.53 0.54 0.55 0.56
 0.57 0.58 0.59 0.6  0.61 0.62 0.63]","[-0.00042068 -0.00169224 -0.00384443 -0.00693134 -0.01103961 -0.01630433
 -0.02294069 -0.03131382 -0.04212253 -0.05705775 -0.0841375  -0.07658725
 -0.07260094 -0.07358745 -0.07653725 -0.08068967 -0.08575705 -0.09161661
 -0.09822091 -0.10556521 -0.10613198 -0.10337097 -0.10061746 -0.09787524
 -0.09514669 -0.09243333 -0.08973601 -0.08705518 -0.08439097 -0.0817433
 -0.07911195 -0.07649659 -0.07389682 -0.0713122  -0.06874224 -0.06618646
 -0.06364435 -0.06111542 -0.05859916 -0.05609509 -0.05360272 -0.0511216
 -0.04865126 -0.04619126 -0.04374119 -0.04130063 -0.03886918 -0.03644646
 -0.03403212 -0.03162578 -0.02922712 -0.02683581 -0.02445154 -0.022074
 -0.01970291 -0.01733799 -0.01497898 -0.01262561 -0.01027765 -0.00793485
 -0.005597   -0.00326387 -0.00093526]"
