sigma0re,sigma0im,beta0re,beta0im,mu0re,mu0im,beta1re,beta1im,sigma1re,sigma1im,mu1re,mu1im,alpha0,alpha1,b_star,corresponding_negative_eigenvalues
0.2,0.3,1,1.1,1.0,2.600000000000005,1,1.1,0.2,0.3,-0.5,0.30000000000000204,0.0,0.0,"[0.01 0.02 0.03 0.04 0.05 0.06 0.07 0.08 0.09 0.1  0.11 0.12 0.13 0.14
 0.15 0.16 0.17 0.18 0.19 0.2  0.21 0.22 0.23 0.24 0.25 0.26 0.27 0.28
 0.29 0.3  0.31 0.32 0.33 0.34 0.35]","[-0.00043155 -0.00173343 -0.00392778 -0.00705286 -0.01116484 -0.01633923
 -0.02266825 -0.03024233 -0.03907563 -0.04886461 -0.05846852 -0.06586497
 -0.06990326 -0.07114795 -0.07058793 -0.06892347 -0.06657016 -0.06377165
 -0.06067535 -0.05737397 -0.053928   -0.05037818 -0.0467527  -0.0430715
 -0.03934897 -0.03559562 -0.03181926 -0.02802574 -0.02421945 -0.02040373
 -0.01658114 -0.01275361 -0.0089226  -0.00508925 -0.00125438]"
