sigma0re,sigma0im,beta0re,beta0im,mu0re,mu0im,beta1re,beta1im,sigma1re,sigma1im,mu1re,mu1im,alpha0,alpha1,b_star,corresponding_negative_eigenvalues
0.2,0.3,1,1.1,1.0,-2.3999999999999995,1,1.1,0.2,0.3,-0.5,-0.2999999999999985,0.1,0.1,"[0.33 0.34 0.35 0.36 0.37 0.38 0.39 0.4  4.91 4.92 4.93 4.94 4.95 4.96
 4.97 4.98 4.99 5.  ]","[-0.02385748 -0.02072453 -0.01759151 -0.01446056 -0.01133341 -0.00821147
 -0.00509592 -0.0019877  -0.00040999 -0.0049072  -0.00943107 -0.01398166
 -0.01855899 -0.02316309 -0.02779401 -0.03245177 -0.03713641 -0.04184796]"
