sigma0re,sigma0im,beta0re,beta0im,mu0re,mu0im,beta1re,beta1im,sigma1re,sigma1im,mu1re,mu1im,alpha0,alpha1,b_star,corresponding_negative_eigenvalues
0.2,0.3,1,1.1,1.0,-0.09999999999999742,1,1.1,0.2,0.3,-0.5,-1.6999999999999997,0.0,0.0,[0.01 0.02 0.03 0.04 0.05 0.06 0.07 0.08 0.09],"[-9.29367005e-05 -3.59835936e-04 -7.64636360e-04 -1.24649625e-03
 -1.71995965e-03 -2.07771268e-03 -2.19794769e-03 -1.95733180e-03
 -1.24789059e-03]"
