sigma0re,sigma0im,beta0re,beta0im,mu0re,mu0im,beta1re,beta1im,sigma1re,sigma1im,mu1re,mu1im,alpha0,alpha1,b_star,corresponding_negative_eigenvalues
0.2,0.3,1,1.1,1.0,-1.1999999999999984,1,1.1,0.2,0.3,-0.5,-1.3999999999999995,0.1,0.1,"[0.16 0.17 0.18 0.19 0.2  0.21 0.22 0.23 0.24 0.25 0.26 0.27 0.28 0.29
 0.3  0.31 0.32 0.33 0.34 0.35 0.36 0.37 0.38 0.39 0.4  0.41 0.42 0.43
 0.44 0.45 0.46 0.47 0.48 0.49 0.5  0.51 0.52 0.53 0.54 0.55 0.56 0.57
 0.58 0.59 0.6  0.61 0.62 0.63 0.64 0.65 0.66 0.67 0.68 0.69 0.7  0.71
 0.72]","[-0.00564434 -0.0125116  -0.02018799 -0.02872145 -0.03817411 -0.04862658
 -0.06018422 -0.0729872  -0.08722667 -0.10317303 -0.1174295  -0.11450783
 -0.11160641 -0.10872511 -0.10586379 -0.1030223  -0.10020046 -0.0973981
 -0.09461505 -0.09185111 -0.08910611 -0.08637985 -0.08367214 -0.0809828
 -0.07831163 -0.07565847 -0.07302311 -0.0704054  -0.06780514 -0.06522218
 -0.06265635 -0.06010748 -0.05757543 -0.05506003 -0.05256114 -0.05007863
 -0.04761235 -0.04516216 -0.04272795 -0.04030958 -0.03790693 -0.0355199
 -0.03314837 -0.03079222 -0.02845136 -0.02612568 -0.02381508 -0.02151948
 -0.01923877 -0.01697287 -0.01472168 -0.01248513 -0.01026313 -0.0080556
 -0.00586245 -0.00368362 -0.00151901]"
