sigma0re,sigma0im,beta0re,beta0im,mu0re,mu0im,beta1re,beta1im,sigma1re,sigma1im,mu1re,mu1im,alpha0,alpha1,b_star,corresponding_negative_eigenvalues
0.2,0.3,1,1.1,1.0,-0.9999999999999982,1,1.1,0.2,0.3,-0.5,-1.6999999999999997,0.0,0.0,"[0.08 0.09 0.1  0.11 0.12 0.13 0.14 0.15 0.16 0.17 0.18 0.19 0.2  0.21
 0.22 0.23 0.24 0.25 0.26 0.27 0.28 0.29 0.3  0.31 0.32 0.33 0.34 0.35
 0.36 0.37 0.38 0.39 0.4  0.41 0.42 0.43]","[-0.00081371 -0.00479106 -0.00945973 -0.01481755 -0.02087278 -0.02764327
 -0.0351563  -0.04344923 -0.05257079 -0.06258345 -0.07356708 -0.08562453
 -0.09558999 -0.09118388 -0.08682411 -0.08250734 -0.07823053 -0.07399082
 -0.06978559 -0.06561244 -0.06146911 -0.05735354 -0.05326381 -0.04919813
 -0.04515485 -0.04113244 -0.03712947 -0.03314462 -0.02917664 -0.0252244
 -0.0212868  -0.01736287 -0.01345165 -0.00955228 -0.00566395 -0.00178588]"
