sigma0re,sigma0im,beta0re,beta0im,mu0re,mu0im,beta1re,beta1im,sigma1re,sigma1im,mu1re,mu1im,alpha0,alpha1,b_star,corresponding_negative_eigenvalues
0.2,0.3,1,1.1,1.0,-1.9999999999999991,1,1.1,0.2,0.3,-0.5,-1.4999999999999996,0.0,0.0,"[0.19 0.2  0.21 0.22 0.23 0.24 0.25 0.26 0.27 0.28 0.29 0.3  0.31 0.32
 0.33 0.34 0.35 0.36 0.37 0.38 0.39 0.4  0.41 0.42 0.43 0.44 0.45 0.46
 0.47 0.48 0.49 0.5  0.51 0.52 0.53 0.54 0.55 0.56 0.57 0.58 0.59 0.6
 0.61 0.62 0.63 0.64 0.65 0.66 0.67 0.68 0.69 0.7  0.71 0.72 0.73 0.74
 0.75 0.76 0.77 0.78 0.79 0.8  0.81 0.82 0.83 0.84 0.85 0.86 0.87 0.88
 0.89 0.9  0.91 0.92 0.93 0.94 0.95 0.96 0.97 0.98 0.99 1.   1.01 1.02
 1.03 1.04 1.05 1.06 1.07 1.08 1.09 1.1  1.11 1.12 1.13 1.14 1.15 1.16
 1.17 1.18 1.19 1.2  1.21 1.22 1.23 1.24 1.25 1.26 1.27 1.28 1.29 1.3
 1.31 1.32 1.33 1.34 1.35 1.36 1.37 1.38]","[-0.0123967  -0.02976467 -0.05038911 -0.07543961 -0.1073245  -0.15314113
 -0.16120737 -0.15967328 -0.15814111 -0.15661091 -0.15508272 -0.15355658
 -0.15203254 -0.15051063 -0.14899088 -0.14747333 -0.145958   -0.14444493
 -0.14293414 -0.14142566 -0.13991949 -0.13841567 -0.13691421 -0.13541512
 -0.13391841 -0.13242411 -0.1309322  -0.12944271 -0.12795563 -0.12647097
 -0.12498873 -0.12350891 -0.1220315  -0.12055651 -0.11908393 -0.11761376
 -0.11614598 -0.11468058 -0.11321757 -0.11175692 -0.11029863 -0.10884267
 -0.10738904 -0.10593773 -0.10448871 -0.10304197 -0.10159749 -0.10015526
 -0.09871525 -0.09727745 -0.09584183 -0.09440838 -0.09297707 -0.09154788
 -0.0901208  -0.08869579 -0.08727284 -0.08585192 -0.08443301 -0.08301608
 -0.08160112 -0.0801881  -0.07877699 -0.07736777 -0.07596042 -0.07455491
 -0.07315122 -0.07174932 -0.07034919 -0.06895081 -0.06755414 -0.06615917
 -0.06476588 -0.06337423 -0.0619842  -0.06059577 -0.05920892 -0.05782362
 -0.05643985 -0.05505758 -0.05367679 -0.05229746 -0.05091956 -0.04954308
 -0.04816798 -0.04679426 -0.04542187 -0.04405081 -0.04268105 -0.04131257
 -0.03994535 -0.03857936 -0.03721459 -0.03585101 -0.0344886  -0.03312735
 -0.03176724 -0.03040823 -0.02905033 -0.02769349 -0.02633772 -0.02498297
 -0.02362925 -0.02227653 -0.02092479 -0.01957402 -0.01822419 -0.01687529
 -0.0155273  -0.01418021 -0.012834   -0.01148864 -0.01014414 -0.00880046
 -0.0074576  -0.00611554 -0.00477426 -0.00343375 -0.00209399 -0.00075497]"
