sigma0re,sigma0im,beta0re,beta0im,mu0re,mu0im,beta1re,beta1im,sigma1re,sigma1im,mu1re,mu1im,alpha0,alpha1,b_star,corresponding_negative_eigenvalues
0.2,0.3,1,1.1,1.0,-0.2999999999999976,1,1.1,0.2,0.3,-0.5,-1.3999999999999995,0.1,0.1,"[0.01 0.02 0.03 0.04 0.05 0.06 0.07 0.08 0.09 0.1  0.11 0.12 0.13 0.14
 0.15 0.16 0.17 0.18 0.19 0.2  0.21 0.22]","[-0.00018082 -0.00071975 -0.00160572 -0.00281876 -0.00432763 -0.0060866
 -0.00803159 -0.01007661 -0.01211225 -0.0140089  -0.01562717 -0.01683577
 -0.01753215 -0.01765769 -0.01720122 -0.01619073 -0.01467925 -0.01273088
 -0.01041064 -0.00777862 -0.00488739 -0.0017815 ]"
