sigma0re,sigma0im,beta0re,beta0im,mu0re,mu0im,beta1re,beta1im,sigma1re,sigma1im,mu1re,mu1im,alpha0,alpha1,b_star,corresponding_negative_eigenvalues
0.2,0.3,1,1.1,1.0,-0.5999999999999979,1,1.1,0.2,0.3,-0.5,-1.0999999999999992,0.1,0.1,"[0.01 0.02 0.03 0.04 0.05 0.06 0.07 0.08 0.09 0.1  0.11 0.12 0.13 0.14
 0.15 0.16 0.17 0.18 0.19 0.2  0.21 0.22 0.23 0.24 0.25 0.26 0.27 0.28
 0.29 0.3  0.31 0.32 0.33 0.34 0.35 0.36 0.37 0.38 0.39 0.4  0.41 0.42
 0.43 0.44]","[-0.00028873 -0.00115744 -0.00261378 -0.00467055 -0.0073457  -0.0106621
 -0.0146463  -0.01932543 -0.02471913 -0.03082087 -0.03755666 -0.04470536
 -0.05178989 -0.05806576 -0.06281962 -0.06579169 -0.06719094 -0.06739651
 -0.06675043 -0.06550523 -0.06383569 -0.06186138 -0.05966482 -0.05730392
 -0.05482011 -0.05224354 -0.04959657 -0.046896   -0.04415468 -0.04138249
 -0.03858717 -0.0357748  -0.03295022 -0.0301173  -0.02727915 -0.0244383
 -0.02159679 -0.0187563  -0.01591819 -0.01308358 -0.0102534  -0.00742838
 -0.00460917 -0.00179625]"
