sigma0re,sigma0im,beta0re,beta0im,mu0re,mu0im,beta1re,beta1im,sigma1re,sigma1im,mu1re,mu1im,alpha0,alpha1,b_star,corresponding_negative_eigenvalues
0.2,0.3,1,1.1,1.0,-0.1999999999999975,1,1.1,0.2,0.3,-0.5,-0.1999999999999984,0.0,0.0,"[0.01 0.02 0.03 0.04 0.05 0.06 0.07 0.08 0.09 0.1  0.11 0.12 0.13 0.14
 0.15 0.16 0.17 0.18 0.19 0.2  0.21 0.22 0.23 0.24 0.25 0.26 0.27 0.28
 0.29 0.3  0.31 0.32 0.33 0.34 0.35 0.36 0.37 0.38 0.39 0.4  0.41 0.42
 0.43 0.44 0.45 0.46 0.47 0.48 0.49 0.5  0.51 0.52 0.53 0.54 0.55 0.56
 0.57 0.58 0.59 0.6  0.61 0.62 0.63 0.64 0.65 0.66 0.67 0.68 0.69 0.7
 0.71 0.72 0.73 0.74 0.75 0.76 0.77 0.78 0.79]","[-2.20728394e-05 -8.79665010e-05 -1.96714417e-04 -3.46732102e-04
 -5.35856107e-04 -7.61397046e-04 -1.02020514e-03 -1.30874625e-03
 -1.62318587e-03 -1.95947824e-03 -2.31345730e-03 -2.68092630e-03
 -3.05774278e-03 -3.43989597e-03 -3.82357426e-03 -4.20522088e-03
 -4.58157682e-03 -4.94971054e-03 -5.30703519e-03 -5.65131399e-03
 -5.98065560e-03 -6.29350099e-03 -6.58860377e-03 -6.86500584e-03
 -7.12201010e-03 -7.35915157e-03 -7.57616845e-03 -7.77297375e-03
 -7.94962858e-03 -8.10631729e-03 -8.24332493e-03 -8.36101717e-03
 -8.45982260e-03 -8.54021737e-03 -8.60271209e-03 -8.64784073e-03
 -8.67615134e-03 -8.68819845e-03 -8.68453683e-03 -8.66571655e-03
 -8.63227901e-03 -8.58475392e-03 -8.52365707e-03 -8.44948859e-03
 -8.36273188e-03 -8.26385286e-03 -8.15329955e-03 -8.03150203e-03
 -7.89887246e-03 -7.75580542e-03 -7.60267824e-03 -7.43985152e-03
 -7.26766969e-03 -7.08646157e-03 -6.89654106e-03 -6.69820773e-03
 -6.49174751e-03 -6.27743328e-03 -6.05552558e-03 -5.82627315e-03
 -5.58991359e-03 -5.34667388e-03 -5.09677101e-03 -4.84041241e-03
 -4.57779654e-03 -4.30911331e-03 -4.03454458e-03 -3.75426456e-03
 -3.46844020e-03 -3.17723162e-03 -2.88079243e-03 -2.57927011e-03
 -2.27280626e-03 -1.96153700e-03 -1.64559317e-03 -1.32510063e-03
 -1.00018052e-03 -6.70949480e-04 -3.37519873e-04]"
