sigma0re,sigma0im,beta0re,beta0im,mu0re,mu0im,beta1re,beta1im,sigma1re,sigma1im,mu1re,mu1im,alpha0,alpha1,b_star,corresponding_negative_eigenvalues
0.2,0.3,1,1.1,1.0,1.600000000000004,1,1.1,0.2,0.3,-0.5,1.7763568394002505e-15,0.1,0.1,[0.01 0.02 0.03 0.04 0.05 0.06 0.07 0.08 0.09],"[-1.11558245e-05 -4.28987831e-05 -9.00980963e-05 -1.44349988e-04
 -1.94215089e-04 -2.25578445e-04 -2.22149046e-04 -1.66106021e-04
 -3.88800012e-05]"
