sigma0re,sigma0im,beta0re,beta0im,mu0re,mu0im,beta1re,beta1im,sigma1re,sigma1im,mu1re,mu1im,alpha0,alpha1,b_star,corresponding_negative_eigenvalues
0.2,0.3,1,1.1,1.0,1.8000000000000043,1,1.1,0.2,0.3,-0.5,0.5000000000000022,0.0,0.0,"[0.11 0.12 0.13 0.14 0.15 0.16 0.17 0.18 0.19 0.2  0.21 0.22 0.23 0.24
 0.25 0.26 0.27 0.28 0.29 0.3  0.31 0.32 0.33 0.34 0.35 0.36 0.37 0.38
 0.39 0.4  0.41 0.42 0.43 0.44 0.45 0.46 0.47 0.48 0.49 0.5  0.51 0.52
 0.53 0.54 0.55 0.56 0.57 0.58 0.59 0.6  0.61 0.62 0.63 0.64 0.65 0.66
 0.67 0.68 0.69 0.7  0.71 0.72 0.73 0.74 0.75 0.76 0.77 0.78 0.79 0.8
 0.81 0.82 0.83 0.84 0.85 0.86 0.87 0.88 0.89 0.9  0.91 0.92 0.93 0.94]","[-0.00124784 -0.00475294 -0.00876251 -0.01328274 -0.01832502 -0.02390621
 -0.03004923 -0.03678391 -0.0441483  -0.05219056 -0.06097174 -0.0705699
 -0.08108637 -0.09265575 -0.10546246 -0.11977019 -0.12593342 -0.12365785
 -0.12140715 -0.11918033 -0.11697642 -0.11479451 -0.11263371 -0.11049318
 -0.10837212 -0.10626975 -0.10418535 -0.10211821 -0.10006767 -0.09803308
 -0.09601383 -0.09400935 -0.09201907 -0.09004247 -0.08807904 -0.08612829
 -0.08418976 -0.082263   -0.08034759 -0.07844313 -0.07654922 -0.0746655
 -0.0727916  -0.07092718 -0.06907191 -0.06722549 -0.0653876  -0.06355796
 -0.06173628 -0.05992231 -0.05811578 -0.05631644 -0.05452406 -0.05273841
 -0.05095926 -0.04918641 -0.04741965 -0.04565878 -0.04390362 -0.04215398
 -0.04040968 -0.03867055 -0.03693644 -0.03520718 -0.03348261 -0.03176259
 -0.03004698 -0.02833564 -0.02662844 -0.02492524 -0.02322592 -0.02153037
 -0.01983846 -0.01815008 -0.01646512 -0.01478348 -0.01310506 -0.01142975
 -0.00975746 -0.00808809 -0.00642156 -0.00475778 -0.00309666 -0.00143812]"
