sigma0re,sigma0im,beta0re,beta0im,mu0re,mu0im,beta1re,beta1im,sigma1re,sigma1im,mu1re,mu1im,alpha0,alpha1,b_star,corresponding_negative_eigenvalues
0.2,0.3,1,1.1,1.0,-1.4999999999999987,1,1.1,0.2,0.3,-0.5,-1.4999999999999996,0.1,0.1,"[0.18 0.19 0.2  0.21 0.22 0.23 0.24 0.25 0.26 0.27 0.28 0.29 0.3  0.31
 0.32 0.33 0.34 0.35 0.36 0.37 0.38 0.39 0.4  0.41 0.42 0.43 0.44 0.45
 0.46 0.47 0.48 0.49 0.5  0.51 0.52 0.53 0.54 0.55 0.56 0.57 0.58 0.59
 0.6  0.61 0.62 0.63 0.64 0.65 0.66 0.67 0.68 0.69 0.7  0.71 0.72 0.73
 0.74 0.75 0.76 0.77 0.78 0.79 0.8  0.81 0.82 0.83 0.84 0.85 0.86 0.87
 0.88 0.89 0.9  0.91]","[-0.00025344 -0.00975913 -0.02052255 -0.03268617 -0.04644417 -0.06206984
 -0.07996612 -0.10076916 -0.12559418 -0.13335765 -0.13096403 -0.1285765
 -0.1261952  -0.12382026 -0.12145184 -0.11909008 -0.11673516 -0.11438724
 -0.1120465  -0.10971312 -0.1073873  -0.10506923 -0.10275911 -0.10045714
 -0.09816354 -0.09587853 -0.09360232 -0.09133513 -0.0890772  -0.08682876
 -0.08459003 -0.08236125 -0.08014265 -0.07793449 -0.07573698 -0.07355037
 -0.0713749  -0.0692108  -0.06705832 -0.06491769 -0.06278914 -0.0606729
 -0.05856921 -0.05647828 -0.05440035 -0.05233564 -0.05028435 -0.04824671
 -0.04622292 -0.04421318 -0.04221769 -0.04023665 -0.03827024 -0.03631864
 -0.03438203 -0.03246057 -0.03055443 -0.02866377 -0.02678872 -0.02492944
 -0.02308605 -0.02125868 -0.01944745 -0.01765247 -0.01587383 -0.01411162
 -0.01236594 -0.01063685 -0.00892442 -0.00722871 -0.00554975 -0.00388759
 -0.00224224 -0.00061373]"
