sigma0re,sigma0im,beta0re,beta0im,mu0re,mu0im,beta1re,beta1im,sigma1re,sigma1im,mu1re,mu1im,alpha0,alpha1,b_star,corresponding_negative_eigenvalues
0.2,0.3,1,1.1,1.0,1.8000000000000043,1,1.1,0.2,0.3,-0.5,1.8000000000000034,0.0,0.0,"[0.22 0.23 0.24 0.25 0.26 0.27 0.28 0.29 0.3  0.31 0.32 0.33 0.34 0.35
 0.36 0.37 0.38 0.39 0.4  0.41 0.42 0.43 0.44 0.45 0.46 0.47 0.48 0.49
 0.5  0.51 0.52 0.53 0.54 0.55 0.56 0.57 0.58 0.59 0.6  0.61 0.62 0.63
 0.64 0.65 0.66 0.67 0.68 0.69 0.7  0.71 0.72 0.73 0.74 0.75 0.76 0.77
 0.78 0.79 0.8 ]","[-4.90805290e-03 -4.35946595e-02 -1.36019356e-01 -1.33426660e-01
 -1.30841282e-01 -1.28263253e-01 -1.25692589e-01 -1.23129288e-01
 -1.20573336e-01 -1.18024705e-01 -1.15483353e-01 -1.12949228e-01
 -1.10422267e-01 -1.07902398e-01 -1.05389539e-01 -1.02883602e-01
 -1.00384491e-01 -9.78921039e-02 -9.54063331e-02 -9.29270664e-02
 -9.04541876e-02 -8.79875769e-02 -8.55271118e-02 -8.30726671e-02
 -8.06241162e-02 -7.81813306e-02 -7.57441812e-02 -7.33125382e-02
 -7.08862714e-02 -6.84652508e-02 -6.60493466e-02 -6.36384299e-02
 -6.12323724e-02 -5.88310469e-02 -5.64343275e-02 -5.40420898e-02
 -5.16542107e-02 -4.92705691e-02 -4.68910454e-02 -4.45155223e-02
 -4.21438840e-02 -3.97760172e-02 -3.74118105e-02 -3.50511546e-02
 -3.26939426e-02 -3.03400696e-02 -2.79894331e-02 -2.56419329e-02
 -2.32974710e-02 -2.09559515e-02 -1.86172811e-02 -1.62813685e-02
 -1.39481246e-02 -1.16174629e-02 -9.28929856e-03 -6.96354932e-03
 -4.64013489e-03 -2.31897714e-03 -4.44089210e-16]"
