sigma0re,sigma0im,beta0re,beta0im,mu0re,mu0im,beta1re,beta1im,sigma1re,sigma1im,mu1re,mu1im,alpha0,alpha1,b_star,corresponding_negative_eigenvalues
0.2,0.3,1,1.1,1.0,1.2000000000000037,1,1.1,0.2,0.3,-0.5,0.10000000000000187,0.1,0.1,"[0.01 0.02 0.03 0.04 0.05 0.06 0.07 0.08 0.09 0.1  0.11 0.12 0.13 0.14
 0.15 0.16 0.17 0.18 0.19 0.2  0.21 0.22 0.23 0.24 0.25 0.26 0.27 0.28
 0.29 0.3  0.31 0.32 0.33 0.34 0.35 0.36 0.37 4.76 4.77 4.78 4.79 4.8
 4.81 4.82 4.83 4.84 4.85 4.86 4.87 4.88 4.89 4.9  4.91 4.92 4.93 4.94
 4.95 4.96 4.97 4.98 4.99 5.  ]","[-6.32711112e-05 -2.52100112e-04 -5.63521852e-04 -9.92556080e-04
 -1.53215773e-03 -2.17316330e-03 -2.90425003e-03 -3.71192997e-03
 -4.58060537e-03 -5.49271460e-03 -6.42899625e-03 -7.36889210e-03
 -8.29109502e-03 -9.17422691e-03 -9.99760596e-03 -1.07420388e-02
 -1.13905577e-02 -1.19290211e-02 -1.23465150e-02 -1.26355184e-02
 -1.27918365e-02 -1.28143346e-02 -1.27045289e-02 -1.24660974e-02
 -1.21043699e-02 -1.16258423e-02 -1.10377472e-02 -1.03476945e-02
 -9.56338748e-03 -8.69240899e-03 -7.74206941e-03 -6.71930590e-03
 -5.63062185e-03 -4.48205709e-03 -3.27918042e-03 -2.02709787e-03
 -7.30471325e-04 -2.26070539e-03 -5.50758662e-03 -8.77666504e-03
 -1.20680045e-02 -1.53816690e-02 -1.87177227e-02 -2.20762301e-02
 -2.54572558e-02 -2.88608646e-02 -3.22871215e-02 -3.57360917e-02
 -3.92078404e-02 -4.27024335e-02 -4.62199365e-02 -4.97604155e-02
 -5.33239366e-02 -5.69105663e-02 -6.05203710e-02 -6.41534175e-02
 -6.78097729e-02 -7.14895042e-02 -7.51926787e-02 -7.89193642e-02
 -8.26696282e-02 -8.64435389e-02]"
