sigma0re,sigma0im,beta0re,beta0im,mu0re,mu0im,beta1re,beta1im,sigma1re,sigma1im,mu1re,mu1im,alpha0,alpha1,b_star,corresponding_negative_eigenvalues
0.2,0.3,1,1.1,1.0,0.8000000000000034,1,1.1,0.2,0.3,-0.5,1.7000000000000033,0.1,0.1,[0.33 0.34 0.35 0.36 0.37 0.38 0.39 0.4  0.41 0.42],"[-0.03399484 -0.03024511 -0.02651177 -0.02279388 -0.01909054 -0.01540093
 -0.01172428 -0.00805987 -0.00440703 -0.00076515]"
