sigma0re,sigma0im,beta0re,beta0im,mu0re,mu0im,beta1re,beta1im,sigma1re,sigma1im,mu1re,mu1im,alpha0,alpha1,b_star,corresponding_negative_eigenvalues
0.2,0.3,1,1.1,1.0,1.400000000000004,1,1.1,0.2,0.3,-0.5,0.10000000000000187,0.1,0.1,"[0.01 0.02 0.03 0.04 0.05 0.06 0.07 0.08 0.09 0.1  0.11 0.12 0.13 0.14
 0.15 0.16 0.17 0.18 0.19 0.2  0.21 0.22 0.23 0.24 0.25 0.26 0.27 0.28
 0.29 0.3  0.31 0.32]","[-7.32980293e-05 -2.91922847e-04 -6.52040025e-04 -1.14717365e-03
 -1.76809129e-03 -2.50267009e-03 -3.33577407e-03 -4.24918473e-03
 -5.22163804e-03 -6.22902900e-03 -7.24484313e-03 -8.24085868e-03
 -9.18812754e-03 -1.00581897e-02 -1.08244140e-02 -1.14633074e-02
 -1.19556129e-02 -1.22870456e-02 -1.24485770e-02 -1.24362695e-02
 -1.22507395e-02 -1.18963757e-02 -1.13804509e-02 -1.07122445e-02
 -9.90225825e-03 -8.96156803e-03 -7.90132375e-03 -6.73238909e-03
 -5.46510040e-03 -4.10912081e-03 -2.67336604e-03 -1.16598166e-03]"
