sigma0re,sigma0im,beta0re,beta0im,mu0re,mu0im,beta1re,beta1im,sigma1re,sigma1im,mu1re,mu1im,alpha0,alpha1,b_star,corresponding_negative_eigenvalues
0.2,0.3,1,1.1,1.0,0.7000000000000033,1,1.1,0.2,0.3,-0.5,1.1000000000000028,0.1,0.1,"[0.36 0.37 0.38 0.39 0.4  0.41 0.42 0.43 0.44 0.45 0.46 0.47 0.48 0.49
 0.5  0.51 0.52 0.53 0.54 0.55 0.56 0.57 0.58]","[-3.00118938e-02 -5.07440868e-02 -4.82380859e-02 -4.57422425e-02
 -4.32564945e-02 -4.07807324e-02 -3.83148111e-02 -3.58585592e-02
 -3.34117864e-02 -3.09742893e-02 -2.85458562e-02 -2.61262703e-02
 -2.37153129e-02 -2.13127656e-02 -1.89184121e-02 -1.65320394e-02
 -1.41534391e-02 -1.17824079e-02 -9.41874870e-03 -7.06227045e-03
 -4.71278885e-03 -2.37012643e-03 -3.41126242e-05]"
