sigma0re,sigma0im,beta0re,beta0im,mu0re,mu0im,beta1re,beta1im,sigma1re,sigma1im,mu1re,mu1im,alpha0,alpha1,b_star,corresponding_negative_eigenvalues
0.2,0.3,1,1.1,1.0,-0.09999999999999742,1,1.1,0.2,0.3,-0.5,-1.7999999999999998,0.0,0.0,[0.01 0.02 0.03 0.04 0.05 0.06 0.07 0.08 0.09],"[-9.83456149e-05 -3.80065266e-04 -8.04792736e-04 -1.30431562e-03
 -1.78277719e-03 -2.12013620e-03 -2.18136227e-03 -1.83235451e-03
 -9.59941181e-04]"
