sigma0re,sigma0im,beta0re,beta0im,mu0re,mu0im,beta1re,beta1im,sigma1re,sigma1im,mu1re,mu1im,alpha0,alpha1,b_star,corresponding_negative_eigenvalues
0.2,0.3,1,1.1,1.0,-1.2999999999999985,1,1.1,0.2,0.3,-0.5,-1.1999999999999993,0.1,0.1,"[0.18 0.19 0.2  0.21 0.22 0.23 0.24 0.25 0.26 0.27 0.28 0.29 0.3  0.31
 0.32 0.33 0.34 0.35 0.36 0.37 0.38 0.39 0.4  0.41 0.42 0.43 0.44 0.45
 0.46 0.47 0.48 0.49 0.5  0.51 0.52 0.53 0.54 0.55 0.56 0.57 0.58 0.59
 0.6  0.61 0.62 0.63 0.64 0.65 0.66 0.67 0.68 0.69 0.7  0.71 0.72 0.73
 0.74 0.75 0.76 0.77 0.78 0.79 0.8  0.81 0.82 0.83 0.84 0.85 0.86 0.87
 0.88 0.89 0.9  0.91 0.92 0.93 0.94 0.95 0.96 0.97 0.98 0.99 1.   1.01
 1.02 1.03]","[-0.00063989 -0.00783654 -0.01590583 -0.02491516 -0.03495153 -0.0461286
 -0.05859804 -0.07256822 -0.08833735 -0.10635753 -0.12737456 -0.13347937
 -0.13127537 -0.12907844 -0.12688871 -0.12470634 -0.12253148 -0.12036429
 -0.11820494 -0.1160536  -0.11391042 -0.1117756  -0.10964931 -0.10753173
 -0.10542305 -0.10332344 -0.1012331  -0.09915222 -0.09708098 -0.09501959
 -0.09296823 -0.09092711 -0.0888964  -0.08687632 -0.08486705 -0.08286879
 -0.08088173 -0.07890608 -0.07694201 -0.07498973 -0.07304943 -0.07112129
 -0.06920551 -0.06730227 -0.06541176 -0.06353416 -0.06166964 -0.0598184
 -0.05798061 -0.05615643 -0.05434605 -0.05254963 -0.05076734 -0.04899934
 -0.04724579 -0.04550685 -0.04378267 -0.04207341 -0.0403792  -0.03870019
 -0.03703653 -0.03538834 -0.03375577 -0.03213893 -0.03053796 -0.02895297
 -0.02738407 -0.02583139 -0.02429501 -0.02277506 -0.02127161 -0.01978477
 -0.01831462 -0.01686124 -0.01542471 -0.0140051  -0.01260247 -0.01121688
 -0.00984838 -0.00849702 -0.00716284 -0.00584587 -0.00454615 -0.00326368
 -0.00199848 -0.00075056]"
