sigma0re,sigma0im,beta0re,beta0im,mu0re,mu0im,beta1re,beta1im,sigma1re,sigma1im,mu1re,mu1im,alpha0,alpha1,b_star,corresponding_negative_eigenvalues
0.2,0.3,1,1.1,1.0,1.1000000000000032,1,1.1,0.2,0.3,-0.5,1.0000000000000027,0.1,0.1,"[0.33 0.34 0.35 0.36 0.37 0.38 0.39 0.4  0.41 0.42 0.43 0.44 0.45 0.46
 0.47 0.48 0.49 0.5  0.51 0.52 0.53 0.54 0.55 0.56 0.57 0.58 0.59 0.6
 0.61 0.62 0.63 0.64 0.65 0.66 0.67 0.68 0.69 0.7  0.71 0.72 0.73 0.74
 0.75 0.76 0.77 0.78 0.79 0.8  0.81 0.82 0.83 0.84 0.85 0.86 0.87 0.88
 0.89 0.9  0.91 0.92 0.93 0.94 0.95 0.96 0.97 0.98 0.99 1.   1.01 1.02
 1.03 1.04 1.05 1.06 1.07 1.08 1.09 1.1  1.11 1.12 1.13 1.14 1.15 1.16
 1.17 1.18 1.19 1.2  1.21 1.22 1.23 1.24 1.25 1.26 1.27 1.28 1.29 1.3
 1.31 1.32 1.33 1.34 1.35 1.36 1.37 1.38 1.39 1.4  1.41 1.42 1.43 1.44
 1.45 1.46 1.47 1.48 1.49 1.5  1.51 1.52 1.53]","[-0.01555757 -0.03544742 -0.06388837 -0.12400631 -0.12240636 -0.12082684
 -0.11926714 -0.11772663 -0.11620473 -0.11470087 -0.11321449 -0.11174506
 -0.11029208 -0.10885503 -0.10743345 -0.10602687 -0.10463486 -0.10325698
 -0.10189283 -0.10054201 -0.09920413 -0.09787884 -0.09656578 -0.09526462
 -0.09397502 -0.09269667 -0.09142928 -0.09017255 -0.0889262  -0.08768997
 -0.08646359 -0.08524682 -0.08403943 -0.08284117 -0.08165184 -0.08047121
 -0.07929909 -0.07813527 -0.07697958 -0.07583182 -0.07469182 -0.07355942
 -0.07243445 -0.07131676 -0.0702062  -0.06910262 -0.06800589 -0.06691588
 -0.06583244 -0.06475547 -0.06368485 -0.06262045 -0.06156218 -0.06050992
 -0.05946357 -0.05842305 -0.05738824 -0.05635907 -0.05533545 -0.05431729
 -0.05330451 -0.05229704 -0.0512948  -0.05029772 -0.04930574 -0.04831879
 -0.0473368  -0.04635971 -0.04538747 -0.04442002 -0.0434573  -0.04249927
 -0.04154588 -0.04059707 -0.0396528  -0.03871303 -0.03777771 -0.03684681
 -0.03592028 -0.03499809 -0.0340802  -0.03316658 -0.0322572  -0.03135202
 -0.03045101 -0.02955415 -0.0286614  -0.02777274 -0.02688814 -0.02600759
 -0.02513105 -0.0242585  -0.02338992 -0.0225253  -0.0216646  -0.02080782
 -0.01995493 -0.01910592 -0.01826077 -0.01741946 -0.01658199 -0.01574832
 -0.01491846 -0.01409239 -0.0132701  -0.01245156 -0.01163678 -0.01082575
 -0.01001844 -0.00921485 -0.00841498 -0.00761881 -0.00682634 -0.00603755
 -0.00525244 -0.004471   -0.00369323 -0.00291912 -0.00214866 -0.00138184
 -0.00061867]"
