sigma0re,sigma0im,beta0re,beta0im,mu0re,mu0im,beta1re,beta1im,sigma1re,sigma1im,mu1re,mu1im,alpha0,alpha1,b_star,corresponding_negative_eigenvalues
0.2,0.3,1,1.1,1.0,-0.4999999999999978,1,1.1,0.2,0.3,-0.5,-0.7999999999999989,0.1,0.1,"[0.01 0.02 0.03 0.04 0.05 0.06 0.07 0.08 0.09 0.1  0.11 0.12 0.13 0.14
 0.15 0.16 0.17 0.18 0.19 0.2  0.21 0.22 0.23 0.24 0.25 0.26 0.27 0.28
 0.29 0.3  0.31 0.32 0.33 0.34 0.35 0.36 0.37 0.38 0.39 0.4  0.41 0.42
 0.43 0.44 0.45 0.46 0.47 0.48 0.49 0.5 ]","[-0.00017435 -0.00069721 -0.00156801 -0.00278545 -0.00434711 -0.00624868
 -0.00848284 -0.01103771 -0.01389458 -0.01702494 -0.0203867  -0.02391991
 -0.02754298 -0.03115131 -0.03462111 -0.03782083 -0.04062959 -0.04295677
 -0.0447548  -0.04601982 -0.04678214 -0.0470926  -0.04701016 -0.04659348
 -0.04589625 -0.04496531 -0.04384035 -0.04255448 -0.04113508 -0.03960473
 -0.03798201 -0.03628226 -0.03451816 -0.03270025 -0.03083731 -0.0289367
 -0.02700458 -0.02504618 -0.02306592 -0.02106756 -0.01905432 -0.01702895
 -0.01499383 -0.012951   -0.01090223 -0.00884905 -0.00679281 -0.00473467
 -0.00267565 -0.00061665]"
