sigma0re,sigma0im,beta0re,beta0im,mu0re,mu0im,beta1re,beta1im,sigma1re,sigma1im,mu1re,mu1im,alpha0,alpha1,b_star,corresponding_negative_eigenvalues
0.2,0.3,1,1.1,1.0,-0.2999999999999976,1,1.1,0.2,0.3,-0.5,-1.0999999999999992,0.1,0.1,"[0.01 0.02 0.03 0.04 0.05 0.06 0.07 0.08 0.09 0.1  0.11 0.12 0.13 0.14
 0.15 0.16 0.17 0.18 0.19 0.2  0.21 0.22 0.23 0.24 0.25 0.26]","[-0.00014229 -0.00056675 -0.00126599 -0.00222698 -0.00343001 -0.00484727
 -0.00644116 -0.00816261 -0.00994989 -0.01172878 -0.01341496 -0.01491941
 -0.01615674 -0.01705468 -0.01756232 -0.01765416 -0.01732928 -0.01660649
 -0.01551766 -0.01410137 -0.01239795 -0.01044621 -0.00828166 -0.00593572
 -0.00343561 -0.00080461]"
